k,0.1.1,7167
k12-ims-lti,1.2.4,744
k2-connect-ruby,2.0.0,9082
k2-demo,0.1.0,1914
k2e,0.0.2,4037
k2j,0.1.0,3495
k33l0r-redclothcoderay,0.3.5,14316
k3_capistrano,1.0.0,5362
k3cloud-sdk,0.4.3,2025
k3cms_blog,0.1.0,4781
k3_testing,0.0.2,7844
k4compiler,0.0.1,4337
k4slide,0.0.5,15751
k8-lib,1.0.1,4246
k8s,0.1.0,3028
k8s_ci,9001.0,2210
k8s-client,0.10.4,302341
k8s-client-renewed,0.13.0,7209
k8s_cms_scanner,0.1.0,1522
k8s-deploy,0.0.7,11234
k8sflow,0.13.0,38726
k8s-harness,1.0.0,2107
k8s-image-extractor,9001.0,2141
k8s_internal_lb,1.0.0,2477
k8s-io,1.0.1,500
k8s_kit,0.0.6,35968
k8s-ruby,0.16.0,307599
k8s-ruby2,2.0.13,6397
k8s-ssdeployer,9001.0,2141
k8s-template-validator,9001.0,2152
k8y,0.4.0,6297
k9s_kit,0.0.7.pre.pre7,11140
ka,0.1.0,4457
kabal,1.3.0,107405
kabari-dm-is-friendly,0.9.11,3634
kablam,0.3.9,53421
kablame,0.2.1,16189
kaboodle,0.0.1,4064
kaboom,0.3.3,11113
kabuki,0.0.3,7174
kabuki-escort-mission,0.1.0,3644
kabuki-heresy,0.1.0,3694
kabustation_client,1.1.0,228
kabuto,0.4.0,9219
kabutops,0.3.0,60716
kaca,1.1.2,6313
kacademic,0.5.8,1587
kach,0.0.1,195
kachikachi,0.1.0,9239
kaching,0.0.3,4407
KA-CHING,0.0.9,2250
ka-ching-client,0.5.1,2737
kadalu-binnacle,0.7.7,1577
kadane_san,0.1.0,7988
kadder,0.0.1,3990
kademlia,0.0,2372
kadim,0.4.0,15107
kadir,0.0.0,1893
kadmin,1.3.0,97517
k_admin,0.2.0,2256
kado_viewer,0.1.0,2390
kadryll,0.0.1,4586
kaede,0.2.0,6165
kaeruera,0.3.0,8546
kaerukeyword,1.0.0,4912
kaerus-component-slideshow,0.2.0,53204
kaesen,0.2.1,8696
kaffe,0.0.4,2595
kafka,0.5.2,56354
kafka-client-ruby,9001.0,2537
kafka-client-ruby-addons,9001.0,2474
kafka-clients-jars,0.10.2.0,23133
kafka-clients-jruby,1.0.0.pre8,16234
kafka_command,0.0.3,6939
kafka-consumer,0.1.3,11770
kafka_etl_base,0.0.9,17422
kafka-graphite-clients-jars,0.4.1,3038
kafka-jar,0.9.0.1,5310
kafka-jars,0.10.0.1,33411
kafka_logger,9001.0,1941
kafkalogue,0.1.0,3255
kafka_mailer,0.0.1,3508
kafka_notifier,1.0.0,7686
kafka-opentracing,0.4.0,7236
kafka-rb,0.0.15,110534
kafka_replicator,0.1.4,9910
kafka_rest,0.1.1,5065
kafka-rest,0.0.0,3409
kafka_rest_client,0.5.0,12270
kafka_rest_proxy_client,0.2.0,4219
kafka-rest-rb,0.1.0.alpha6,8591
kafka-retryable,0.2.2,8282
kafka_session,0.5.0,21507
kafka-shopify,9001.0,9439
kafka_syrup,0.9.0,3300
kafkat,0.3.0,144758
kafkat-onfocusio,0.3.2,4347
kafkr,0.22.0,1566
kafo,7.5.0,383659
kafo_module_lint,1.3.0,116087
kafo_parsers,1.2.1,200620
kafo_wizards,0.0.2,164612
kaf_processor,1.0.1,2017
kag,0.0.1,4453
kagami,0.1.5,15325
kage,0.9.2,10698
kagemusha,0.0.8,33073
kagerator,1.0.4,15375
kagetsu,1.0.0,2319
kageuchi,0.1.0,2493
kag-gather,1.5.11,125818
kagu,4.0.0,84717
kaguya,0.1.0,2593
kaho,0.1.0,249
kahuna,0.0.1,6881
kahuna_client,0.0.6,14910
kaibaibo,0.1.1,3309
kaibun_judgement,0.0.2,3756
kaicho,0.3.1,8858
kaidez,0.1.4,3428
kaigara,0.0.9,20584
kaimono,0.1.0,694
kairos,0.0.7,5990
kairos-api,0.0.2,6106
kairosdb,0.2.0,2905
kairos_rb,1.1,4145
kaiseki,1.3.2,61908
kaiser,0.6.4,26861
kaiser-ruby,0.8.1,24411
kaitai-struct,0.10,29329
kaitai-struct-visualizer,0.7,16496
kaiwren-patron,0.4.4,4731
kaiwren-wrest,0.0.8,10688
kaizan,0.0.3,7567
kaizen,1.0.6,2165
kaizen-cli,0.1.1,7101
kaizen_data,0.0.1,835
kaizoku,0.1.3,6506
kajabi-css_parser,1.2.7,4624
kajabi_parsley,0.1.1,152510
kajabi_theme,0.5.0,14485
kajacola,0.0.1,3509
kajam,1.0.3.rc2,2736
kajaprism,0.0.1,3537
kajian,0.1.2,2627
kajian-kajian_muslim,0.1.0,2175
kajiki,1.2.0,14227
kaka,1.0.0,4103
kakaocert,2.50.0,11414
kakao_msg,0.3.0,14753
kakao_push,0.1.7,18960
kakao_rest_api,0.9.8,10804
kakao-rest-api,0.9.2,5195
kakapo,0.0.0,4441
kakapo-notifier,0.0.0,5429
kaka-rails-settings,1.0.5,19089
kakari_musubi,0.1.0,1382
kakasi,1.0.2,99167
kakasi_parser,0.1.0,3311
kakaxi,0.0.5,10189
kakaxi_parse,0.2.5,8198
kakeibo,0.0.2,26143
kaki-lifegame,0.0.5,8208
kaki-lsystem,0.0.3,5157
kakimasu,1.0.0,2353
kakin,0.5.0,16404
kakine,0.7.0,48048
kaki-utils,0.1.15,41277
kakra-rvideo,0.9.6.12,27183
kakunin,0.1.0,2161
kakurenbo,0.2.3,33221
kakurenbo-puti,0.5.0,592031
kakutani-yaml_waml,0.3.0,14566
kakuyomu_agent,0.4.0,8585
kakuyomu_client,0.2.1,4911
kal,0.0.0,3707
kalah,0.1.0,3541
kalam,0.1.0,223
kala-rails,0.1,4183
kalari,0.0.1a,2278
kalc,1.7.0,76074
kalculator,1.0.0,27578
kale,0.0.4,11569
kalebkgem,0.0.2,4283
kalebr-pusher,0.6.1,3034
kalei,0.0.1,4254
kaleidoscope,0.0.1,4610
kalendae_assets,0.4.1,54001
kalendor,0.0.5,8428
kalenteri,0.1.1,4707
kali,0.0.3,6852
kalibera,0.1.2,28688
kalibro_client,5.0.0,63707
kalibro_entities,0.0.1.rc6,12979
kalibro_gatekeeper_client,1.0.0,41917
kalibro_gem,0.0.5,49729
kali-chef-deploy,0.2.5.2,10698
kalimba,0.0.2,6618
kalimba-redlander,0.0.2,6695
kalindar,0.3.0,15252
kalindar_cli,0.0.1,3341
kalipso,0.1.8,31883
kali-redis,0.1.1,4690
kalixa_api,0.1.3,5236
kalki,0.0.1,3571
kalkomey-rubocop,1.0.4,7867
kalman_filter,1.0.2,7094
kaltura,0.1.1,29647
kaltura_api,1.1,8416
kaltura_box,0.0.3,8195
kaltura-client,19.3.0,265914
kaltura_fu,0.2.1,29961
kaltura-ruby,0.1.1,8396
kaltura-ruby-client,1.0,3408
kalv-tfl-tube-stations,0.1.1,5683
kama,0.5.0,6761
kamakura,0.1.0,2138
kamal,1.4.0,134389
kamal-ancestry,1.2.4,4308
kamal-pickler,0.0.8,5657
kamal-railsbench,0.9.9.pre,2384
kamal-skiff,0.2.0,1331
kamal_ui,0.1.0,214
kamal-will_paginate,2.3.8,3332
kamara,0.1.0,2202
kamasutra,0.0.1,3301
kamaze-docker_image,0.0.5,2318
kamaze-project,1.1.0,9553
kamaze-version,1.0.2,6858
kamba_checkout,0.1.0,1903
kamba_signature_generation,0.1.3,6374
kamcaptcha,1.0.0,15804
kame,0.5.0,10807
kamel,0.2.0,15276
kamelcase,0.0.2,34559
kameleon,1.0.1,39785
kameleon-builder,2.10.11,144457
kameleoon-client-ruby,3.1.1,36522
kamelopard,0.0.16,40681
kamen,0.1.0,1647
kame-remocon,0.2.9,27386
kamerling,0.0.3,8280
kametori,0.0.4,15836
kami,1.0.0,2578
kamiflex,0.17.0,42004
kamifusen,1.11.2,36253
kamigo,0.33.0,62276
kamikakushi,0.0.5,12162
kamikaze,0.0.2,6626
kamila,1.0.2,8358
kamiliff,0.37.0,56440
kamilski81_lorem,0.0.2,6991
kaminari,1.2.2,174837793
kaminari-actionview,1.2.2,138448117
kaminari-activerecord,1.2.2,138623506
kaminari-admin-theme,0.0.1,4034
kaminari-api-meta-data,2.0.0,86469
kaminari-bootstrap,3.0.1,1965045
kaminari-bootstrap3,0.1.0,5467
kaminari-bootstrap-3000,0.3,5440
kaminari_bootstrap_paginator,0.1.0,8258
kaminari-cache,0.2.3,23712
kaminari-cells,1.0.2,216723
kaminari-core,1.2.2,141108719
kaminari-data_mapper,0.1.0,5581
kaminari-grape,1.0.1,1507607
kaminari-hanami,0.1.0,2422
kaminari-i18n,0.5.0,1960679
kaminari_indexing,0.0.2,2804
kaminari-jets,0.2.0,525
kaminari-jets-core,0.2.0,315
kaminari-logarithmic,0.0.4,9821
kaminari-mandatory_ordering,0.2.2,8215
kaminari-mongoid,1.0.2,6035144
kaminari-mongo_mapper,1.0.1,238799
kaminari-neo4j,0.0.4,66749
kaminari-nobrainer,0.1.0,10434
kaminari-rails4,0.15.0,4146
kaminari-rectify-query,0.1.0,1923
kaminari_route_prefix,0.1.1,183447
kaminari-rspec,0.16.1,35474
kaminari-sequel,0.2.0,7239
kaminari-sinatra,1.0.1,45438
kaminari-surface,0.1.0,3217
kaminari-views-bootstrap,0.0.2,3270
kaminari-xpagination,0.0.1,22063
kamino,0.2.1,9375
kamisama,0.1.0,9612
kamishibai,0.6.2,2018
kamisori,0.0.1,3642
kami-text,0.1.0,2857
kamk-pg,0.8.0.3,5699
kamome,1.0.0,6377
kampainer,0.2.0,4738
kamui,0.1.0,2846
kamukabi-kash,0.1.2,4466
kamusta,0.0.0,1566
kamu-wang,0.06,14645
kan,0.4.0,67152
kana,0.2.0,26634
kana_convert,0.1.5,8462
kanade,0.1.1,10388
kana-estimator,0.1.1,2087
kanagata,0.1.0,3084
kanakana,0.0.1,487
kanal,0.8.0,3683
kanal-interfaces-pachka,0.1.2,1023
kanal-interfaces-telegram,0.4.2,4593
kanalphabet,0.0.1,3554
kanal-plugins-active_record,0.2.1,816
kanal-plugins-batteries_bridge,0.1.1,753
kanal-plugins-user_system,0.3.3,2087
kaname,0.10.0,48740
kanamei-kanamei-keystone,0.0.13,15172
kanamei-keystone,0.0.27,57978
kanamei_log_formatter,0.0.1,4196
kana_row,0.1.1,6059
kanaui,4.0.1,42280
kana_validator,0.0.1,6220
kanaveral,0.1.0,3085
kanazawa_city-infra,0.0.3,9472
kanazawa_loop_bus,0.0.2,6635
kanban,0.9.6,15244
kanban_metrics,0.1.0,3628
kanbantastic,0.1.5,4363
kanbantool,0.0.1,3774
kanban_txt,0.2.0,11086
kanboard,0.0.1,3818
kancmd,0.1.4,11349
kandadaboggu-vote_fu,0.0.15,19824
kandalf-cdmon_updater,0.1.6,8136
kandan-count,1.1.1,15569
kandan-count-dev,1.1.1,12074
kandata,0.3.3,8963
kandianying,1.1.0,21411
kan_dian_ying,0.0.1,2938
kandr-easy_captcha,0.11.0,7978
kandr-pry-plus,1.1.0,1868
kandy_wrapper,0.1.1,4939
kang,0.1.0,20391
kangal,1.2.3,19575
kangaroo,0.0.3,14936
kangaru,0.2.4,1896
kang_devcamp_view_tool,0.1.0,2223
kango,0.1.0.0.9.2,11913
kangoroo_robot,0.0.3,5206
kang_view_tool,0.1.0,2038
kani_laser,0.1.2,5191
kanina,0.7.0,10042
kaninchen,0.1.0,2265
kanji,0.0.1,4154
kanji_chinese_converter,0.1.1,5498
KanjiConvertor,0.1.0,2431
kanjidic,0.4.1,5945
kanjidic2,0.0.1,2399
kanjidic2_parser,0.1.0,2376
kanji_master,0.3.4,20715
KanjiReader,0.1.0,4536
kanji_to_kana,0.0.1,3083
kanji_to_katakana,1.0.1,25174
kanji-web,0.3.1,10492
kankankan,0.0.2,3013
kankri,0.1.2,9015
kanmon,0.9.5,23933
kanna,0.0.4,6930
kannada_ruby,0.1.2,6998
kannel_client,0.0.2,2830
kannel_monitor,0.0.3,8989
kannel_rails,0.0.10,28602
kannel_status_hash,0.0.2,3508
kanoah_rspec_formatter,0.2.12,31782
kanoah_ruby,0.1.5,11555
kanocc,0.2.0,40113
Kanocc,0.1.0,8993
kanoko,0.3.3,34460
kanpachi,0.0.7,19059
kanpou-watcher,0.1.0,4695
kanren,0.0.1,3130
kanrisuru,1.0.0,103206
kanrisuru-core,0.1.0,215
kanrisuru-nginx,0.2.0,3273
kansas,0.9.1,4718
kanshi,0.2.1,16100
kansi_valid,0.0.13,14231
kanso-rails,1.0.0,3739
kansou,0.2.2,14217
kansu,0.0.1,2565
kansuji,1.0.1,5330
kansuji_to_number,0.1.0,1497
kansuu,0.0.5,13554
kant,0.0.6,10715
kantan-sgf,0.0.2,8290
kantox-chronoscope,0.7.4,40113
kantox-roles,1.2.1,2509
kantox-split,0.2.0,2606
kanwei-algorithms,0.2.0,3901
kanye,0.2.4,25954
kanzen,0.6.0,10771
kaodim-phony,2.15.51,4717
kao-files-client,1.0.3,9226
kaomoji,0.1.1,4383
kaomojis_list,0.1.6,770
kaoo,0.1.0,198
kaopun-search,0.0.1,1544
kapacitor-ruby,1.0.10,45350
kapchonka,0.0.2,5441
kapeka,0.1.6,3006
kapellmeister,0.9.7,16778
kAPI,0.0.2,7526
kapify,0.1.3,58729
kaplan,0.2.5,31808
kaplan_meier,0.2.0,11244
kapnismology,2.6.1,1446163
kapost-bootstrapper,1.0.7,35949
kapost_deploy,0.7.1,86717
kapow,0.4.0,4727
kappa,1.0.2,31070
KappaCUDA,1.5.0,18830
kappamaki,1.0.0,18312
kappa-maki,0.0.8,15274
kappa_toto,0.1.0,5871
kaprekar,0.0.2,3367
kaptcha,0.0.5.2,23162
kapten,0.1.3,5704
kapture,0.1.0,3371
karaage_posting,0.0.1,3104
karabiner,0.4.0,18707
karaden-prg-ruby,1.2.0,982
karafka,2.3.4,11091911
karafka-avro,0.2.0,2345
karafka-avro-parser,0.2.0,16046
karafka-core,2.3.0,6473191
karafka-enterprise,0.0.2,2565
karafka-pro,0.0.3,1759
karafka-rdkafka,0.14.10,5791887
karafka-sidekiq-backend,1.4.9,668602
karafka-testing,2.3.3,2482700
karafka-web,0.8.2,4115101
karafka-web-ui,0.0.0,2287
kara-gem,1.0.1,3601
karait,1.0.0,30098
karakuri,0.1.3,14993
karakuri_ai,0.1.0,7505
karakuri-bao,0.1.5,7258
karamzin,1.0.6,16341
karanja1victor_palindrome,0.2.0,906
karaoke,0.0.3,8079
KaraokeHellYeah,0.1.0,1776
kar_armst,0.0.1,3073
karas,0.0.1,4117
karashi,0.2.0,6949
karasi,0.1.0,3407
karasuba,0.0.4,10055
karate,0.1.0,3047
karatekit,0.1.0,1879
karel,0.1.0,4640
karel-interpreter,0.2.0,3452
karenc_test_gem,1.0.0,3877
karenina,0.0.3,9169
kar_eveodd,0.0.1,3053
karis_view_tool,0.1.0,1000
karkum_factor,0.0.1,3088
karl-autotest-growl,0.1.8,20046
karl-growl,1.0.6,12041
karl-loris,0.0.11,17594
karl_malone,0.0.1,3796
karma,0.1.5,1687
karma_count,2.7.0,20114
karmacrm,0.0.3,4222
karma_messages,0.1.6,18868
karma-rails,0.0.0,3656
karmasphere-client,0.6.4,4643
karmi-markout,0.1.7,19895
karnowski-ruby-warrior,0.0.1,3350
karo,2.5.2,79158
karolinska,0.1.2,5595
karottenreibe-ohash,1.0.1,8022
karottenreibe-qwicky,0.0.7,17526
karottenreibe-vim-syntax,0.1.1,12767
karotz,0.4.2,33993
karousel,0.10.0,24736
kar_pascal,0.0.1,3086
karper,0.1.0,1177
kar_primno,0.0.1,3014
kar_sqrcub,0.0.1,3043
karsthammer-dataset,1.2.0,3313
karsthammer-inherited_resources,1.2.2.1,21415
karsthammer-passenger,2.2.4,3277
karsthammer-validates_captcha,0.9.5a,2993
kart,0.4.2,10973
karta,1.1.0,4229
karthik-ruby-gmail,1.0.1,5973
kartograph,0.2.8,2296543
kartrace,0.1.0,2399
karumi-documentation,0.0.1,1964
karuns_view_tool,0.1.0,2244
kar_updwncase,0.0.1,3078
kasa,0.2.2,5547
kasabi,0.1.2,10923
kaschber,0.3.4,2618
kase,0.1.3,11535
kasefet,0.2.0,5355
kaseifu,0.1.0,3088
kasen,0.1.1,5325
kaseya,0.3.0,267887
Kaseya_Ruby_Codestyles,1.1.1,1843
kaseyaws,0.0.6,14756
kas-grpc,0.5.0,14725269
kash,0.0.1,3348
kashflow,0.0.3,11878
kashflow_api,0.1.1,19894
kashflow_soap,0.0.3,26884
kashi,0.1.4,10220
kashime,0.1.0,3106
kashi-vault,0.1.0,2281
kashiwamochi,0.6.2,39875
kashmatov_test,0.0.1,3564
kashmir,0.1.1,6503
kasikornbank,0.1.8,14537
kasket,4.14.2,214705
kasoba,0.0.3,14346
kaspay,0.1.2,9679
kaspersky-linux_fs,0.0.6,13915
kassa24,0.1.0,712
kassis_numbering,0.0.1,3032
kasten,0.1.0,3203
kastner-4gldb,0.1.0,3292
kastner-clarity,0.9.7,4697
kastner-dvd_fingerprint,0.0.2,3323
kastner-hasher,0.2.0,3309
kastner-kompress,0.0.8,19813
kastner-rack,0.3.186,5803
kastner-rack_gateway,0.1,3297
kastner-twitter-bot,0.1,3330
kasu,0.1.0,2891
kaszakin_palindrome,0.1.1,3282
kat,2.0.11,38425
kata,1.6.1,70948
kata-algorithms,0.3.0,8524
kataba,1.0.1,4388
katagami,0.1.0,2320
katagen,1.0.1,488
katakanaize,0.0.3,7245
katakana_validator,0.0.1,3458
katakata_irb,0.2.3,70772
katakuchi,0.0.1,3769
katalyst-basic-auth,0.4.0,2873
katalyst-content,2.3.2,8308
katalyst-govuk-formbuilder,1.9.0,7888
katalyst-healthcheck,0.5.2,6157
katalyst-html-attributes,1.0.1,1276
katalyst-koi,4.6.0,7898
katalyst-kpop,3.1.2,7380
katalyst-navigation,1.6.0,8745
katalyst-tables,2.6.0,9863
katamari,0.2.1,3782
katana,0.1.1,8124
katana_resource,0.7.4,4185
katana_stamp,1.1.0,13716
katapaty,1.1.1,39813
katapult,0.5.0,17707
katapult-ruby,0.0.5,471
katar,2.2.1,13228
katarina,0.1.2,5278
kata-temp,0.0.4,2020
katcp,0.1.10,25371
kate-get,0.1.5,19843
kateglo,0.0.0,2352
katello,4.12.0,338837
katello_api,0.0.8,22579
katello-foreman-engine,0.0.12,19892
katesql,9001.0,2270
katex,0.10.0,303067
katex2html,0.1.7,24282
katex-rails,0.0.1,3601
katgut,0.1.0,21574
kathy_lee,0.2.1,12665
kati,0.0.1,2444
katinguele,1.0.6,11333
katip,1.5.1,32863
katipo,0.1.3,8032
katipo-markup,0.1.3,5675
katipo-markup-html,0.1.3,5656
kato,0.1.0,4648
katoadhoc,1.0.2,5847
katoadhocexpress,1.0.10,23450
katoa_view_tool,0.1.0,2302
kato-cli,0.0.4,10715
kato-rb,0.0.2,6473
kat_search,1.0.2,7382
katsudo,0.0.4,9513
katsuya-rcov,0.9.7.1,4641
katsuyou,1.0.0,1990
katsuyoujin,0.0.3,11589
katte,0.0.1.3,3486
katte_hive_autodep,0.0.1,3469
kattr,0.0.2,6731
katuv,0.0.6,17634
katzil-capybara,0.3.8,4607
kaui,3.0.2,232253
kaupert,1.1.0,4268
kauperts_link_checker,0.5.1,9898
kauplus,0.1.3,13537
kaushal_view_tool,0.1.0,2381
kave,0.1.2,4652
kavenegar-ruby,1.0.0,2468
kave_rest_api,0.3.1.2,8836
kavlax,0.0.1,8182
kavu-prawn-core,0.4.100,5714
kawa,0.0.1,443
kawaii,0.1.1,7064
kawaii-api,0.0.4,3400
kawaii_association,0.1.0,2032
kawaii-core,0.2.2,10944
kawaii_email_address,0.2.0,113360
kawaii_text,0.1.0,2182
kawaii_validation,1.0.0,11244
kawana,0.0.0,3121
kawara,0.3.2,13929
kaya,0.0.14,31750
kayabot,0.2.0,33637
kayak,0.0.1,4931
kayakfares,0.0.1,4313
kayakoapi-ruby,1.1.1,9435
KayakoClient,1.2.1,59939
kayden_view_tool,0.1.0,2283
kayessess,0.4.0,52606
kaykay-vlad,1.2.0.1,3304
kayla,2.2.3,3864
Kaylie_view_tool,0.1.0,2338
KayShawn,14.0.0,2197
KayShawn_,13.0.0,5293
kayvee,0.0.2,4871
kazan,0.5.0,21502
kaze_client,0.4.0,7025
kazius-alerts,0.0.4,6981
kazjote-searchlogic,2.3.6,18727
kazkom_epay,1.5.0,12746
kaznachey_payments,0.9.7.7,3567
kazoo,0.0.6,14556
kazoo-client,0.1.0,2311
kazoo-rb,0.0.1,3982
kazoo-ruby,0.5.7,55492
kazoo-ruby-sdk,1.1.2,14975
kazucocoa_my_first_gem,0.0.0,3241
kazus,0.1.1,4731
kazutanaka-ttcluster,0.1.4,10381
kb,1.0.0.alpha.1,4499
kb-activerecord-jdbc-adapter,0.9.7.1,6546
kb-acts_as_revisable,1.1.1,9916
kballard-openri,0.2,5688
kballard-osx-plist,1.0.3,10669
kbam,0.4.5,18433
kbapibooks,0.5.0,2280
kbaum-cucumber,0.4.5.pre,2819
kbaum-mail,2.1.2.1,4671
kbaum-mongo,0.19,11006
kbaum-mongo_ext,0.19,11109
kbaum-munger,0.1.5.2,15501
kbaum-pickle,0.2.1.4,15341
kbaum-rails_sequel,0.2.2,8355
kbaum-rchardet,1.3,4831
kbaum-resque-priority,0.1,4520
kbaum-resque-retry,0.0.5.1,8087
kbaum-webrat,0.5.1,7555
kb-authlogic,2.1.7,4399
kb-bash,1.0.0.alpha.0,2302
kbbrandom,0.2.0,2544
kb-config,1.0.1,7493
kb-configurator,1.0.0,4981
kbe,0.2.4,13736
kbl,0.2.1,11114
kblog,0.0.4,12138
kbloom-Hebruby,1.2.2,3291
kb_palindrome,0.2.0,3615
kb-redstorm,0.6.6,9315
kbsecret,1.8.2,167725
kb-simple-metrics,0.0.13,6192
kbt,0.1.0,2050
k_builder,0.0.77,46752
k_builder-dotnet,0.0.10,2994
k_builder-package_json,0.0.11,8930
k_builder-watch,0.0.24,28489
k_builder-webpack5,0.0.5,7287
kbv2app,0.0.1,3622
kcache,1.0.1,8121
kcaco,0.0.2,7389
kcapifony,2.1.6,13948
kcar,0.7.0,31028
kcc-gem-theme,3.0.6,571206
kcc-gem-theme-core,0.0.3,2547
kcc-gem-theme-original,1.0.5,600
kcc-gem-theme-slim,0.1.0,3828
kcfu,0.1.0,2435
kch-dominion,1.0.0,51877
kch-git_remote_branch,0.3.0,3333
kch-rubycas-server,0.8.0.20090715,3343
kch-ya2yaml,0.29.1,4959
kcisneros_palindrome,0.1.0,1670
kckstrt,0.0.4,9465
kcl-rb,1.0.0,1866
kcluster,1.1.1,7461
kcna,0.3.0,5660
KCommercialPipeline,0.2.5.1,471
kcomp,0.1.2,9339
k_config,0.0.11,8980
k-configurable,0.1.1,4167
k_contactable,0.1.2,1866
kco_ruby,0.0.2,5546
kcrw,1.0.1,7350
kcrw_api,0.3.0,12193
kc-sdk-app,0.2.0,643
kc-sdk-company,0.1.0,628
kcs_view_tool,0.1.0,1670
kcu,0.8.0,13407
kcv,0.4.2,17719
kc_view_tool,0.1.0,2285
kcy1,1.0,2371
kcy_comfy_blog,2.0.7,2350
kcyEtsTest,2.2.19,4024
kcyEtsTest2,0.0.4,7353
kd,0.0.1,3107
kda_gem,1.0.6,20472
kdaigle-roast,0.0.7,12816
kdbook,0.1.1,16886
kdbx,0.2.1,5444
k_decor,0.0.7,4079
kdegettext,0.9.3,6213
kder,0.0.5,12082
kdict,0.1.3,4673
kdiff3,0.9.5,12525
k_director,0.16.7,42339
kdl,1.0.4,12189
kdmny-spree,0.0.1,3321
kdnuggets_roundup,0.1.0,2126
k_doc,0.0.38,34499
k_domain,0.0.38,15911
kdonaldson_string_gem,0.0.1,4146
kdonovan-aasm,1.0.1,3284
kdonovan-duns-lookup,0.0.3,10374
kdonovan-happymapper,0.3.7,9018
kdonovan-trufina,0.2.5,22280
kdtree,0.4,949922
kd_tree,0.1.2,6342
kd-tree,0.0.3,4478
kdwatch,0.5.7,12817
ke,0.2.0,10883
ke2daira,0.1.0,391
kea,0.0.0,3931
keal,0.2.0,733
kealy_cheese,0.3.0,4250
kealy_cms,0.0.5,17182
kealy_contact_form,0.0.1,4265
kealy_foobar,0.0.1,4263
kea-on-rails,0.6.5,22744
kea-rails,1.0.9,52158
keavy-contacts,0.2.9,5689
kebab,1.0.2,1957
kebab_remote_api,1.1.0,6199
kebapage,1.1.1,8661
keboola-gooddata-writer,2.0.0.pre3,6229
keccak,1.3.1,945701
keccak256,2.0.1,6102
keccak-pure-ruby,0.2.1,2438
kech,0.0.3,6992
ke_counties,0.0.3,498
kedama,0.1.3,57997
keeguon-actionwebservice,3.1.2,43666
keeguon-acts_as_versioned,0.7.4,11962
keeguon-geokit,1.6.6,3775
keeguon-ruby-ole,1.2.11.8,6265
keeguon-spreadsheet,0.9.3,3577
keeguon-yaml_db,0.2.4,3866
keel,0.1.7,12967
keen,1.1.1,1471924
keen-cli,0.2.4,42211
keen-csv,1.0.2,3778
keener,0.1.3,12047
KeeneysAwesomeViewTool,0.1.0,2286
keenser,0.0.7,16161
keep,0.0.3,11254
keepachangelog,0.6.1,119335
keepachangelog_manager,0.0.2,8514
keep_alive,0.0.1,3918
keepass,0.0.1,4239
keepasser,0.1.0,2068
keepasshttp,0.2.0,3490
keepass_kpscript,1.1.1,14711
keepass-password-generator,0.1.1,745356
keepass-static,0.1.1,7501
keepassx,1.1.0,18934
keepassxc,0.1.0,2283
keep_calm_and_balance,0.5,3963
keepclean,0.0.2.4,8597
keepcon,0.2.3,15537
keep_defaults,0.0.1,1978
keeper,1.0.0,4530
KeeperChallenge,0.0.4,10375
KeeperPat-feedupdater,0.2.7,5785
keepgoing,0.3.0,2592
keepify,0.2.0,6156
keepit,0.1.1,10774
keepitsafe,0.2.6,38741
keepr,0.8.0,23601
keep_running,0.0.4,4272
keepsake,0.0.1,3455
keeptesting,0.7.0,34958
keepthechange,0.3.0,11243
keep_up,0.11.0,28847
keepyourhead,0.2.2,11816
keeter_view_tool,0.1.0,2395
kefir,1.0.2,7826
kefka,0.0.6,18758
keg,0.1.0,2622
kegbot_api,0.0.1,3448
keigan,0.0.2,10097
keight,0.3.0,9426
keigo,0.0.5,17153
keiko,0,2214
keikokuc,0.8,34375
keima,0.0.2,4051
keisan,0.9.2,142970
keith,0.0.3,3785
keithmgould-delayed_job,1.7.1,4626
keithpitt,0.0.2,5609
keithsalisbury-subtrac,1.0.0,34271
kejot,0.1.2,4094
kek,1.1.0,9056
keka,0.5.0,36242
kekeewin,0.0.2,6220
kekipsum,0.1.0,5479
kekka,0.0.2,7041
kekkan,0.0.5,11635
keks,0.0.0,3145
kelbim,0.3.1,84099
kele,0.0.1,2497
kele_wyll,0.0.1,2072
kellerkind,0.2.1,8974
kellimohr_test_gem,0.0.0,3983
kells-rails,0.1.0,2596
kelly,0.0.1,3848
kellyfelkins-clearance,0.5.6,3304
KellyMahan-memcachedb-client,1.1.5,17642
kellyredding,0.0.1,3763
kellysutton-bliptv,0.1.1,5682
kellysutton-socketio-client,0.0.1,4349
kelp,0.2.5,56608
kelredd-activerecord-sinatra,0.2.2,5959
kelredd-gemsconfig,0.2.0,6952
kelredd-mailer,0.1.5,22944
kelredd-media-rss,0.0.2,7208
kelredd-pathsconfig,0.1.3,12138
kelredd-pruview,0.5.0,68629
kelredd-repository,0.2.7,20545
kelredd-resourceful,0.8.3,148569
kelredd-simple-gem,0.5.4,19371
kelredd-sinatra-helpers,0.3.0,77179
kelredd-sprockets-sinatra,0.2.2,9510
kelredd-useful,0.4.2,138722
kelredd-wesabe,0.1.1,8017
Kelsin-Kelsin-lilygraph,0.2.4,5706
Kelsin-lilygraph,0.5.6,36552
kelsotest,0.0.4,10654
kematzy-dm-is-published,0.0.3,5712
kematzy-dm-is-select,0.0.3,5612
kematzy-sinatra-cache,0.2.2,5649
kematzy-sinatra-ie6nomore,0.1.1,3325
kematzy-tasks,0.1.1,8325
kemen_foreigner,0.1,17942
kemen-ruby-odbc,0.1,4686
keminglabs-fox-rubby,0.0.4,11271
kemonomachi-wanko,0.4.2,2311
kempelen,1.0.6,13025
ken,0.2.1,21862
kenai_tools,1.0.1,10824
ken_all,0.4.0,107994
kenbak_palindrome,0.2.0,1269
kencharro,0.1.0,2792
kendama,1.0.0,33963
kender,0.9.0,232580
kendo-page-object-widgets,0.2.14,88445
kendoui-rails,0.1.1,52637
kenexa,0.0.2,4330
kenhirakawa-astrotrain,0.5.5,4579
kenhirakawa-googlecharts,1.5.3,8185
kenichi_nakamura,0.1,3659
kenji,1.2.1,36490
kenko,0.0.0,2134
kenma,0.1.0,1799
kenna,0.1.3,7121
kennedy,1.0.0,8289
kennel,1.150.0,448902
kenneth,0.0.2,4860
kennethkalmer-autotest-growl-remote,0.1.0,3296
kennethkalmer-daemon-kit,0.1.7.10,36514
kennethkalmer-postini,0.1.0,3323
kennethkalmer-ruote-amqp,0.9.21.1,7999
kennethkalmer-smsinabox,0.1.0,7997
kenneth_the_page,0.0.1,4001
kennitala,0.1.2,736
kenn-userify,0.1.9,22162
kenny,0.1.5,51557
kenny_dialoggins,1.0.8,50146
Kenny_guten_morgen,0.0.0,3366
kenny_speak,1.1.3,9872
keno,0.0.2,3322
kenpo_api,0.1.3,7981
kensa,3.1.0,288745
Kensei,0.0.2,3998
kenshoo,0.1.8,28552
kentaa-api,0.7.2,19450
kentaroi-nicome,0.0.3,5621
kentaroi-okayu,0.0.9,17579
kent-authlogic_rpx,0.1.0,4627
kentouzu,0.2.4,55467
kent-rpx_now,0.6.11,4645
kentucky,3.1.0,79123
kenui,3.0.2,11219
kenwaln-whatlanguage,1.0.6,13700
kenwiesner-adhearsioncw,0.8.3,3352
kenyacodes,1.0.0,4572
keoken,0.4.0,27672
kepi,0.0.0,4474
kepler,0.0.1,3670
keppler,2.1.22,53277
keppler_watson,0.1.1,3545
keratin-authn,1.0.4,60532
kerb,0.1.0,3397
kerbaldyn,0.8.1,9761
KerbalStuff,0.2.1,27193
kerberos,0.3,9103
kerberos_authenticator,0.0.7,15826
kerbi,0.0.17,45117
kerby,0.1.4,7467
kerfuffle,0.0.1,3565
kerio-api,1.0.0,14704
kerio-ical,0.0.1,4483
kermit,1.0.4,15875
kernaux,0.7.0,3698
kernel32lib,0.0.3,5026
kernel_assert,1.0.0,3964
kernel-boolean,1.0.1,1646
kernel-fetch_in,0.2.0,5535
kernel_hash,0.0.0,4637
kernel_let,1.0.0,4046
kernel-let,1.0.10,4108
kernel-symbol,1.0.0,1255
kernow-faker,0.3.4,8030
kernow-ruby-aaws,0.7.1,5693
kernul,1.0.0,4663
kerosene,0.1.21,4738
kerplutz,0.1.3,14173
kerryb-amazon-ec2,0.3.9,10434
kerryb-fakettp,0.2.4.1,19848
kerryb-httparty,0.4.4,11710
kerryb-net-ssh-socks,0.0.3,4297
kerryb-right_aws,1.10.2,17797
kerryb-right_http_connection,1.2.5,7224
keshav-actionwebservice,1.0.0,3954
keso,0.2.0,11203
kestrel-client,0.7.2,94844
kestrelrb,0.8.1,8325
ketan-mithril_rails,0.0.7,3417
ketchum,0.1.2,9085
ketchup,1.0.0,4654
kete_browserid,0.0.6,18898
kete-capistrano-configuration,0.2.0,10345
kete-feedzirra,0.0.20.1,14457
kete_gets_trollied,0.0.3,10254
kete-tiny_mce,0.1.0,3289
kete_trackable_items,0.0.1,4022
kete_translatable_content,0.1.1,7444
keth,0.1.0,1310
ketra,0.6.0,10365
ketsuban,0.3.0,6254
kettle-soup-cover,1.0.2,2084
kevinclark-nitpick,1.0.1,5684
kevincolyar-rbsync,0.1.0,3276
kevin_gem,0.0.1,453
kevinques,0.0.1,3072
kevinrutherford-reek,1.2.0,62577
kevins_propietary_brain,0.0.1,3326
Kevins-Studio-Game,1.0.0,4104
kevinthompson,0.0.1,3758
kevin_thompson,0.0.1,3750
kevintyll-kevins_string_extend,0.0.3,3355
kevintyll-ofac,1.1.11,31623
kevintyll-ssn_validator,1.0.3,15147
kevlar,0.0.0,3622
kevorkian,2.0.3,19378
kev_the_dev_mad_mimi_mailer,0.0.8,4593
kev_the_dev-mad_mimi_mailer,0.0.8,4632
kevwil-hellotxt,1.0.1,3328
kewego_party,0.0.1,4234
kewl_crypto,0.1.1,2594
k_ext-github,0.0.10,7724
key,0.0.2,2997
keybase,0.0.0,3973
keybase-core,0.1.7,8084
key_based_cache,0.1.1,2314
keybase-unofficial,2.1.0,46005
keybase-unofficial-api,0.1.0,7592
keybase-unofficial-core,1.0.0,5945
keybase-unofficial-local,0.6.0,26855
keybinder,0.0,2384
keyble,0.1.0,3801
keyboard,0.0.1,4436
keyboard_battle,0.0.5,12628
keyboard_convertor,0.2.1,18062
keyboard_distance,0.0.1,4198
keyboardjs-rails,0.4.1,6825
keyboard_map,0.2.0,5591
keyboard_reactor,0.0.6,7011
keybox,1.2.1,19446
keybreak,0.3.0,8728
key_cache,0.0.4,8085
keycard,0.3.4,25063
keycase,1.0.2,2116
keycdn,0.1.1,23932
keychain,0.2.3,18711
keychain_manager,0.0.1,5134
keychain_osx,0.0.2,6763
key_change,2.0.0,7221
keycloak,3.2.2,323088
keycloak_3scale_users,1.0.0,383
keycloak-admin,1.1.1,132546
keycloak-api-rails,0.12.2,86250
keycloak-connect-ruby,1.0.0,200
keycloak_oauth,2.0.2,26292
keycloak-openid-connect,0.1.1,1843
keycloak_rack,1.1.1,4523
keycloak_rails,1.0.0,2543
keycloak-ruby,1.0.1,3368
keycloak-ruby-client,0.0.20,28527
keycodes,0.0.2,7493
key_control,0.0.7,21217
keycounter,0.1.5,21739
keycutter,1.0.2,58998
keyczar,0.0.1,4067
keyczar-jruby,0.0.3,10109
keyczar_ruby,1.0.0,44129
key-db,5.0.0,80537
keydb-copy,22.0.0,1042
key_dial,1.2.0,5950
keydown,0.9.2,29187
keyed_archive,1.0.0,7317
keyevent,1.0.0,4152
key_flatten,1.0.0,83431
keyhit_first,1.0.0,2119
keyhit_pain,1.0.1,1938
keyhole,0.1.7,32291
KeyholeIO,0.2,7525
key-installer,1.1,4535
keyless,1.2.0,172469
keylime,0.3.0,19012
keylogger,0.0.2,1751
keymail,0.3.1,17970
keymaker,0.1.0,31578
keyman,1.1.1,6619
keymap,0.3.2,15557
key_mapable,0.6.0,10070
keymaster,0.0.6,4723
keymaster-rails,1.0.2,29230
keyme-fingerprint,0.0.7,6444
keyme-rice,1.5.1.keyme1,4647
key_metrics,0.0.2,6048
key_mirror-ruby,0.1.1,1892
keynote,1.1.1,545736
keynote-client,0.1.2,12155
keynote_driver,0.0.3,10470
keynote-extractor,0.1.1.1,4242
keyp,0.0.7,15882
Keypad,1.0.1,13408
keypairs,1.3.3,12108
key_path,1.2.0,66086
keypay_api,0.1.0,2242
keyper,0.2.0,4274
keyphrase,0.2.3,1773
keypic,0.0.1,3616
keyrack,0.3.2,38634
keyremac,1.0.0,8687
keyring,0.4.1,49332
keyring-kwallet,0.1.0,4338
keyrod,1.0.1,3641
key_set,1.0.0,2324
keyslime,0.1.0.pre,1855
keyslime-client,0.1.0.pre,1765
keyslime-common,0.1.0.pre,1762
keyslime-server,0.1.0.pre,1763
key_smith,0.0.2,8297
keysms,0.0.2,8255
keystok,1.3.0,13632
keystone,0.0.32,14934
keystone-engine,0.9.0,8802
keystone_image,0.0.3,9443
keystone-sass,0.1.0,4210
keystorage,0.5.7,46013
keystore,0.3.0,6142415
key_store,0.1.1,10908
keystores,0.4.0,207328
keystroker,0.3.1,10734
key_struct,0.4.2,1594783
keytaker,0.1.2,4160
keytar,1.5.3,199149
keytechkit,1.2.0,14394
keyth,0.3.2,15054
key_tree,0.8.0,27838
keyuri,0.0.0,2203
keyutils,0.1.0,2806
keyval,0.0.1,4109
keyvalue,0.1.1,4534
key_value,0.4.4,43066
key_value_chain,0.0.0,2000
key_value_checker,0.1.0,2466
keyvaluecoding,0.0.1,4038
key_value_ext,0.0.3,4585
keyvalue-kubernetes-configmap,1.0.1,3470
key_value_logging,0.0.2,6650
key_value_model,9001.0,1751
key_value_name,0.0.1,2391
key-value-parser,0.0.2,6875
keyvaluetree,0.0.7,16782
key-vault,0.0.1,60896
key-vortex,1.1.1,3706
key_vortex-contract,1.0.0,2385
key_vortex-stashify,1.1.0,1634
keyword,1.0.3,9786
keyword_argnize,0.1.0,2016
keyword_arg_time,0.0.1,3468
keyword_arguments,0.1.1,15558
keyword_builder,1.0.0,8396
keyword_curry,0.0.3,8714
keyword_filter,0.1.1,3587
keyword-filter,0.1.5,20558
key-word-filter-on,0.0.3,9420
keyword_finder,0.3.1,19265
keyword_hash_builder,0.0.4,7600
keyword_init,1.5.0,31487
keyword_matcher,0.7.0,22865
keyword_parameter_matchers,1.0.1,5483
keyword_params,0.0.1,4257
keyword_prospector,0.8.1,8308
keyword_ranking,1.1.2,22059
keyword_rankr,0.0.3,6954
keyword_replacer,0.1.0,1858
keyword_search,1.5.0,157895
keyword_search_yjchen,1.5.0.1,6427
keywords_everywhere,0.1.0,487
keyword_struct,1.0.0,2465
keywork,0.0.1,3588
kf5,0.4.0,14379
kf5_api,0.1.6,12181
kffpt,0.0.0,3308
k_fileset,0.0.7,4074
kf-jquery-fileupload-rails,1.0.1,5979
kfold,0.4,11015
kfriendly,0.0.2,5751
kgallant90_palindrome,0.2.0,3105
kgb,1.0.1,10657
kgbhomeAPI,0.1.0,4185
kgem,0.1.9,35960
kgestpay,0.2,10738
kgio,2.11.4,104779600
kgio-sendfile,1.2.1.1,3419
kgl,0.0.2,3909
kgmusic,0.1.0pre20161108,26857
kg_phone_number,0.1.0,2560
kgrift,1.3.108,2768
kgs_simple_gem,0.0.1,378
kh2hc,0.0.1,398
khaleesi,0.1.0,3329
khalidkhalil_view_tool,0.1.0,2073
khall-metric_fu,1.0.2.2,5633
khalsah-should_be_restful,1.0.0,3337
khalsah-spiffy-generators,0.2.0,3297
khalti,0.2.1,11367
khammurabi,0.2,4674
khanh,0.0.8,1334
khanolorize,0.0.1,3222
Kharites-tools,0.2.0,11847
kharon,1.1.1,29759
khayyam,0.0.1,4687
khelben-autotest-rails,4.1.2,8189
khelben-daemon_generator,0.1.1,3413
khepri_connector,0.2.0,6185
khetai,0.1.8,2840
khiekmann-github-io-layout,0.1.5,2451
khipu,1.3.5,20823
khipu-api-client,2.9.1,59208
khipu-chaski-api-client,1.1.2,9093
khipu-rails,1.3.0,7174
khiva,0.2.1,6852
khkoether-string_extend,0.0.3,3302
khl,1.4.0,5548
khoa_air1,0.1.0,180
khoj,0.0.1,4129
kh-portfolio,0.1.5,4262
khrl,0.0.6,14465
khronos,0.1.4,50447
khronotab,1.5.0,11302
ki,0.4.12,69531
kia,0.0.4,11321
kiba,4.0.0,1208564
kiba-common,1.5.0,418316
kiba-legacy-cli,1.0.0,4280
kibali,0.3.1,12503
kibana_logger,1.0.3,6339
kibana-rack,0.2.0,52401
kibana-sinatra,3.1.2.0,58360
kibana_url,1.0.1,435940
kiba-plus,1.0.0,40117
kiba-pro,0.0.0,3793
kiba-uncommon,0.3.0,5006
kibi,0.0.3,10446
kibiz0r-rspec-rr,0.1.0,4550
kibo,0.4.8,46091
kibo-rb,0.1.5,10807
kibosh,0.1.0,4585
kibou,0.2.1,9916
kibutsu,1.1.0,11552
kibuvits_ruby_library_krl171bt4_,2024.1.26,221
kic,0.0.1,3339
kichi,0.2.0,2362
kick,0.0.8,20304
kick_ahead,0.1.2,5296
kickass,0.1.0,2522
kick-ass,0.0.1,3475
kickbox,2.0.5,1284890
kickbox-1.0.5,1.0.5,4870
kickboxer,0.0.1,4198
kickbox_rails,1.0.1,5518
kicker,3.0.0,157636
kickfire,0.0.02,2427
kickin_ristretto,0.1.2,5042
kickjack,0.0.2,9422
kickoff,0.0.2,4184
kickoff_rails,0.0.6,11812
kickplan-sdk,0.1.0,244
kickrb,0.0.1,250
KickRuby,0.0.2,677
kickscraper,0.2.4,13834
kickscraper-snow,0.2.2,3079
kickstapi,0.2.5,26011
kickstart,0.2.2.1,11996
kickstarter,0.0.3,7660
kickstarter_curl,0.0.2,5872
kickstartgem,0.0.1,4116
kickstart_rails,3.1.2,260546
kickster,2.2.0,42857
kickstrap_rails,0.9.0RC,2706
kick_the_tires,0.0.2,5329
kid80-biggs,0.1.6,5637
kid80-cijoe,0.2.2,15564
kidomath,1.0.0,4059
kids,0.2.0,5032
kiel,0.5.4,27820
kielbasa,0.0.1,3888
kielce,2.0.7,7312
kienaide,0.0.1,3136
kieran-dm-is-slug,0.9.11,3344
kieran_gem,10.0.0,19360
kieranj-asterisk-manager,0.1.0,3324
kieranj-currency_source,0.0.1,3305
kieranj-google-local-search,0.2.2,10365
kieranj-imdb,0.0.5,3307
kieranj-kapow,0.3.0,10429
kieranj-nzb,0.0.1,3330
kiev,4.9.0,131834
kifla,0.0.3,8283
ki_format,0.0.6,9735
kift_view_tool,0.1.0,2378
kigo,0.0.4,10546
kigotho_basic,0.1.0,1978
kiik,0.2.3,29707
kiik-api,0.1.9,7947
kiio_labs_view_tool,0.1.0,2273
kiip,0.1.4,10950
kiita,0.1.1,6906
kiji,0.3.0,269245
kijirest-client,1.0.0,9397
kijkwijzer,0.2.0,13064
kik,0.1.0,2754
kikambii,0.0.2,4212
kikeru,0.0.2,6563
kiki,0.1.1,4313
kiki_gem,0.0.0,3887
kikito-calendar_date_select,1.0.2,8118
kiko-minus,1.0.5,17749
kiko-minus-gh,0.0.3,6086
kik-rails,0.0.1,3738
kikubari,0.1.0,11495
killall,0.1.0,2491
killbill,9.4.1,229310
killbill-assets-ui,0.1.2,698
killbill-avatax,3.0.2,19110
killbill-bitpay,0.0.1,3272
killbill-braintree_blue,0.3.1,12812
killbill-catalog-ruby-plugin,0.3.0,6264
killbill-chartmogul,0.0.1,2447
killbill-client,4.0.2,290772
killbill-currency-plugin,3.0.0,30511
killbill-currency-plugin-test,4.0.1,20456
killbill-cybersource,5.2.7,64740
killbill-deposit,1.0.2,6327
killbill-entitlement-test,0.3.0,8014
killbill-firstdata_e4,0.2.0,4714
killbill-helloworld,4.0.0,12958
killbill-invoice-test,0.3.0,10684
killbill-kpm,1.3.0,33530
killbill-kpm-ui,3.0.2,13518
killbill-litle,5.0.0,106270
killbill-notification-test,4.0.0,48909
killbill-orbital,0.1.18,36195
killbill-payment-control-test,0.2.0,4685
killbill-payment-test,6.0.0,92565
killbill-payment-test-ui,3.0.2,12176
killbill-paypal-express,6.0.0,155143
killbill-payu-latam,0.3.0,11532
killbill-securenet,0.2.0,4669
killbill-stripe,6.0.1,35914
killbill-zendesk,3.0.1,45953
killer_frost,0.1.0,2397
killergem,1.2,8149
killer_queen_scene_scoring,1.0.0,17679
killer_rspec_rack,0.0.1,4259
killian-aasm,2.0.9,10422
killian-killian-aasm,2.0.7,3302
killnfd,1.0.2,5025
kill_process,0.2.0,7900
killrails,0.0.2,6051
killshot,0.0.4,6604
kill_shotgun,0.3.1,8455
killsite,0.3.0,10751
kill_switch,0.2.0,3206
kilocalorias_by_alu0100832211,0.1.0,2157
kilometer-ruby,0.1.3,8694
kilo-test-gem,0.1.0,3078
kilroy,0.1.0,6781
kilt,0.5.1,27171
kilt-cms,1.1.0,49344
kilya,0.0.9,8430
kilza,1.0.7,13448
kim,0.0.11,36341
kimaya,0.1.3,2227
kimble,0.0.3,4263
kimchi,0.0.13,29517
ki_middleman,1.0.0,37552
kim-logger,0.0.2,7700
kimmy-site-theme,0.1.1,3576
kimoby,0.0.1,1981
kimono,0.1.1,5040
kimonolabs,0.0.3,7398
kimono-platform,1.0.0,3769
kimotter,0.1.2,41933
kimquy_algo,0.0.4,11956
kimsufi-availability,1.0.1,5796
kim-toms-starling,1.0.0.1,5703
kimurai,1.4.0,154146
kimurai-dashboard,0.1.2,5258
kimurai_dynamic,1.4.1,1859
kin,1.0.0,4380
kinabo,0.5.0,11809
kinata,0.2.0,13193
kinbote,0.0.3,11693
kinchan,0.3.0,4981
kind,5.10.0,179550
kinda,0.1.0,2440
kindable,0.0.4,14327
kinda-composable,0.0.8,15144
kinda-core,0.0.5,10519
kindah,0.0.4,11600
kinda-hookable,0.0.4,8028
kindai,2.8.0,90910
kinda-kinda-test,0.0.4,3324
kindara-client,1.0.0,2511
kinda-test,0.0.3,8016
kind_dom,1.0.1,41063
KindDom,0.9.0,4708
kindeditor,0.0.3,9815
kindee,0.1.1,2179
kindergarten,0.2.1,14990
kinde_sdk,1.2.3,3461
kindle,0.7.0,33811
KindleCG,0.0.3,9316
kindleclippings,1.4.0,50230
kindle-drm,0.13.0,26138
kindle-feeds,1.0.6,26695
kindle_fortune,0.0.1,2176
kindlefs,0.1.1,7102
kindlegen,3.1.1,136199
kindle_hacks,0.1,4769
kindle_highlights,0.1.0,5934
kindle-highlights,2.0.1,31649
kindle_highlights_api,0.3.1,15103
kindlemail,0.2.8,28891
kindle_manager,0.9.0,31148
kindle-notebook,0.3.1,1019
kindler,0.5.0,88101
kindlerb,1.2.0,979775
kindle_strip,0.0.2,6812
kindle_util,0.5.0,3927
kindling,1.0.1,27339
kindly,0.1.5,16036
kindly-rb,1.0.1,2275
kind-rb,0.1.0,29749
kindred,0.0.6,16314
kindred-rails,0.0.6,12354
kindrid_client,0.0.2,3406
kindtap-platform-ruby,0.1.0,1099
kinect,0.1,4494
kinectable,0.0.1,4033
kinectaby,0.0.1,4539
kinescope,0.1.0,2811
kinescope-rb,0.5.1,2895
kinesis,0.1.0,4771
kinesis-aggregation,0.1.0,1600
kinesis_cat,0.1.0,3286
kinesis_firehose_batcher,0.0.1,13387
kinesis_stream_reader,0.1.0,2834
kinesis-stream-reader,0.1.0,2796
kinesis-tools,0.1.0,2854
kinetic,0.0.5,13684
kineticac-amazon-ecs,0.5.5,3346
kinetic_cafe_error,1.12,40111
kinetic_energy,0.0.1,3192
kinetic-ruby,0.6.4,42124
kinetic_sdk,5.0.26,48642
kinetosis,0.0.2,11020
king,0.0.1,3815
king_dtaus,2.0.4,186395
kingfisher,0.0.1,2353
king_hmac,1.0.1,8267
king_konf,1.0.1,18101911
kingkong,1.0.2,25599
king_of_time,0.2.3,16326
kingpin,0.7.1,20803
king_placeholder,2.0.0,21615
kingpong-bitwise_string_ops,0.1.4,8195
kingpong-ruby-mcrypt,0.1.0,4066
kingsly_certbot,0.2.0,3402
kingsly-certbot,0.3.2,6824
kingsman,0.1.1,941
king_soa,0.0.6,22397
king_tokens,2.1.0,19435
king_tut,0.0.1,3465
king_views,1.2.0,49100
kinit,0.1.9,39547
kinja,0.0.23,48183
kinksync,0.1.0,2346
kinn,0.0.2,1069
kinney,0.1.1,14470
kinokero,0.0.5,3268
kinomax_parser,0.1.0,3097
kinopoisk,0.0.3,8081
KinopoiskAPI,0.9.9,9158
kinopoisk_parser,2.2.4,35587
kintama,0.2,37261
kinto_box,0.2.1,27106
kintone,0.1.5,168563
kintone-client,0.1.6,18424
kintone_notifier,0.0.3,5671
kintone-oauth-extension,0.2.2,3143
kintone_rb,1.0.1,33882
kintsugi,0.7.5,37250
kinu,2.0.2,54166
kioku,0.1.2,16837
kiosk,0.3.7,37112
kip,0.1.0,3468
kipalog,0.1.0,3496
kipalog_api,0.1.1,1962
kipatra,0.1.2,7146
ki_pivotal,0.0.8,25739
kippt,3.1.0,32471
kipu_translations,0.0.1,3242
kiq,0.1.9,7893
kiqit,2.4.0,39893
kiqstand,1.1.0,144536
kiq_tock,0.1.2,4538
kira,0.2.0,3124
kiran_hola,0.0.0,3565
kiranmeduri-rmbd,0.1.1,8073
kirby,4.2.2,19280
KirbyBase,2.6.1,30947
KirbyDance,1.0.2,7074
kirchhoff,0.0.3,6934
kirei,0.2.1,1112
kireikirei,0.1.0,3086
kirel-data-uri,0.0.2,3340
ki-repo,0.1.2,9412
kirgudu_base,0.0.25,56902
kirgudu_common,0.0.1,3258
kirgudu_refs,0.0.9,18416
kirgudu_sso,0.0.2,5635
kiriban,0.1.0,78055
kiriban_getter,0.1.2,6864
kirico,1.0.5,92272
kirigami,0.4.5,9070
kirillica,0.1.3,6297
kirin_http,0.1.1,3548
kirinnee_core,0.2.1,4972
kiriya_honey,0.0.5,8418
kirk,0.1.8,36779
kiro-omniauth-ldap,1.0.8,9684
kiro-ruby-sasl,0.0.4.1,5167
kirtanp8_video_palindrome,0.2.0,3208
kisaten,0.1,3505
kisaweb,0.0.10,37060
kisel-test,0.0.1,3200
kishore_casino,0.1.0,2941
kishors_view_tool,0.1.0,1991
kis_http,0.2.1,9526
kishu,1.0.4,12310
kisi-client,0.1.1,4905
kisko-suits,0.2.2,13968
kismet,0.1.1,3384
kismet-gpsxml,0.2.0,10442
kismet_to_kml,0.0.1,237
kiso_themes,1.0.2,1019
kiss,1.8.9,80841
kissable,1.0.1,5953
kiss_amazon_mws,0.0.2,6439
kissfft,0.0.2,10110
kissgen,0.0.3,11704
kissifer-filter-url-by-remote-user,0.0.2,3369
kissifer-hash-persistent,0.3.2,19850
kissifer-json-attributes,0.0.0,3308
kissifer-rack-accept-only,0.1.0,3289
kissifer-rack-application-json-to-text-json,0.1.0,3302
kissifer-rack-guest-list,0.0.0,3315
kissifer-rack-http-for-objects,0.0.0,3298
kissifer-rack-reflect-env,0.1.2,3321
kissifer-rack-safe-deposit-box,0.0.0,3306
kissifer-rack-ticket-office,0.0.1,3283
kissifer-sinatra-options-route,0.1.0,3322
kissifer-sinatra-response-header-helpers,0.1.2,3398
kissifer-utils,0.0.1,3276
kissmetrics,2.0.0,57831
kissmetrics_rails,0.0.1,4040
kiss_shot,0.1.1,4905
kiss-tnc,3.0.0,9275
kisyo,0.1.1,8769
kit,1.2.0,57446
kita,0.9.5,21270
kitabu,3.1.0,59957
kitamomonga-mechanize,0.9.3.20090724215219,3308
kitc,0.1.1,6528
kitcat,1.2.0,16461
kitchen,0.0.3,83465
kitchen-ansible,0.56.0,989776
kitchen-ansiblepush,0.11.0,649487
kitchen-appbundle-updater,0.2.3,25515
kitchen-azure,0.1.0,3684
kitchen-azurerm,1.13.0,204222
kitchen-azure_vm,0.1.0.beta,2061
kitchen-binding,0.2.2,7991
kitchen_blame,0.7.1,15913
kitchen-bluebox,0.6.2,12125
kitchen-cabinet,3.0.0,20690
kitchen-centurylink,0.1.6,14011
kitchen-cfengine,0.0.5,5457
kitchen-chef-extended-attributes,0.2.0,5699
kitchen-chef-monorepo,0.0.1,2464
kitchen-chef_zero_berks_env,1.2.0,14224
kitchen-chefzero-nodes,1.0.5,12781
kitchen-chocolatey,0.1.8,12637
kitchen-cloudformation,1.5.2,25171
kitchen-cloudstack,0.24.0,47325
kitchen-config,0.2.0,5022
kitchen-digitalocean,0.16.0,242237
kitchen-digital_ocean,0.4.0,5982
kitchen-docker,3.0.0,3358153
kitchen-docker_adv,0.0.2,6529
kitchen-docker-api,0.4.0,19451
kitchen-docker_cli,0.19.0,142817
kitchen-docker_ssh,0.1.3,20281
kitchen-dockerwin,0.1.2,6320
kitchen-dokken,2.20.4,1188504
kitchen-driver-sakuracloud,0.1.3,8928
kitchen-driver-vagrant_provision,1.0.0,7005
kitchen-dsc,0.12.0,58017
kitchen-ec2,3.18.0,2051742
kitchen-encrypt-databags,0.2.0,13058
kitchen-environment,0.1.5,15273
kitchen-fifo,0.1.0,3896
kitchen-fog,0.7.3,18331
kitchen-gce,0.2.0,22510
kitchen-gogetit,0.2.2,3248
kitchen-gogetkitchen,0.4.1,26617
kitchen-goiardi,0.1.1,5903
kitchen-google,2.6.0,795696
kitchen-google-as,1.2.0,2319
kitchen-goss,0.1.1,40942
kitchen-habitat,0.12.1,37523
kitchen-habitat-config,0.8.1,4985
kitchen_hooks,2.1.1,146506
kitchen-hyperv,0.10.0,84077
kitchen-inspec,2.6.2,2582806
kitchen-inspector,1.3.0,13788
kitchen-itamae,0.2.4,27527
kitchen-joyent,0.2.2,18745
kitchen-k8s,0.9.8,6905
kitchen-kerberos,0.4.0,7317
kitchen-kubernetes,1.0.0,8259
kitchen-libvirtlxc,0.4.0,12288
kitchen-linode,0.15.0,28392
kitchen-local,0.0.1,7262
kitchen-localhost,0.3.0,52672
kitchen-lxc,0.1.4,19728
kitchen-lxd,0.3.0,35063
kitchen-lxd_api,0.0.2,4795
kitchen-lxd_cli,2.0.2,68268
kitchen-lxd_sling,0.5.8,19786
kitchen-machine,0.1.0,2841
kitchen-marathon,0.1.0,3702
kitchen_measures,0.1.0,3239
kitchen-microwave,0.7.1,33027
kitchen-nodes,0.9.1,83166
kitchen-nodes-fqdn,0.4.1,3526
kitchen-nodes-lobatoa,0.10.0,2069
kitchen-nodes-scalp42,0.10.0,20190
kitchen-oci,1.19.0,36522
kitchen-opennebula,0.2.3,13002
kitchen-openstack,6.2.0,312899
kitchen-openvz,0.2.7,2786
kitchen-oraclecloud,1.2.0,7104
kitchen-pester,1.2.0,64387
kitchenplan,2.1.18,48258
kitchen-policyfile-nodes,1.2.2,15996
kitchen-poolsclosed,0.0.0.2,4199
kitchen-propeller,2.0.4,7354
kitchen-provisioner-local_shell,0.1.0,7142
kitchen-pulumi,0.2.0,7808
kitchen-puppet,3.7.0,564789
kitchen-puppet-hierawriter,0.7.1,2704
kitchen-qemu,0.2.11,35735
kitchen-rackspace,0.21.0,79222
kitchen-rax,0.20.0,36229
kitchen-rightscale,0.1.0,3465
kitchen-salt,0.7.2,564339
kitchen-scaleway,0.1.1,5168
kitchen-scalr,0.2.7,17983
kitchen-scribe,0.3.1,11992
kitchen-sfmc-google,1.9.0,12258
kitchen-sharedtests,0.2.0,38879
kitchen-shopify-provisioner,0.0.9,20873
kitchensink,0.2.2,15243
kitchen-softlayer,1.1.0,22165
kitchen-sparkleformation,0.1.0,2322
kitchen-ssh,1.0.3,74999
kitchen-ssh_cisco,0.1.0,2993
kitchen-sshgzip,0.0.3,9713
kitchen-sshtgz,1.0.4,498
kitchen-static,0.10.0,4895
kitchen-sync,2.2.1,1141487
kitchen-syncgz,1.0.0,2368
kitchen-terraform,7.0.2,359302
kitchen-transport-docker,0.0.4,7468
kitchen-transport-rsync,0.1.2,129681
kitchen-transport-rsync_win,0.0.2,3680
kitchen-transport-speedy,0.1.3,146935
kitchen-transport-sshtar,0.1.3,17656
kitchen-transport-train,0.1.0,2374
kitchen-vagrant,2.0.0,3206834
kitchen-vagrant_sandbox,0.1.1,6444
kitchen-vagrant_winrm,0.3.0,13341
kitchen-vcair,1.1.0,5700
kitchen-vcenter,2.12.0,128052
kitchen-verifier-awspec,0.2.0,119145
kitchen-verifier-serverspec,0.7.2,373700
kitchen-verifier-shell,0.2.0,20832
kitchen-vmm,0.1.3,8181
kitchen-vmpool,0.5.0,13905
kitchen-vra,3.3.2,42002
kitchen-vro,1.0.0,3868
kitchen-vsphere,0.2.0,15847
kitchen-vz,0.1.4,10178
kitchen-wpar,0.4.2,11806
kitchen-yansible,0.0.4,6855
kitchen-zcloudjp,0.6.0,47905
kitchen-zone,0,5118
kit_cms,2.3.22,43961
kitco,0.0.7,22536
kitcrawler,0.1.0,3306
kite,1.2.3,62275
kiteboard,0.1.0,3486
kitechart,0.1.0,3095
kiteditor,1.0.25,60818
kitely,0.1.0,2429
kitestrings,1.2.3,51478
kitevski_view_tool,0.1.0,2295
kitfoxdesign_view_tool,0.1.0,2517
kithe,2.13.0,34985
kitkat,1.0.0,1863
kit_liquid_rails,0.1.0,1821
kitlog,1.0.0,13549
kitman-faraday-middleware,0.1.0,3296
kitnahua,0.0.1,3537
kitno,0.2.3,16442
kitpay,0.1.1,3447
ki_trello,1.0.0,19615
kits,0.1.0,2343
kitsu,0.1.5,8402
kitsune,0.2.1,91019
kitt,1.0.1,5018
kittastrophe,0.2.0,2055
kitten,0.0.1,4602
kittenfy,0.1.1,3068
kittenizer,0.1.0,2909
kittikrb-cursor,3.0.1,5131
kitty,0.0.4,16917
kittybot,0.1.0,7468
kitty_events,0.1.1,13752
kitty_gen,0.0.26,75148
kittynames,0.0.3,2929
kittypedia,0.1.0,3979
kitty_policy,0.1.4,9519
kitty_potato,0.1.0,3565
kittytest,0.0.1.1.1.1.1.1,7862
kittyverse,1.0.1,23674
kittyverse-api,1.0.0,2354
kittyverse-graphql,0.0.1,2271
kiva,0.1.14593,15904
kiva_api,0.1.11,29521
kivanio-acts_as_payment,0.0.6,16267
kivanio-brcobranca,2.0.6,8101
kiv_view_tool,0.1.0,1934
kiwanuka94_palindrome,0.1.0,1789
kiwi,1.0.0,4852
kiwiclips,4.0.0,2984
kiwicourse,0.5.3,29951
kiwi-ecs,0.1.1,1081
kiwi-ruby,0.1.0,2420
kiwi-schema,0.2.1,7276
kix,1.0.2,3289
kiyohime,0.2.7,3131
kiyoka-nendo,0.1.0,3323
ki_youtrack,0.0.4,12956
kizapi,0.3.0,11763
kizzafy,0.1.0,953
kj,0.0.16,37834
kja,0.3.1,11914
kjappsms,0.1.0,4481
kjdotxml,0.2.1,1779
kjeldahl-metric_fu,1.1.5.4,12854
kjeldahl-mysql_schema_bulk_change,0.2.0,3314
kjess,1.2.0,17809
kjlite,0.3.0,3328
kjl_test_gem,0.2.0,5920
kjohnston-lean_scaffold,0.1.1,5685
kj_reading,0.3.0,4345
kjson-roda,0.1.1,4049
kjs_view_tool,0.1.0,2366
kjvarga-net-ssh,2.0.12,3322
kjvarga-rack,1.0.0,3310
kk,0.0.2,5525
kkantena-progress_adapter,1.0,3378
kkclark_view_tool,0.1.0,1954
kkfinal_gem,0.0.2,6039
kkg_hola,0.0.0,2478
kkhome,0.1.0,3129
kkiapay,0.0.1,407
kkkkker,0.0.2,3797
kknife,0.1.2,6198
kkorach-acts_as_revisable,0.9.9.1,10420
kks-gem,0.0.1,4596
kktix_api,1.0.0,5988
kkt_shoppe,2.0.2,20310
kkt_shoppe-notification,2.0.1,5161
kkt_shoppe-stripe,2.0.0,3064
kkul,0.0.0,2025
klaas1979-ivy4r,0.7.3,31675
klaas1979-ivy4r-jars,1.0.2,5640
klacointe-openpgp,0.0.1.4,8315
kladr,0.1,4703
kladr_converter,0.0.1,4269
kladr-rails,0.9.1,5584
kla-honsolo,0.0.1,3306
klajbar_view_tool,0.1.0,2130
klam,0.1.1,23918
klandimage,1.0.0,2187
klang,0.0.4,8113
klap_hellogem,0.1.0,1653
klap_p8push,1.0.6,4232
klarlack,0.0.6,22145
klarna,0.1.3,4472
klarna-app-loggers,1.2.0,2216
klarna-checkout,1.1.5,76779
klarna-checkout-v3,0.1.4,5787
klarna_chef,1.1.0,10113
klarna_client,0.9.1,19062
klarna_proxy,0.9.3,956092
klarna-xmlrpc,0.2.1,5711
klaro-client,0.8.0,30417
klarrimore-routengn,0.24,12744
klases,0.1.5,12991
klassnames,1.0.2,30703
klass_name_types,1.0.9,33131
klassy,0.0.2,6377
klastera,1.5.3,64506
klaviyo,2.4.0,404948
klaviyo_api,1.7.0,43765
klaviyo-api-sdk,6.0.0,121506
klaviyo-rails,0.10.0,34616
klaviyo_sdk,1.0.5.20220329,51798
klaxon,0.0.2,3363
klay,0.0.5,4502
klaytn,0.1.2,9212
kldockeragent,0.6.1,19627
klear,0.1.5,19562
kleber,0.0.2,6375
klee,0.1.0,941
kleene,0.10.0,1551
kleenex,0.2.0,5132
kleiber,0.1.0,2427
kleisli,0.2.7,118417
kleisli-contracts,0.0.3,7513
kleisli-conversions,0.0.2,5327
kleisli-run,0.0.3,7510
kleisli-validation,0.0.5,12059
klenotiw_gem,0.1.2,2659
kleos_test,0.1.5,7660
klepto,0.7.3,121328
klickmail_api,0.2.1,7663
klient,0.0.2,3381
klimt,0.5.0,4045
klink-ruby-api,1.0.6,4461
klipbook,4.0.0,38761
klipp,0.2.2.5,23768
klis,0.1.0,3048
klise,1.0.1,1868
kloc_first_gem,0.1.0,2576
k_log,0.0.33,38427
klogger,4.0.0,46434
klogger-logger,1.4.0,7859
klomp,1.0.8,60190
Klondike-basecamper,1.0.4,5746
klookup,0.4,22789
klops,0.0.6,16347
kloudless,1.0.1,32817
klout,3.0.3,63171
kloutbg,1.2.2,18766
klout-rb,1.0.1,7502
klout_stable,3.0.2,3343
kloxo,0.1.2,4314
kl-ruby-saml,0.0.8,18039
kludge,0.0.3,37481
klunk,0.1.12,19906
kluster,0.0.1,3723
klyhrd_studio_game,1.0.1,3759
km,1.3.0,553890
kmadej_fast_excel_fork,0.2.2,2250
k_manager,0.0.37,10454
kmandrup-colorist,0.1.5,15424
kmat,0.1.0,3119
kmayer-highrise,1.0.1,29263
kmc,0.0.6,4305
kmdata,0.0.8,19481
km-db,0.3.4,9959
kmdotnet-theme,0.1.0,3344
kmeans,0.1.1,33306
k_means,0.0.7,140921
kmeans-clusterer,0.11.4,308250
kmeans-clustering,1.0.0,4120
kmeans-crystal,1.1.0,13046
k_means_pp,0.0.4,10107
km_everything,0.1.0,7440
km-export-processor,0.3.6,13483
kmff_palindrome,0.2.0,3110
kmflow,0.1.5,3198
kmh,0.0.2,6081
kmj,0.0.4,10254
kmkr,0.0.2,4985
kmlbo,0.0.3,10496
kml_polygon,2.0.2,140270
kmp,0.3.0,5422
km-psych,0.1.0,4655
KMQToolKitGem,0.2.1,7232
km_resque,1.0.3,15623
km-resque,0.9.3,13086
kmru,0.1.0,2285
kms,1.2.1,25257
kms_attrs,0.0.2,6753
kms_catalog,0.5.0,4200
kms_encrypted,1.5.1,1312606
kms-env,1.0.5,21817
kms_feedback,0.1.0,2451
km_sidekiq,1.0.0,4925
kms_models,1.1.0,11136
kms_rails,1.0.0,109712
kms_seo,1.0.2,9147
kms_shop,0.1.0,2420
kms-tools,0.0.2,5327
kmts,3.1.0,943390
kmycli,0.0.1.pre.alpha.1,2146
kmz_compressor,2.4.0,84594
knack,0.0.2,5484
knackhq-client,0.3.0,12520
knack-rails,2.0.0,5804
knao124,0.0.1,5474
knapsack,4.0.0,198348071
knapsacker,0.1.0,2654
knapsack_pro,7.0.1,12877560
knapsack_solver,0.1.0,2114
knartform,0.6.0,1877
knaveofdiamonds-knave_extras,0.0.3,8070
knaveofdiamonds-knave-extras,0.0.1,3286
kneescraper,0.0.1,3364
knf,0.0.0,111
knicks_history,0.1.1,2162
knife,18.4.2,569863
knife-acl,1.0.8,2110374
knife-acropolis,0.0.4,2992
knife-advisor,1.0.0,3101
knife-analytics,0.2.1,8109
knife-annex,0.0.4,11499
knife-ansible-inventory,0.1.0,2380
knife-api,0.1.7,17309
knife-art,1.0.2,311842
knife-artifactory,0.3.0,6341
knife-atomic,0.0.1,2157
knife-attribute,1.1.0,116724
knife-audit,0.2.0,21421
knife-aws-base,0.0.1,3252
knife-awscleaner,0.0.3,5815
knife-axe,0.1.3,11689
knife-azure,4.0.0,96782
knife-backup,0.0.12,155838
knife-baremetalcloud,0.0.5,15743
knife-bastion,1.2.0,11216
knife-batch,1.1.0,21307
knife-block,0.2.1,350528
knife-bluebox,0.8.5,31004
knife-bmcs,1.2.0,5723
knife-bootstrap-resolver,0.1.1,3362
knife-bootstrapsync,1.0.2,7305
knife-briefcase,0.1.0,6680
knife-brightbox,0.9.0,54039
knife-bulk,0.1.0,990
knife-bulkchangeenvironment,0.1.1,8607
knife-butler,0.0.3,5271
knife-cereal,0.2.1,8611
knife-cfn,0.1.12,51805
knife-changelog,2.0.0,153489
knife-check,0.0.2,17843
knife-chef-inventory,0.3.0,10985
knife-chef-retention,0.4.0,7945
knife-chop,0.12.18,82478
knife-cisco_asa,0.2.0,15064
knife-clc,0.0.2,8788
knife-clc-chef-server,0.4.2,5472
knife-cleanup,0.0.5,77102
knife-clodo,0.1.9,32969
knife-cloud,4.0.15,86676
knife-cloudformation,0.5.0,68825
knife-cloudstack,0.1.0,32776
knife-cloudstack-fog,0.6.0,75050
knife-community,0.2.0,12767
knife-config,1.1.0,27440
knife-container,0.2.4,17464
knife-convert,0.0.1,3504
knife-cookbook-bump,0.0.1,4462
knife-cookbook-cleanup,1.1.0,12154
knife_cookbook_dependencies,0.0.8,22584
knife_cookbook_dependencies_over_http,0.0.8.3,13165
knife-cookbook-doc,0.31.1,255860
knife-cookbook-readme,0.2.1,41309
knife_cookbook_sync,0.0.5,15125
knife-cookbook-sync,0.1.0,3814
knife-cookbook-utils,0.2.0,17536
knife-cosmic,0.2.0,2061
knife-count,1.0.0,5459
knife-crawl,0.0.2,7293
knife-crypt,0.0.3,9702
knife-cs,0.0.1,3443
knife-cssh,0.0.2,5670
knife-data-bag-version,1.1.1,6562
knife-dependency-tree,0.0.1,3676
knife-depgraph,0.9.0,3078
knife-depsolver,2.2.0,15799
knife-digital_ocean,2.6.0,73887
knife-director,0.1.4,8814
knife-dns-update,0.0.5,13820
knife-docker,0.0.2,6749
knife-draw,1.0.0,5799
knife-dsl,0.1.0,10674
knife-dwim,0.1.1,8054
knife-easybake,0.1.0,31326
knife-ec2,2.1.6,1270977
knife-ec2find,0.0.3,6856
knife-ec2-ssh-config,0.0.2,6095
knife-ec-backup,3.0.1,130542
knife-elb,0.0.3,25520
knife-env-diff,0.0.4,50018
knife-essentials,1.5.6,242609
knife-esx,0.3.5,44443
knife-eucalyptus,0.5.6,15177
knife-flip,0.1.9,65267
knife-flow,0.0.4,10854
knife-foodcritic,0.2.1,7951
knife-gandi,0.2.2,10785
knife-ghost,0.1.0,4015
knife-github,0.1.9,40955
knife-github-cookbooks,0.1.8,43862
knife-glesys,0.1.1,6558
knife-goiardi-event-log,0.2.0,5754
knife-goiardi-reporting,0.3.3,3292
knife-google,5.0.11,93307
knife-gourmet,0.0.1,3506
knife-graph,0.0.4,22677
knife-hadoop,0.1.0,17962
knife-hardware,0.0.1,4078
knife-helper,0.1.2,35766
knife-hitori,0.0.3.1,11792
knife-hmc,1.0.1,4922
knife-hosts,0.0.1,12979
knife-hp,0.4.2,17308
knife_info,0.1.0,2770
knife-info,0.0.4,20010
knife-inspect,0.16.1,119228
knife-instance,0.2.3,14244
knife-ionoscloud,6.2.0,16220
knife-ipmi,0.0.1,4054
knife-joyent,0.4.14,98630
knife-killer,0.1.2,5425
knife-kvm,0.1.2,11196
knife-lastrun,0.0.8,476405
knife-linode,0.3.3,16989
knife-lpar,0.0.3,2005
knife-lxc,0.0.1,4057
knife-maas,2.1.0,19727
knife-manage,0.0.1,3399
knife-miasma,0.0.1,3243
knife-mirror,0.1.2,7094
knife-mysql,0.1.0,3265
knife-nc,0.0.2,10237
knife-ninefold,0.1.0,4163
knife-node-attribute,0.2.0,14901
knife-node-context-exec,1.1.5,30097
knife-nodefu,0.9.0,53798
knife-oca,1.0.3,13271
knife-oci,2.0.2,5562
knife-octo,0.0.3,4885
knife-ohno,0.1.0,5794
knife-ohno2,0.2.0,5731
knife-okta,0.1.2,49643
knife-oktawave,0.1.2,9021
knife-oneandone,1.2.0,4647
knife-opc,0.4.8,106993
knife-opc-backup,0.9.0,3614
knife-opennebula,0.3.0,7810
knife-openstack,5.0.0,103067
knife-openvpn,0.0.6,13584
knife-oraclecloud,2.0.0,9135
knife-oraclevm,0.0.4,8942
knife-orchestration,0.0.1,3364
knife-org-utils,1.1.1,22074
knife-ovh,0.0.2,4199
knife-ovh-cloud,1.0.0.pre.1,2305
knife-ovirt,0.0.8,6877
knife-ovmcli,0.0.8,7293
knife-packager,0.1.3,6627
knife-pantry,0.3.0,8025
knife-partial-search,0.0.4,10433
knife-pinnings,1.4.8,23843
knife-pkg,0.3.1,22087
knife-playground,0.2.2,16123
knife-plugin,0.0.1,3692
knife-plugin-viz,0.1,3782
knife-podnix,0.1.0,3464
knife-preflight,0.1.8,43798
knife-profitbricks,2.0.1,19071
knife-proxmox,0.0.19,23442
knife-psearch,0.9.0,9393
knife-push,2.0.1,162339
knife-rackspace,2.0.2,148443
knife-rackspace-cluster,0.0.8,20664
knife-rackspace-load-balancer,0.0.3,10495
knife-rds,0.0.1,3511
knife-remotekvm,0.0.1,3942
knife-remotelxc,0.1.0,6637
knife-reporting,0.5.0,285758
knife-report-resource,1.0.0,3338
knife-rhn,0.3.0,12274
knife-rightscale,0.1.0,9111
knife-role-convert,0.0.2,6381
knife-role-replace,0.0.4,11740
knife-role-spaghetti,0.0.5,17107
knife-role-test,0.0.1,3501
knifer_sutherland,0.0.1,3576
knife-runlist-compare,0.0.1,4551
knife-s3,0.0.3,9322
knife-santoku,0.1.6,12163
knife-saved_search,0.0.1,3080
knife-scaleway,0.1.0,2532
knife-sce,0.3.0,6324
knife-scrub,0.3.1,16858
knife-server,1.4.0,51007
knife-setup,1.1.1,48468
knife-sharp,0.7.0,46647
knife-shove,0.6.0,3268
knife-skeleton,0.6.1,28497
knife-sl,1.0.3,4321
knife-smucli,0.0.1,2519
knife-softlayer,0.4.7,69262
knife-solo,0.7.0,1264175
knife-solo_data_bag,2.1.0,1324096
knife-solve,1.1.1,31878
knife_sous,0.2.0,8782
knife-spork,1.7.3,341097
knife-spork-berks,1.3.2,3452
knife-ssh-agent,0.1,2284
knife-stackbuilder,0.6.1,23738
knife-stalenodes,1.2.0,15225
knife-stash,0.2.0,6667
knife-stats,0.0.1,4470
knife-stencil,1.0.2,6003
knife-stormondemand,0.1.1,8537
knife-supermarket,0.3.0,99582
knife-support,0.0.1,4052
knife-swap,0.1.1,5579
knifeswitch,1.2.0,18242
knife-sync,1.0.1,4490
knife-syntax-check,0.0.1,4225
knife-table,0.0.5,16169
knife-tagbatch,0.1.0,3055
knife-tagbulk,0.1.2,6734
knife-tar,2.0.0,11635
knife-tarsnap,0.1.2,9527
knife-terremark,0.5.0,4333
knife-testcoverage,1.0.2,6427
knife-tidy,2.1.6,119585
knife-topo,2.0.5,43374
knife-toruby,1.1.0,7275
knife-twitter,0.1.2,9200
knife-ucs,0.0.3,9996
knife-undev,0.1.4,43029
knife-update,0.1.3,29146
knife-update-from-file,0.0.3,30128
knife-uploader,0.3.1,25042
knife-vagrant,0.0.7,23388
knife-vagrant2,0.0.6,9093
knife-vagrant3,0.0.2,5529
knife-vcair,0.9.0,10017
knife-vcenter,5.0.5,35696
knife-vcloud,1.3.1,28603
knife-verschart,2.8.6,30965
knife-voxel,0.0.10,19607
knife-vrealize,7.0.0,40750
knife-vsphere,5.2.0,247635
knife-whisk,2.0.2,61529
knife-windows,4.0.7,1329481
knife-winops,2.1.0,3809
knife-wip,0.1.0,3581
knife-wrapper,0.0.1,4556
knife-wrench,0.0.1,2912
knife-wsfusion,0.1.1,6276
knife-xapi,0.6.1,77748
knife-xenserver,1.4.4,35514
knife-zcloudjp,0.2.0,14788
knife-zero,2.5.2,320686
knight,0.0.5,14349
knightlabs-registry,0.0.1,4818
knights_tour,0.3.5,4652
knigodej,0.0.1,3662
knipper,0.0.4,14534
knish,0.2.6,3142
knit,0.1.0,2496
knitkit,3.2.0,84228
knitpickr,0.1.9,12871
knitr-ruby,0.0.4,8287
knitter,0.2.2,9686
knitting_patterns,0.1.0,1925
knitting_yarn_deals,0.2.1,2231
knjappserver,0.0.30,73312
knjdbrevision,0.0.3,4278
knjrbfw,0.0.116,343638
knjtasks,0.0.3,3986
knmi,0.3.1,30397
knn,0.0.1,18142
knnball,0.1.0,58984
knn_cv,0.2,6849
kno,0.1.2,3620
knock,2.1.1,1702274
knockapi,0.4.12,29197
knocker,0.3.3,5939
knockjoke,0.3.0,5235
knockknock,0.0.1,3058
knock_knock,0.1.1.pre.preview1,1730
knock-knock,0.1.6.1,30290
knoc-knoc,0.0.1,4482
knocknock,0.0.0,3396
knock-oauth2_code_verifier,0.1.2,3547
knockoff,1.4.0,534810
knock_once,0.2.2,5419
knockout-assets,0.0.5,28423
knockout_forms-rails,1.0.0,3288
knockoutjs-rails,3.5.1.1,458664
knockout-rails,1.0.1,28836
KnockRails3,2.1.1,2812
knod,1.0.0,21719
knodes,0.3,3741
knoll_view_tool,0.1.0,2325
knossos,0.3.0,5161
knossoscli,0.2.0,3586
knot,0.0.2,10730
knotice-ruby-statsd,0.0.4,11075
knotify,0.0.3,8872
knot-ruby,0.3.2,3963
know,0.0.1,328
knowage,0.0.1,3582
knowbe4_hiring,0.1.1,3273
know_it_all,0.1.8,21035
know_kit,0.0.8,16817
knowledge,0.1.4,8715
knowledge_base,0.2.0,8302
knowledge-rails,0.1.0,2133
knowledge-ssm,0.1.3,6820
knowlesUtils,0.0.2,5338
know_more,0.9.1,2464
knowngithub,2.0.0,11346
known_incompatibility,0.1.0,291
known_item_search_classifier,0.2.1,7000
knowtify,0.0.3,6926
knowyourgems,0.1.3,9376
know_your_meme,0.1.0,1983
knox,0.0.1,3208
knoxbox,0.0.1,3218
knoxbox-web,0.0.1,3146
Knox_Restaurants,0.5.0,8775
knox_studio_game,1.0.0,3189
knp,0.0.2,5693
kns_email_endpoint,0.1.2,11284
kns_endpoint,0.2.0,66734
kntiller_palindrome,0.1.0,2573
knu,0.0.4,12100
knuckle_cluster,2.3.4,23165
Knuckleheads,1.0.0,3382
knuckleheads1313,1.0.1,2124
knuckleheads_game,1.0.2,6679
Knuckleheads-PragGame,1.0.0,1697
knuckleheads_studio_game_2018,1.0.0,2130
knuckleheads_the_ones_doomed_to_fail,1.0.0,1642
knuckler,1.0.1,6586
knuckles,0.5.0,17825
knucleheads_game,1.0.0,3399
knu-friendfeed,0.1.5,12802
knu-mechanize,0.9.3.20090623142847,3311
knu-perlstorable,0.1.3,8047
knu-svn2git,1.3.1,3309
knuth,0.1.0,2429
knut_tools,0.1.0,4793
knuverse-knufactor,0.0.2,4216
knx,1.0.1,5785
knykode,0.0.1,3945
ko,0.2.0,2685
koa,0.0.7,13597
koa-js,0.0.5,13990
koala,3.5.0,22598589
koala_2016_gem,0.2.0,4324
koala-rails,0.1.9,42887
koalemos,0.0.3,12235
koality,1.0.1,8715
koans,0.0.0,3888
koans_and_katas,0.1.0,2206
koa-pack,0.0.6,16557
koara,0.15.0,17525
koara-html,0.15.0,11072
koara-xml,0.15.0,7891
koa-utils,0.0.19,47389
kobanzame,0.0.8,1753
kobkob-theme,0.1.9,13230
Kobold,0.3.4,2040
koboldy,0.3.0,19779
kobo_notes_binder,0.1.0,1983
kobot,2.1.0,14382
kobra_client,0.0.4,13889
kobys_view_tool,0.1.0,1901
koch,0.1.5,414
koda,0.0.12,12686
koda-calais,0.0.9,4695
kodachroma,1.0.2,10829
kodama,0.1.1,11426
kode,0.1.0,5506
kodekopelli,0.8.0,4591
kodi,0.1.1,6817
kodiak,0.0.1,4243
kodi_client,0.7.2,16825
kodi-dedup,0.1.0,2343
kodipity,0.2.2,7612
kodmin,0.0.1,1942
kodo,0.1.2,7278
koduc_express_paypal,1.1.0,4949
koduc_stripe,1.0.0,2851
kody,0.0.2,3454
koelner_phonetic_encoder,1.0.3,19218
koeppen_geiger,0.0.3,10821
koffsite_payments,3.0.0,3307
kofi,0.1.0,4482
kofno-trisano_tools,0.0.1,3308
kofno-trisano_tools.gemspec,0.0.1,3266
kog,0.3.1,5241
kogno,1.0.1.4,3111
koha,0.0.4,12002
koho,0.0.16,36248
koi,0.3.1,22844
koi-lang,0.0.4,15115
koin,0.5.2,5303
koine-appgenerator,0.9.0,3229
koine-attributes,1.2.4,32604
koine-command_bus,1.0.0,3164
koine-csv,0.2.2,7905
koine-db_bkp,0.1.4,8549
koine-di,1.0.0,5147
koine-event_manager,2.1.1,8166
koine-filesystem,0.1.1,2995
koine-file_system,0.1.0,1681
koine-filesystem-adapters-sftp,0.1.0,1688
koine-google_maps_client,0.1.0,2555
koine-profiler,2.0.0,3709
koine-repository,1.1.1,9292
koine-rest_client,1.1.1,16894
koine-sql_builder,0.1.0,1997
koine-test_runner,0.4.0,16365
koinim_price,0.3.0,5835
koinz,0.0.8,28540
koios,0.2.0,4767
koi-reference-compiler,0.0.2,8161
koi-reference-parser,0.0.3,11679
koi-vm,0.0.4,14948
koi-vm-ruby,0.0.4,4647
kojac,0.17.0,21801
kojak,0.0.1,3334
koji,0.1.0,2497
kojn,0.3.0,25462
kojo,0.4.4,253911
koke-grit,0.8.1,3315
koke-mydiff,0.0.1,3297
koki,0.1.0,2353
kokishin,0.1.0,286
koki_test,0.1.2,3138
kokkai,0.2.0,9490
kokki,0.2.6,13754
koko-ai-ruby,0.0.6,10334
koko_keywords,0.3.2,4574
koko-koko,0.0.2,7096
Kokokusinsiyamahe,0.0.4,6360
kokomo,0.1.3,6466
kokonfig,0.1.0,1620
koko_rails,0.0.0,4000
kokuban,0.1.0,3742
kokugo_tagger,1.0.3,11946
kolach_locomotive_cms,2.0.0.rc13,4396
kolach-melomel,0.6.6,10983
kolb,0.0.1,4220
kolekti,5.0.0,31717
kolekti_analizo,5.0.0,2228
kolekti_cc_phpmd,5.0.0,2235
kolekti_metricfu,5.0.0,4186
kolekti_radon,5.0.0,2228
kollus,0.1.3,9350
kolo,0.8.3,150767
kolorit,0.2.0,5026
kolorize,0.0.1,4473
kolo-roda,0.1.0,2091
kolor-picker,0.1.4,24634
kolors,0.0.1,6773
koltira,0.2.0,1033
koma,0.17.0,49019
komachi_alive_monitoring,0.1.0,3844
komachi_concerned_with,0.2.0,12048
komachi-develop,0.3.0,17483
komachi_foundation,0.1.1,4798
komachi_heartbeat,2.5.0,455898
komachi_validation,0.1.1,6586
komagata-dnsbl_client,0.0.1,3249
komagata-saimaa,0.1.1,5651
komagata-talkedbun,0.2.0,3309
komagata-try,0.1.2,8095
komagata-web_tracker_helper,0.2.1,5614
komagata-win32-aques_talk,0.4.1,5368
komagire,0.8.0,142767
komainu,0.0.10,38062
komait_view_tool,0.1.0,1842
komamitsu-gc_monitor,0.0.5,12729
komandir,1.1.0,10575
komando,0.1.0,7715
kombu,0.1.0,359
komeda,0.1.8,1736
komenda,0.1.8,37108
komerci,0.0.1,4166
kometa,0.0.1,3224
komic-cli,0.1.7,19444
komicless,0.1.2,8570
komiyak,0.0.1,3529
kommand,0.0.4,14700
kommandant,0.2.1,723
kommando,0.1.2,57101
kommed,0.1.1,3083
kommen-freckle-cmd,0.0.1,3274
komments,0.0.3,7879
komodo,0.0.3,11454
komoju,0.0.8,49851
komonjo,0.1.10,22791
komonzu,0.2.1,7320
kompanee-recipes,0.1.4,53887
kompar,0.0.4,3392
komplement,0.1.3,9248
kompo,0.1.4,611
komponent,2.2.0,50353
komposable,0.0.0,2183
komposer,0.0.0,2127
kompress,0.0.3,12487
komrade-client,1.0.15,18162
komtet,0.0.2,2989
konacha,4.0.0,1134995
konacha-chai-matchers,1.0.1,316276
KonaLast,0.0.5,8135
kona-logger,0.0.5,4498
konami-fo,0.0.3,8987
konamio,1.0.2,33628
konbikol,0.1.6,12089
konchikuwa,0.2.0,4246
koncierge,0.1.1,125
kondate,0.5.0,63261
kondi,0.1.0,4106
konduto-ruby,2.1.2,959543
konekt,0.1.0,3119
konf,0.0.2,183180
konfa,0.5.2,62211
konfig,0.3.2,22755
konfig-config,3.0.0,3266
konfiguracja,0.0.0,914
konfiguracja-rails,0.1.0,792
konfiguration,1.0,3694
konfigurator,0.2.0,15743
konfig-yaml,1.0.0,6919
konfigyu,0.2.0,3526
kong,0.3.4,120115
kong-client,0.4.0,833
kongfigure,0.1.1,12799
kongkit,0.3.1,15562
kongnomal,0.1.5,19888
kongo,1.2.3,17912
kongrations,0.1.2,3599
kong_schema,1.3.6,16568
kong_view_tool,0.1.0,2056
KonichiwaAki,0.0.1,6216
konjac,0.3.4,183998
konjak,0.0.24,51706
konjure-bundler-fix,0.0.3,3949
konkit_worklogger,0.1.3,2881
konmari-routes,0.1.3,19989
konn-rupircd,0.6.4,15207
konnyaku,0.1.1,2764
kono_epp_client,0.1.0,5893
kono_mailup,0.1.0,6916
kono_utils,1.1.4,35880
kono_utils_bootstrap_view4,0.3.2,28903
kono_utils_helpers,0.1.2,6537
konpasu,0.0.2,7577
konshinkai_air,0.1.0,2569
konsierge-smtp-mailer,0.2.2,7439
konstant,0.1.2,14183
konstati,0.2.0,7483
konstruct,1.2.0,28671
konstructor,1.0.2,433901
kontagent,0.0.6,19017
kontainer,0.1.0,1351
kontakt,1.0.6,11151
kontejner,0.0.2,5733
kontena,1.0.1,3395
kontena-cli,1.5.4,384268
kontena-mortar,0.4.6,37589
kontena-plugin-app-command,0.1.0,5546
kontena-plugin-aws,0.4.0,31688
kontena-plugin-azure,0.3.0,17995
kontena-plugin-cloud,1.2.0,25787
kontena-plugin-digitalocean,0.3.3,29794
kontena-plugin-local,0.1.1,3912
kontena-plugin-packet,0.2.7,26182
kontena-plugin-scaleway,0.0.1.alpha,1690
kontena-plugin-shell,0.2.0,9642
kontena-plugin-upcloud,0.3.2,20994
kontena-plugin-vagrant,0.3.1,25686
kontena-websocket-client,0.1.1,114993
kontent-ai-delivery,3.0.1,1232
kontent-delivery-sdk-ruby,2.0.25,38624
kontent-jekyll,1.0.0,8372
kontext,0.1.1,7407
kontoapi-rails,0.3.1,47449
kontoapi-ruby,0.4.0,35672
kontocheck,0.4.4,105702
konto_check,6.15.0,82516
kontrast,0.6.4,30975
kontrol,0.4,18863
konverge,1.0.0,3572
konvert,0.1.1,4143
konzertmeister,2.1.5,16577
kooaba,0.0.7,20801
kood,0.0.1,3850
koodmeeter,0.0.2,3073
kookaburra,3.0.1,190329
kookeeper,3.1.2,10348
kookjr-geodesic,1.0.0,5719
kookoo-gem,1.0.0,5642
koombea-delayed_job,1.8.5,4618
koota,0.6.1,5580
kopal,0.0.1,2432
koper,0.0.2,300
kopflos,0.0.2,3449
koprol,0.0.2,7402
kor,0.0.6,13624
korben,0.0.3,10045
korboard,0.0.9,29137
k_ordered_flake,0.2.0,2675
korean-string,0.1.0,5162
korean_zipcode_finder,0.1.3,12835
ko_region_code_mapper,0.0.3,6461
korekto,2.0.231231,19022
korekuto,0.0.2,8282
koremutake,0.1.0,6469
korfzone-scraper,1.0.1,6255
korgi,0.2.3,5706
kori,0.3.2,15065
kor-input-json,0.0.2,5088
kor-input-ltsv,0.1.0,7124
kor-input-yaml,0.0.2,5007
korin-resource_controller,0.5.3,3279
korinthenkacker,0.0.3,21824
korma,1.0.0,4386
kornelia_palindrome,0.3.0,4111
korobkov-paperclip,2.3.1.200909222157,12715
korobkov-validates-constancy-rails-plugin,1.0.20090910,5633
koromo,0.0.2,4866
korona_client,1.1.0,5968
korona-cloud-client,1.0.16,19855
korona-entry-client,1.0.2,10327
kor-output-json,0.0.1,2973
kor-output-ltsv,0.0.1,2989
kor-output-yaml,0.0.1,2970
kortype,0.1.2,7178
kosapi_client,0.14.1,24092
koseki-mocksmtpd,0.0.3,6129
kosh,0.0.1,2372
kosher,0.17.2,203252
kosher_bacon,0.0.2,6546
koshigoe_gem_playground,0.1.5,3254
kosi,1.2.0,120966
kosmas58-compass-jquery-plugin,0.2.2.2,19966
kosmas58-cucumber,0.3.103,60097
kosmas58-features2cards,0.3.92,3281
kosmas58-pickler,0.1.2,34049
kosmeek_test_tools,0.0.1,4557
kosmonaut,0.3.1,23744
kosmos,0.0.5,23216
kostya-bluepill,0.0.60.3,10343
kostya-sigar,2.0.10,104373439
kot,0.0.4,8341
kotek-auth,0.3.0,1010
koto,0.2.1,5680
kotoba,0.0.0,3730
kotodama,1.2.6,34584
kotone,1.0.1,420
kotosha-kotosha_on_git,1.0.0,4257
kotsms,0.2.0,6982
kotsms2,1.2.0,10248
kouba,0.2.1,4823
koudoku,2.0.0,66966
koudoku_coupons,2.0.1,8816
kougu,0.0.1,3600
koujou,0.1.3,15627
kount,0.0.1,4722
kounta,0.1,3768
kounta_rest,0.3.0,65242
kount_complete,2.3.0,277316
kount_complete_2,1.0.6,3665
kountries,0.1.3,1984
kount-ris,0.1.6,11706
kousher-jekyll-startup,0.1.0,1846
koushien,0.1.7,2504
kovacs,1.0.0,1895
kovid,0.7.1,118383
kovyrin-composite_primary_keys,2.3.2,3305
kovyrin-db-charmer,1.2.0,12789
kowabana-parser,0.1.1,5998
kowala,0.0.0,4211
kowl,0.0.7,10751
Koyaaan,0.1.4,8040
koyachi-scissor-video,0.0.1,3326
koyomi,0.2.2,27353
koyo-postgres-replication,7.0.0,1534
kozeki,0.1.0,268
kozeki-aws,0.1.0,260
kozgemtest,0.1.0,2818
kozo,0.3.0,3738
kp,1.0.2,5267
kp_api,0.10.2,5983
kparsons_palindrome,0.2.0,3327
kpeg,1.3.3,475963
kp_folder,0.0.4,4158
k-php-serialize,1.2.1,188306
kpi,0.7.1,50841
kpi_calculation,0.1.0,781
kpietrzk_palindrome,0.2.1,4234
kpigen,0.0.1,4085
kpi_manager,0.2.1.pre,4942
kpi_view_tool,0.1.0,386
kplay,0.4.5,13138
kpm,0.11.1,129732
kpm-cnr,0.2.3,5982
kpn_spec_methods,0.3.0,4163
kpn-style,0.2.1,14790
kpn_winrm,0.1.0,2380
kpumuk-rlibsphinxclient,0.2.1,5750
kp-utils,0.1.1,4145
kql,1.0.0,1838
kqueue,0.0.1,3408
kr,0.0.3,8542
kr0no.me-theme,0.1.1,2263
kraai,0.0.2,6023
kraaken,0.0.1,271
krack,0.1.0,12158
kracker,0.0.5,13082
krackle,0.0.1,3134
krad,3.7.5,69059
kraftwerk,0.1.1,1571
krakatoa-icmp4em,0.0.3,4296
krakatoa-openx,1.9.4,4271
kraken,0.0.10,28949
kraken-build,0.0.5,15585
kraken_client,1.3.0,43752
krakend-openapi-importer,0.4.0,3676
kraken-io,0.1.3,92915
kraken-js,0.0.1,4252
krakenlab,2018.01.07,12390
kraken-mobile,1.0.9,15536
krakenrails,0.0.6,14810
kraken_ruby,0.5.0,25528
krakken,0.1.0,15899
Krakken,0.1.0,25944
krakow,0.4.2,82600
krambook,0.0.1,3731
kramdown,2.4.0,148991428
kramdown-amp,0.2.0,4836
kramdown-asciidoc,2.1.0,80668
kramdown-components,0.2.0,2046
kramdown-converter-indesign,0.1,495
kramdown-converter-pdf,1.0.6,207494
kramdown-gist,0.1.0,9820
kramdown-haml,0.0.3,80747
kramdown-katex,0.1.1,3756
kramdown-latexish,1.0.3,753
kramdown-man,1.0.1,21091
kramdown-math-itex2mml,1.0.0,4744
kramdown-math-katex,1.0.1,59593
kramdown-math-mathjaxnode,1.0.0,4827
kramdown-math-ritex,1.0.0,3383
kramdown-math-sskatex,1.0.0,6290
kramdown-mermaid,0.1.2,948
kramdown-metadata-parsers,0.9.0,5312
kramdown-pages,0.0.1,2847
kramdown-parser-gfm,1.1.0,88338791
kramdown-parser-gfm-extractions,1.0.0,2261
kramdown-plantuml,1.3.3,101246
kramdown-prismic,0.3.10,32845
kramdown-rails,0.1.4,38459
kramdown-respec,0.0.0,1804
kramdown-rfc,1.7.11,31136
kramdown-rfc2629,1.7.11,352527
kramdown-service,1.0.0,10466
kramdown-syntax-coderay,1.0.1,68503
kramdown-syntax_tree_sitter,0.5.0,2897
kramdown-tablerize,1.0.2,5594
krammer,1.1.2,14540
krane,3.5.2,1273653
krang,0.0.1rc13,20278
krant,1.1.0,8880
krappy,0.0.1,4271
kraps,0.10.0,10553
krasivotokak-avatar,0.0.7,3352
krasivotokak-espresso,0.0.16,27045
krasivotokak-russian,0.2.1,3352
krasivotokak-simple-navigation,1.4.1,3327
krasivotokak-sugar,0.0.31,62867
krasivotokak-tiny_mce,0.1.0,10467
krate,0.0.4,3476
krater,0.1.0,2419
krates,1.7.11,35333
krates-mongoid-enum,0.5.0,1938
krates-plugin-digitalocean,0.3.11,11176
krates-plugin-vagrant,0.3.6,10135
kratos,1.1.0,10680
krausefx,0.1.0,2176
krausefx-shenzhen,0.14.11,657530
kraut,0.5.7,6566
KraVs,2.0.1,2070
krawler,1.0.14,60360
krazy,0.0.0,4104
krb,0.1.4,15297
krb5,0.1,5343
krb5-auth,0.7,19563
krb5-ruby,0.2.5,11394
kr-beanstalk-client,1.0.2,5707
krbpwd,0.2,4104
kredentials,0.1.0.1,12029
kredis,1.7.0,793867
kredis-query,0.1.4,1686
kreegerator,0.0.3,9602
kreepr,0.0.3,9145
kreipinys,1.0.1,7421
kren-fib,0.1.0,4269
k-replace,1.0.0,7030
kreps,1.0.0,8878
krewl,0.1.0,2508
kriangle,0.1.0,2160
krieter_view_tool,0.1.0,2286
krikri,0.15.2,118318
krikri-spec,0.0.1,3317
kril,0.2.4,17628
krill,0.3.2,8850
krippendorff_alpha,0.0.3,8392
kris,0.0.4,12366
krish,0.0.0,4056
krishna0000,0.1.0,2494
krishna_view_tool,0.1.0,2285
kris_hola,0.0.0,3831
kriskowal-Narwhal,0.0.1,5655
kris-kross,0.0.1,3921
krisl_gem,0.1.0,3898
krisr-amazon-ec2,0.5.0,3356
kriss-associated_records_on_steroids,0.1.0,3289
kriss-gettext_i18n,0.2.3,10451
krist,0.0.61,9853
kristal,0.0.2,6614
kristin,0.4.1,87072
kristjan-st-elsewhere,0.1.6,4572
kristopher-scoped-associations,0.0.3,3335
kristopher-sunspot,0.9.8,3357
kristopher-sunspot_rails,0.10.6,3368
kriterion,0.1.0,3543
krjs,0.5.5,4639
krkt,0.1.4,5540
krk-timetables,0.1.2,10583
krl,0.4.0,93772
krn-auth-ruby,0.1.2,5316
KroleoPhoto,0.1.4,9206
kroman,1.0.1,5268
kron4eg-wikicloth,0.1.3,3325
kron4eg-wikicreole,0.1.3,3344
kronic,1.1.3,58912
kronk,1.9.6,156185
kronn-has_many_polymorphs,3.0.3,16843
kronos,0.3.0,47241
kronos-ruby,0.3.0,25065
kronparser,0.0.4,14012
kropka,0.1.1,9180
krpc,0.4.1,27872
krpcx,0.0.1,2245
krtek,0.0.1,3860
kruger,0.1.1,3397
krukid-cld,0.4.0,4470
krump,0.3.1,2672
krunaldo-dm-pagination,0.3.0.2,8059
kruptos,0.2.0,9255
kruskal,0.1.1,6160
kryo,0.0.2,6647
kryolite,0.2.0,781
krypt,0.0.2,40773
krypt-core,0.0.2,49313
krypter,1.0.1,5276
krypton,0.2.0,17379
kryptonita,0.0.9,21228
kryptonite,0.1.0,34755
kryptos,2.1.1,9356
krypt-ossl,0.1.0,29566
krypt-provider-jdk,0.0.2,20049
krypt-provider-openssl,0.0.2,29984
kryten,0.3.9,28483
ks,0.0.2,79661
ksag,0.1.1,2260
kschadeck-active_shipping,0.9.15,4070
kschrader-authlogic,2.1.3,5704
kschrader-mtv-music,0.1.2,5709
kschrader-sinatra-cache,0.2.3,3289
kschrader-slicehost,0.0.2.6,4251
kschrader-wikipedia-api,0.1.2,3347
ksconnect,0.3.0,46218
KSCrash,1.11.9,412
ksd,0.0.2,8241
k_seeder,0.1.0,2014
k_sequencing,0.1.25,34486
ks_faster_require,2.0.0,5930
kshitikov_hellow_world,0.1.1,2477
kshramt,0.1.1,12381
ksk,0.4.11,100232
ksl_studio_game,1.0.0,3625
ksql,0.1.2,5389
ksr10,1.0.0,2092
ksrb,0.1.0,3157
ksr-maybe,0.1.1,4110
kss,0.5.0,757032
kss-alan,0.3.0,4339
kss-rails,1.0.2,85844
kss-rails-alan,1.0.3,10356
k_starter,0.1.4,3238
kstarv,0.0.2,6295
kstats-node,1.0.5,15684
kstor,0.5.0,2013
kstrano,1.3.0,195388
kstruct,0.0.1,2804
ksuid,1.0.0,101361
ksync,0.5.1,6758
kt,0.4.0,15408
ktcommon,0.0.7,3510
ktct,0.1.1,4442
kt_data_class,0.1.0,1920
kt-delayed_paperclip,3.1.1,155705
ktec-commander,3.3.1,3323
ktec-subtrac,0.1.58,78869
k-templator,0.2.2,7793
kth-alimtalk,0.2.3,23028
ktheory-fakefs,0.2.1.1,4760
ktheory-fog,1.1.2,4288
ktheory-json_cookie_store,0.0.2,3279
ktheory-juicer,1.0.0.ktheory1,2874
ktheory-right_aws,2.0.3,12330
ktheory-vlad,2.0.0,4726
ktheory-vlad-git,2.1.1,11076
kth_omniauth,0.0.2,6952
kth-sms,0.1.5,10496
kthxbye,1.3.2,39334
ktingey_view_tool,0.1.0,2423
ktl,1.1.0,5081
ktlacaelel-gemi,0.1.2,5685
ktlacaelel-plog,0.2.4,22236
ktlacaelel-sitemaps,0.6.0,10469
ktlint_reporter,1.0.1,1610
ktoblzcheck,1.44.0.beta,2364
ktools,0.0.3,12000
k-tools,0.2.2,16212
ktopping_acl9,0.13.0,8251
kt-paperclip,7.2.2,10235789
kt-paperclip-compression,1.2.2,29686
kt-paperclip-mozjpeg,0.0.4,2745
kt-paperclip-optimizer,3.0.0,105729
k-tree,0.0.8,11142
ktutils,0.0.3,8304
k_type,0.0.8,10443
ku,0.0.1,2632
ku6vms_sdk,0.1.7,19504
kuahyeow-sunspot,0.10.3,9526
kuahyeow-sunspot_rails,0.10.7,10696
kuaidi100,0.1.1,8156
kuaidi100_rails,0.1.5,13721
kuaidiniao,0.1.1,3821
kuai_jie_qian,0.3.0,5403
kuaipan,0.0.3,4225
kuaipan-example,0.0.2,9442
kuaipan_renamer,0.0.2,5904
kuaiqian,0.1.1,8204
kuali-rice,0.2.0,10565
kuali-sakai-common-lib,0.0.8,13258
kuali-test-factory,0.5.3.1,3300
kuali_toolbox,0.50,28677
kuality,0.0.1,3908
kuality-coeus,0.0.6,17014
kuankr,0.0.1,3411
kuapir,0.1.4,2204
kub,0.1.1,3758
kube,6.5.2.0,2265
kube_auto_analyzer,0.0.17,28120
kubec,0.6.1,22681
kubeclient,4.11.0,30623228
kubeclient_exec,0.1.3,609
kubeclient-rollback-dev,2.3.1,4136
kube-config-parser,1.0.0,7796
kubecontrol,0.5.5,14293
kubectl,1.6.4.2,15172
kubectlip,0.1.0,1656
kubectl-rb,0.2.1,87443
kube-deploy,0.2.0,4119
kube_deploy_tools,3.0.9,22368
kube-dsl,0.7.5,42375
kube_for_rails,0.1.4,7272
kubelink,1.0.0,31897
kubelogic,0.1.0,2098
kube-machine,0.1.0,3000
kube-platform,3.3.1.gk.0,308
kube_queue,0.4.1,9217
kube-rails,0.4.0,38562
kuber_kit,1.3.8,111758
kubernetes,0.0.2,175100
kubernetes-api,0.1.0,3147
kubernetes-cli,0.5.0,37274
kubernetes-client,0.0.2,12120
kubernetes-deploy,0.31.1,333823
kubernetes-health,3.12.4,215313
kubernetes_health_checker,0.0.0.21,41642
kubernetes_helper,1.24.0,49993
kubernetes-io,1.0.0.pre.alpha2,516613
kubernetes_leader_election,0.3.0,10010
kubernetes-operator,0.1.3,13696
kubernetes_references,0.3.0,658
kubernetes_schemas,0.4.0,2667
kubernetes-secret-rails,0.2.2,3205
kubert,0.2.2,22257
kuberun,0.4.1,10187
kubes,0.9.3,71737
kubes_aws,0.3.2,10411
kubes_azure,0.0.0.beta,1663
kubesealr,0.1.6,8750
kube_secrets_encode,1.0.0,7768
kubes_google,0.3.11,20226
kube-templates,0.1.1,7017
kube_wrapper,1.0.1,8662
kubezilla,0.1.0,452
kubicek-ares,0.1.0,3329
kubicek-grit,1.1.1.1,8073
kublai,0.0.3,8666
kublog,0.9.0,7596
kubo,1.0.1,1620
kubot,0.1.0,2069
kubr,0.0.5,12923
kubrick,0.1.1,7397
kubs_cli,0.2.2,21962
kuby,0.1.1,6319
kuby-anycable,0.1.0,1576
kuby-azure,0.4.0,21683
kuby-cert-manager,0.4.0,31139
kuby-core,0.20.1,72913
kuby-crdb,0.3.0,20340
kuby-digitalocean,0.4.3,19931
kuby-eks,0.3.1,6402
kuby-gke,0.1.0,393
kuby-kind,0.2.3,25719
kuby-kube-db,0.7.1,22929
kuby-linode,0.4.0,8229
kuby-memcached,0.1.0,1622
kuby-prebundler,0.2.0,1728
kuby-redis,0.2.0,10131
kuby-sidekiq,0.5.0,9745
kucha,0.0.4,8375
kucodiff,0.6.1,42384
kucoin,0.1.1,11569
kucoin-api,0.2.1,4380
kucoin_ruby,0.1.13,16630
kudan,3.0.1,7507
kudo,0.2.1,2622
kudos,0.1.3,3911
kudosu,0.1.1,2032
kudough,0.0.1,3728
kudu_adapter,0.2.0,3789
kudzu,1.3.1,25796
kudzu-adapter-active_record,1.2.0,4034
kue,0.1.2,34420
kuebiko,0.2.0,8534
kueda-flickraw,0.5.2,5710
kuehne-nagel-despatch-interface,0.0.9,26539
kuende-fakeredis,0.10.0,5729
kuende-opbeat,2.0.4,7678
kueri,0.1.2,7128
kue_ruby,0.4.0,7638
ku_fu,0.0.5,16673
kugiru,0.1.1,4389
kugutsu,0.2.0,3947
kuhsaft,2.6.3,284159
kui-md,0.0.1,4086
kuiper,0.0.0a,3633
kuiq,0.1.0,268
kujibiki,0.2.2,21339
kuji-cube,1.7.0,36972
kuji-mercury-rails,0.3.3,7316
kuku,0.3,8891
kuku_view_tool,0.1.0,2005
kulas_view_tool,0.1.0,2168
ku-ldap,0.0.3,9564
kule-kule-redgreen,0.1.0,3295
kuler,0.1.0,4615
kule-redgreen,0.1.1,5697
kulesa-celluloid,0.10.2,4165
kulesa-contacts,0.2.7,8301
kulesa-sidekiq,1.2.3,7255
kul_view_tool,0.1.0,1876
kumade,0.8.2,78792
kumadori,0.8.0,3672
kuma_lib,0.2.0,5503
kumo,0.0.3,9820
kumo_config,0.0.2,4339
kumo_dockercloud,3.6.0,40828
kumo-faker,0.3.1,3312
kumogata,0.5.12,286938
kumogata2,0.1.17,65361
kumogata2-plugin-ruby,0.1.8,47206
kumogata2-plugin-yaml,0.0.1,2460
kumogata-template,0.0.38,70494
kumo_keisei,5.1.0,83219
kumo_ki,1.2.0,56149
kumolus-mongoid-enum,0.0.1,2204
kumolus-monit,0.1.1,3413
kumolus-paranoia,0.1.0,1962
kumome,0.1.0,6872
kumonos,0.24.0,57953
kumulus-stratus,0.0.0,3147
kunabi,0.0.1,2242
kung_figure,0.0.3,13287
kungfuig,0.11.4,64740
kunhello,1.1.6,2458
kuniri,0.2,5536
kunkakunka,0.0.2,4053
kunley-amazon-ec2,0.3.8,5688
kunoichi,0.0.2,6819
kuntoaji-harmony,0.5.9,14569
kuport,0.1.6,12599
kuppayam,0.1.39,92433
kura,1.0.2,130836
kurangu,0.0.12,18857
kurchatov,0.4.7,152060
kurento_rails,0.1.5,9370
kurgan,0.4.1,16307
kurin,0.0.2,4779
kurki,0.3.3,11553
kuro7-gas,1.0.3,10475
kuro-gas,1.0.4,3308
kuroko,0.0.2,8319
kuroko2,0.8.0,39045
kuroko2_read_only,0.1.0,2389
kuroko2-updater,0.1.2,3023
kuromd,0.0.1,325
kuromi,0.0.1,3764
kuromoji,0.0.1,57280
kuromoji-ruby,0.0.4,14589
kuromusic,0.0.3,7813
kuroneko,1.1.0,31695
kuro-rs,0.0.7,23781
kurosawa,0.2.0,4867
kurotoshiro-simpleMailer,0.1.6,12719
kurowski-patron,0.4.4,5066
KurozatoView,0.1.0,2131
kurproject,0.0.0,3119
kurs,1.0.2,4668
kursproject,1.4.232,4068
kurt,0.0.1,3817
kusabi,0.2.0,4473
kusari,0.2.0,7186
kush,0.0.1,3432
kushojin,0.1.6,9683
kusor-sinatra_mailer,0.9.3,3329
kustomer,0.1.0,1998
kustomizer,0.1.18,23872
kut,0.1.0,4712
kuta,0.0.1,3332
k_util,0.0.29,24802
kutt,0.2,9984
ku_ui,0.0.1,3296
kuva,0.1.2,17855
kuvera-api,0.2.0,3778
kuvert,0.0.2,9515
kuy,0.2.1,6079
kuyio-rubocop,0.2.1,1997
kuzira,0.1.0,2025
kuztuscms,0.0.10,32363
kuzushi,0.0.55,191763
kuzya,0.0.2,4542
kv,0.9.0,21233
kv_accessor,0.1.1,33680
kvanator,0.0.1,3759
kvbean,0.0.2,7264
kvc,0.1.0,15672
kv_cache,0.0.4,10842
kvd_143,0.0.0,2316
kvdag,0.1.5,5978
k-versionify,0.1.1,3898
kvetch,1.0.3,3702
kv_formatter,0.1.1,2646
kvg_character_recognition,0.2.0,9806
kvj,0.0.9,7867
kvk,0.0.1,3219
kvkuhr_palindrome,0.1.0,1900
kvm,0.0.1.pre,2657
kvmultiplex,0.1.8,3968
kvmultiplex-rcredstash,0.1.2,3785
kvmultiplex-s3,0.1.4,3921
kvn,0.2.3,11373
kvo,0.1.0,20386
kvom,6.9.0.3.197272233,122728
kvo-rb,0.0.1,4030
kvpair,0.0.1,3907
kvparser,0.0.1,3854
kvpbase,1.0.0,3114
kvs,0.4.1,8469
kvs-foreigner,0.2.2,4658
kvstore,0.1.0,2405
kvvliveapi,0.1.1,2055
kvv-liveapi,0.0.2,3674
kvx,1.1.3,94127
kwaff,1.0.0,4710
kwala,0.9.1,8291
kwalify,0.7.2,29106628
kwalify_to_json_schema,0.6.1,16536
kwalletd5-wrapper,1.0.1,1822
kw_apn,0.5.4,51019
kwartz,3.2.0,20298
kwatable,0.3.0,15464
kwatch,0.0.2,331
kwatch-merb_helpers_monkey,0.1.0,3291
kwatch-mysql-ruby,2.8.1,5742
kwattr,1.2.0,26994
k-way-merge,1.0.0,2004
kwikemon,0.0.9,25211
kwipper,0.0.1,3193
kwoon,0.0.2,8099
kwstruct,0.2.0,12528
kwurry,0.2.0,2457
kwyjibo,0.1.0,3595
kwyktree,0.2.0,1606
kxi,1.0.2,5264
ky,0.6.2,33563
k-yamada-net-ssh,2.3.0,4042
kyanite,0.8.4,120602
kyathos,0.0.1.a,2311
kybus-bot,0.8.2,10021
kybus-client,0.1.0,2195
kybus-configs,0.2.2,4131
kybus-core,0.2.0,2694
kybus-logger,0.2.3,2653
kybus-nanorecord,0.1.0,411
kybus-nanoservice,0.2.0,2171
kybus-server,0.1.1,2112
kybus-ssl,0.1.0,2117
kybus-storage,0.1.3,2218
kycaid,1.0.2,19130
kycaidplus,1.0.2,1200
kyew,0.1.2,7626
kyklos,0.0.2,6377
kyle,0.0.5,13255
kyleharv_palindrome,0.2.0,3333
kylekthompson_shoppe,1.1.0,7440
kylekthompson-shoppe,1.0.7,3132
kyle_view_tool,0.1.0,2075
kylichuku-grate-handle,0.1.2,5734
kymera,0.1.7,18992
kynda,0.1.0,1724
kynetx_am_api,0.2.30,54029
kynigos,0.0.1,2893
kyotocabinet,1.0,6028
kyotocabinet-ffi,0.1.0,3163
kyotocabinet-java,0.3.0,10076
kyotocabinet-ruby,1.27.1,19821
kyotocabinet-ruby-reanimated,1.32,9727
kyotor,0.0.1,5324
kyoto_record,0.0.5,14149
kyototycoon,0.6.1,56216
kyototycoon-client,0.0.6,16538
kyototycoon-objects,1.0.0,3814
kyotoyu,0.0.1,3491
kyoto_yumi,1.0.1,5889
kyougi,0.1.0,2512
kyoyu_ishiki,0.2.0,3568
kyper_rails,0.0.1,2295
kyrbeis,0.0.2,6021
kyruus-bootstrap-sass,1.0.0.5,13530
kytea,0.1.5,4923
kytoon,1.4.3,73634
kyu,0.1.0,8861
kyubi,0.1.1,4107
kyusik-google_analytics,1.1.5,4952
kzg,0.3.1,1451
