u,1.0.2,10184
u10d,0.3.0,8010
u110chang,0.1.1,3534
u2f,1.0.0,17547144
u2fhost,1.0.0,2063
u2i-ci_utils,3.2.1,93464
u3d,1.3.3,108580
u8,0.1.1,5704
ua,0.0.2,6039
uac,0.3.3,10371
u-action,0.0.0,1995
ua_dict,0.0.1,4079
uae-common,0.0.2,10988
uaeds,0.0.8,14774
uaenv,0.0.9,55161
uagent,0.0.4,15204
uagent_rack,0.0.1,4931
ua-google-analytics-rails,1.0.0,3748
uaid,0.1.3,5087
uaparser,1.0.0.pre.beta,2618
ua_parser,0.0.1,4658
uap-ruby,9001.0,2905
uart,1.0.0,3735
uas2git,1.0.0,21492
uat_director,0.0.5,8463
uat-discovery,0.0.2.12,12803
uat-matchers,0.0.1.12,10525
ua_town_finder,0.1.2,7419
u-attributes,2.8.0,181943
uatu,0.6.2,17093
uatu-marvel,0.1.0,10238
u-authorization,2.3.0,25299
ua-utils,0.3.3,4152
ubalo,0.30,169477
ubaron_palindrome,0.1.1,3840
ubazu,0.1.4,13490
ubb,0.0.3,7585
ubbparser,0.3.3,47995
ubcbooker,1.0.0,8566
ubc-monitor,1.1.0,4738
ubea,1.0.0,3569
uber,0.1.0,218242857
uber_api,0.1.2,8140
uber_array,0.1.0,14857
uberbringer,0.0.5,11674
uberbutton,0.1.1,7463
uber_cache,0.0.2,7658
ubercar,0.2,3547
uberchronic,0.0.0,5731
uber_config,1.1.3,251101
uberdoc,0.3.2,9846
uber-estimates,0.1.0,2729
uberflip_api,0.0.2,3744
uberhook,0.0.4,12610
uberinstaller,1.1.1,11200
uberkit,0.0.10,15176
uber_login,3.0.0,36067
ubermajestix-lightning,1.0.1,5789
ubermajestix-twitter,0.4.2,3575
uberpass,1.0.0,18114
uber_presenter,0.1.2,10598
uberquick,0.0.1,3556
uber-ruby,0.10.0,35949
uber-s3,0.2.4,193681
uberscore,0.0.5,13409
uber-sdk,0.1.1,2965
uber_select_rails,0.6.1,44581
ubersicht-ruby-sdk,1.0.0,11446
ubersmith,1.0.5,21087
uberspacify,0.9.5,18546
uberspec,0.2.1,13957
uberssh,0.2.0,5439
uber_task,0.0.0,1073
uber_view_tool,0.1.0,2047
ubi,0.0.8,9778
ubidots,1.6.0,5999
ubigeo_rails,0.0.6,11323
ubill,0.1.4,1985
ubimport,0.2.0,6756
ubiq,0.1.3,3012
ubiq-security,1.0.7,11586
ubiquitous,0.0.4,9849
ubiquitous_env,0.0.1,3943
ubiquitously,0.1.0,11169
ubiquitous-memory-jekyll-theme,1.0.0,4065
ubiquitous_user,0.5.0,31388
ubiquity,0.0.6,9847
ubiquity-envoi,1.0.0,2177
ubiquity-iconik,1.1.0,2705
ubiquity-mediasilo-api-v3,1.0.0,2188
ubiquity-vdms,1.0.0,2174
ubiquity-wiredrive,1.1.0,3729
ubiquo,0.6.3,143834
ubiregi,0.0.1,3646
ubistrano,1.2.7,4744
ubnt-usg-restore,0.1.0,2000
uboost-client,0.2.0,32572
ubox,0.2.2,26108
ubr,0.0.1,3400
ubsafe,0.5,4805
ubuntu_ami,0.4.5,226638
ubuntu_amis,0.0.2,6575
ubuntu-machine,0.5.3.2.25,4577
ubuntu-machine-rachid,0.5.3.2.24,7881
ubuntu_unused_kernels,0.2.0,13230
ubuntu_update,0.0.2,5731
ubxd_support_rota,0.0.2,7678
uby,0.0.0,3974
uby_interpreter,1.0.1,6815
ubyray,0.0.3,4288
uc,0.2.2,48443
uc3-citation,0.0.5,4672
uc3-dmp-api-core,0.0.22,8015
uc3-dmp-citation,0.0.13,3636
uc3-dmp-cloudwatch,0.1.0,2360
uc3-dmp-cognito,0.0.7,3116
uc3-dmp-dynamo,0.0.21,7427
uc3-dmp-event-bridge,0.0.8,3479
uc3-dmp-external-api,0.0.21,7010
uc3-dmp-id,0.1.34,43573
uc3-dmp-provenance,0.0.12,4332
uc3-dmp-rds,0.0.27,7714
uc3-dmp-s3,0.0.6,2973
uc3-sam-sceptre,0.0.29,7326
ucallback,0.0.2,4419
u-case,4.5.2,174258
ucb_confluence,0.0.10,27875
ucb_deployer,1.1.1,117208
ucb_groups,0.0.8,18657
ucb-hcm,3.2.1,9194
ucb_ist_unix,1.1.4,4693
ucb_ldap,3.1.3,37238
ucb_orgs,1.1.0,5013
ucb_rails,0.0.14,36604
ucb_rails_ci,1.0.1,3221
ucb_rails_cli,1.3.0,8107
ucb_rails_security,2.1.1,18428
ucb_rails_user,6.2.0,37918
ucb_site_announcements,0.3.0,553
ucc,2.0.4,16308
uc_card,0.0.3,4277
ucd,0.1.4,9052
ucengine,0.5.3,35306
ucenter,0.1.3,12785
ucenter_authcode,0.2,6575
ucert,0.2.57,2142
ucf,2.0.2,41857
ucfg,0.1.0,2579
ucf_messages,0.0.5,10846
uchardet,0.2.0,19790
uchip,1.0.0,2138
uchouhan-rubycas-server,1.3.a,10372
uci,0.0.2,4186
ucisc,0.1.4,6898
ucl,0.1.3.1,1802
uclapi,0.3.0,5230
uclassify,0.1.1,7368
ucl_last_16_draw,0.0.0,574
ucloud_api,0.0.5,13177
ucloud_ruby_sdk,0.0.3,7444
ucloudstack,0.0.4,14044
ucloud_storage,0.0.15,28934
uc.micro-rb,1.0.6,41720
ucmt,0.0.1,2277
uc_number_validator,0.0.2,4259
ucnv-aviglitch,0.0.1,3372
ucnv-chainsaw,0.0.3,10107
uco,0.1.0,2505
ucodeIssuer,0.0.2,5992
ucool,1.0.0,4132
ucpaas,0.1.4,7104
ucpengine,0.1.2,20825
ucrdtw,0.0.1,3197
UCSAPI,0.0.9,14454
UCSCBin,0.2.2,13923
ucslib,0.1.9,39432
UCSLogModel,0.1.16,35675
ucss,1.2.0,4348
uc_student_number,0.0.1,2741
uc_student_number_validator,0.1.0,2732
uc_test_tech_gem_test,0.0.2,3522
ud,0.4.0,31087
udacicharts,0.0.4,3040
udaci_charts,0.0.3,6535
udat,1.4.1,33967
uddi4r,0.9,11158
udemy,0.1.4,8438
udgenerator,1.1.0,17817
udger,0.1.1,19643
udjrb,0.0.3,5123
UDJrb,0.0.2,9834
udm,0.1.0,2259
udn,0.3.23.5,17036
udon,0.0.4,16084
udongo,7.9.0,120990
udooneorest,1.2.0,10704
udp2sqs_client,0.2.0,6117
udp2sqs_server,0.1.0,3572
udpbucket,0.1.0,14976
udpfire,0.0.1,3714
udpmulticast,0.0.8,16583
udp_rest,0.9.2,4124
udrs,0.1.5,13138
uds_plus_test_kit,1.0.7,2953
ud_sync,0.1.1,4798
udt-itf-theme,0.1.0,421
udup,0.1.5,2112
ue,0.0.0,1033
ue4-test-runner,0.0.6,8500
uea-stemmer,0.10.3,75926
ueb_connector,0.0.1,3273
uec_express_api,0.1.1,14709
ueditor,0.0.2,7189
ueditor_rails,0.0.4,9632
ueditor-rails,1.2.5.3,6508
ueditor.rails,0.0.5,10235
ueditor_rails4,0.0.5,3496
UEL,0.1.1,3133
uencode,3.1.0,16065
uenf_layout,1.3.12,43744
ue-ruby-sdk,1.1.13,22858
uesc-watcher,0.2.1,2314
uf,0.1.0,905
ufc_rankings,0.1.0,2640
ufc_schedule,1.2.0,12830
uff_db_loader,3.1.0,7202
uffizzi-cli,2.4.9,38826
uffizzi_core,2.4.7,63545
uffizzi-core,0.1.13,1692
ufid_parser,0.2.0,5001
ufo,6.3.13,324407
ufooar,0.1.1.140,4582
uformats,1.2.1,4547
ufos,1.0.94,2525
ufujs-rails,0.0.2,13620
ugalic_moneta,0.0.2,7300
ugalic_yelp,0.0.1,4025
uga_uga,1.0.0,5384
ugc,0.9.10,45610
ugcleague,1.2.3,10975
ugh,1.0.0,3382
ugigi,0.4.2,29041
uglier,0.1.2,4047
uglifier,4.2.0,250146399
uglifier-rails,3.2.0.rc2,16818
uglifier_with_source_maps,1.0.0,23410
ugly.automata,0.1.0,4050
ugly_face,0.8,16575
ugotserver,0.0.2,5824
UG_RRobots,2.2,17904
ugv,0.0.2,6032
uh,2.1.1,58232
uhees-declarative_authorization,0.3.2.2.1,5561
uhees-php_serialize,1.1.3,10188
uhees-php-serialize,1.1.0,3383
uhferret,1.3.7,15905
uhh,1.0.0,4196
uhhh,0.0.0,2658
uhid,0.1.1,376
uhide,0.0.34,53074
uh-layout,0.5.3,53358
uhl-cap-recipes,0.2.11,37623
uhlenbrock-slicehost-tools,0.0.8,14662
uhoh,0.0.1,3592
uhoh1,0.0.1,3445
uhu,0.0.5,12431
uh-wm,0.2.2,41007
ui,0.0.0,5225
ui2api,0.3.0,2111
uia,1.0,87829
ui_alchemy-rails,1.0.12,61281
uiauto,0.2.1,11588
ui_avatars,0.0.3,3874
ui_bibz,3.0.13,243559
uibox,0.0.1,3258
ui_changed,0.0.6,16971
uicon,0.0.4,10376
uicov,0.0.1,2959
uid2,0.2.1,4982
uidable,2.0.2,16506
ui_datepicker-rails3,1.2.0,72305
uid_attribute,0.3.0,13663
ui-delta,0.5.3,556
uifaces,0.0.2,7292
ui_faces,0.1.4,18721
ui_guiders,0.1.2,6392
ui_helpers,0.0.1,3901
ui-helpers,0.0.2,4320
ui_interactors,0.4.1,8588
uikit,0.1.0,6294
uikit2-rails,0.1.10,25508
uikit3-rails,0.1.1,3960
uikit_for_rails,3.0.0,1945
uikit-on-rails,1.5.2,5978
uikit-rails,1.0.1,19430
uikit-reset,1.1.2,6690
uikit-sass-rails,1.4.1,18955
uinput,1.2.0,9095
uinput-device,0.4.0,16681
uinput-keyboard,0.3.1,16555
uirecorder,0.1.0,2409
uirusu,1.1.1,53012
uispecrunner,0.4.6,48218
uistiti,0.2.5,1779
uits,0.0.0,4378
uiux,0.2.7,19366
uix,0.0.0,150
uix_validations,0.5.1,12994
uiza,1.2.0,7435
uiza_dieu_test,0.1.0,1832
uiza_framgia_test,0.1.1,1832
uiza_minh_phong,0.4.0,1821
ujihisa-net-https-wrapper,1.0,3336
ujsos,0.0.6,18800
uk_academic_calendar,1.1.0,628
uk_account_validator,0.0.11,373827
uk_account_validator_auctionet,0.0.9,3301
uk_address_parser,0.2.0,4196
uk_buses,0.5,8892
ukclockchange,0.1.0,1641
ukcloud-vpn,0.0.6,2500
uk_companies_house,0.1.5,6588
uke,1.0.3,7427
ukemi,0.4.1,7811
ukey,0.1.4,8357
uk-hs_code,0.1.2,1150
uki,1.1.4,28398
ukku,0.3.0,16356
uk_lottery_picker,0.0.3,6975
ukoyg,1.2.3,3255
uk_parliament,0.1.0,2522
uk_phone_numbers,0.1.1,172140
uk_pincode,0.1.0,1915
uk_planning_scraper,0.5.0,8131
uk_postcode,2.1.8,1231789
uk_postcodes_io,0.3.0,5011
ukrainian,2.6.0,27780
ukrainian_id_number,1.1.1,544
uk_ranking,0.54.0,24838
ukrlatinka,0.1.3,7470
ukstudio-geokit,1.5.1,4426
uk_translator,0.1.6,5302
uktt,0.2.15,2879
uk_validators,0.3.0,13359
uk_vehicle_data,0.4.2,9149
uk_working_days,1.0.2,38344
ulaminate,0.1.0,1997
ulam_spiral,0.0.3,6202
ulbrich-couchsphinx,0.2,3341
ulbrich-jruby-enginize,0.7.2,25986
ule_page,0.2.0,11931
ulery_view_tool,0.1.0,1925
ulg,0.2.6,29611
ulid,1.4.0,7379551
ulid_fast,0.1.0,91834
ulid-rails,2.1.0,38046
ulid-ruby,1.0.2,2545644
ulink-checker,0.0.3,6390
ulisesrivas_palindrome,0.2.0,471
ulla,0.9.9.2,30057
ull-etsii-alu0100315462-quiz,0.0.2,5455
ULL-ETSII-Alu3177-Quiz,0.1.4,9641
ull-etsii-alu4214-quiz,0.1.1,7624
ull-etsii-alu4237-quiz,0.0.1,3855
ull-etsii-alu4321-quiz,1.0.0,6537
ullr,0.1.4,15807
ully,0.4.0,12595
ulms_client,0.2.2,8248
ulmul,0.6.0,25714
ulock,0.1.3,2052
u-log,0.2.0,5898
ulpos,0.1.3,6596
uls,0.4.0,2009
ult,0.0.7,3109
ultex-axe,0.2.1,2279
ultex-eos,0.2.2,3859
ultex-hthcoin,0.2.1,2286
ultex-sinovate,0.2.1,2270
ulticoder,0.0.2,5739
ultimate-base,0.7.2,61956
ultimate_enumerable,0.1.0,397
ultimate-flash,0.9.2,29155
ultimate-helpers,0.2.2,12880
ultimate-log-silencer,0.2.1,10201
ultimate_lyrics,0.1.3,4916
ultimate-minitest-rails,0.2.0,3092
ultimate-mixins,0.1.0.0,3987
ultimate_tic_tac_toe,0.0.22,6265
ultimate_turbo_modal,1.6.1,3796
ultra7,1.0.0,14183
ultracache,0.1.4,15914
ultracart_api,4.0.211,294816
ultra_command_line,0.4.16,13883
ultra_config,0.15.4,36859
ultra-dao,0.1.0,2197
ultradns-sdk,0.0.6,17412
ultradns-sdk-fixed,0.0.7,2337
ultradns_updater,0.0.24,32798
ultrafast,0.1.11,9343
ultrafastsum,0.1.1,1830
ultragrep,0.10.0,5931
ultrahook,1.0.1,1182793
ultra_light_wizard,0.1.4,21204
ultra_marathon,0.1.10,26147
ultra_markdown,0.4,13231
ultra-minimalista,0.1.0,2439
ultra-minimal-theme,0.1.4,3585
ultra_pending,0.2.0,3637
ultra_polygons,0.0.0.pre1,1367
ultra_pow_list,0.1.1,7213
ultraquiz,0.0.1,3402
ultra_settings,1.0.1,13572
ultrasoap,0.1.6,19275
ultraspeed-epp,1.0.8,21432
ultrasphinx,1.11,50271
ultravault,1.4.1,9230
ultraviolet,1.0.1,63244
ultraviolet1x,0.14.0,14256
ultravisor,0.0.0.3.g8cf10dc,1578
ultron,0.2.2,50370
ulule,1.0.0,12266
ul-wukong,4.1.1,5566
ulysses,0.4.2,12506
ulysseslin_test_gem,1.0.3,7438
u_mad,0.0.2,5697
umami,0.1.0,3736
umang-gruff,0.3.6,3327
umanni-email-contacts,0.0.3,10087
umanni-multipart-post,0.0.0.4,13030
umanni-picasa,0.0.0.12,36155
u-mann-whitney,0.2.1,16466
umappp,0.2.0,3244
umarcts-sensu-plugins-slurm,1.0.1,3472
umarcts-sensu-plugins-statuspage,1.1.0,2506
umarell,1.5.0,10294
umatic,0.1,3619
umbongo_umbongo,0.0.0,3020
umbra,0.0.1,3263
umbra-rb,0.3.0,16732
umbrel-docs,0.2.1,6924
umbrella,0.0.0,4588
umbrella_cli_app,0.2.1,4816
umbrellalinter,0.3.0,8854
umbrellify,0.0.1,1858
umbrellio-sequel-plugins,0.14.0.192,277632
umbrellio-utils,1.0.0,36466
umbrello_scaffold,0.0.2,6940
umbreo_cli,1.0.143,8414
umbrtonic,0.2.0,27986
umd,0.1.0,2352
umeditor-rails,1.0.0,3310
umeng,0.2.1,25861
umeng_message,1.0.2,3915
umeng_msg,0.2.1,7122
umengo,0.3.0,9335
umeng_push,0.0.2,4692
umeng_pusher,0.1.1,3526
umeng_verify,0.1.1,2040
u-menu,0.10.0,1957
umesh_gem,0.1.0,2214
umf_pay_service_ruby,1.0.0,2154
umka_juggernaut,0.0.1,4092
uml_architect,0.0.4,6053
umlaut,4.1.7,139818
umlaut_borrow_direct,1.0.2,13843
umlautify,0.0.6,15823
umlaut_journal_tocs,0.0.1,3091
umlaut-primo,1.0.0,16998
umlify,1.2.6,37238
umodule-source,0.5.1,6041
umount-many,0.2.0,17327
umpire,0.4.0,3039
umruhren,0.0.1,3631
ums,0.1.2,13071
umts-custom-cops,1.0.1,16731
umts-custom-matchers,2.0.0,10292
umts-microservices-engine,0.1.2,19074
umu,0.1.6,2551
umueller_palindrome,0.1.2,4618
umwelt,0.2,4571
un,0.3.0,271049
unabridged,0.0.1,3670
unaccent,0.4.0,6244533
unageanu-clickclient,0.0.3,3324
unageanu-clickclient_scrap,0.1.6,16971
unageanu-javaclass,0.4.0,13688
unageanu-jiji,1.2.4,30541
unagi-notifications,1.0.2,5914
unambiguous_string,0.1.0,1943
uname,1.0,4753
uname-wrapper,1.0.3,10130
unapi,0.0.7,24198
unarchiver,1.0.0,137
unassuming,0.0.2,3447
unasukecop,0.7.0,18122
unavailability,0.1.3,4703
unbabel,0.0.2,5361
unbelievable,0.1.0,3584
unbind,0.0.1,3482
unboolean,0.0.2,5872
unbork,1.0.1,7899
unbounce,0.1.2,4464
unbounce_client,0.0.3,8968
unbound,2.1.0,16138
unbounded,0.0.3,11487
unboxed-capistrano-recipes,0.0.4,6320
unboxed-less,1.2.19,7828
unbrace,0.5.1,474
unbreakable,0.0.6,19072
unbundler,0.0.2,5886
unbutton,0.2,226723
uncapitalize,1.0.0,4289
uncertain,0.1.0,4482
unchained,0.0.3,8461
unchanged_validator,1.0.1,5407
uncharted,0.0.16,35783
uncharted-scheduler,0.1.5,19811
uncle,0.0.4,10412
unclebilly-activerecord-oracle_enhanced-adapter,1.2.4,4171
uncle_blake3,0.0.3,2936
unclekryon,0.4.11,5424
uncoil,1.2.0,13120
uncomplicated_mutex,1.2.2,28289
uncomtrade,0.1.0,2970
unconnected,0.0.5,11431
unconstrained,0.0.7,12547
uncool,1.0.1,7647
un_countries,1.0.1,7256
un_countries_short,0.1.1,4004
uncouple,0.2.2,21333
uncruft,0.4.0,176189
uncsv,1.1.0,5324
uncut,0.1.1,6749
undantag,0.0.3,9460
undata,0.1.0,7120
undead,0.2.0,5579
undecided,0.1.2,7340
undees-bacon,1.1.1,3324
undefined,0.1.0,4075
undelayed_job,0.0.1,4468
undeletable,1.0.1,34553
undelivered,0.1.0,2265
undercarriage,0.5.7,20000
undercase,0.2.57,5637
under_construction,0.2.2,21725
undercover,0.5.0,14206332
undercover-checkstyle,0.3.0,46305
undercover-tourist,0.3.0,2343
under_fire,0.7.0,6006
underglow,0.2.1,46157
undergrounder,0.1.0,3600
undergroundweather,0.0.3,10106
underlay,2.0,4840
underlock,0.0.5,5810
underlog-campfire-cli,0.0.1,3329
underlog-unpacker,1.0.0,3347
underoos,1.1.0,6996
under-os,1.4.0,18106
under-os-core,1.4.0,3700
under-os-crop,1.0.0,3536
under-os-http,1.4.0,3621
under-os-image,1.0.0,3511
under-os-sharing,1.0.2,8330
under-os-ui,1.4.0,3650
underpants,0.0.0,5345
UnderpantsGnome-autotest-growl,0.1.2,3411
UnderpantsGnome-feedzirra,0.0.16,7886
UnderpantsGnome-rfeedparser,0.9.960,3450
UnderpantsGnome-sax-machine,0.0.14,5573
UnderpantsGnome-sunspot,0.9.8.1,5642
underpass,0.0.7,10765
under_rack,0.0.1,4035
underscore,0.0.0,7952
underscore_extensions,0.2.7,146651
underscore-inflections-rails,1.1.0,10410
underscore_params,0.0.2,6553
underscore_plus,0.9.1,6071
underscore-rails,1.8.3,9213242
underscore-source,1.3.3,133231
underscore_string_rails,3.0.2.0.2,3377
underscore_string-rails,2.3.3,10717
underscore-string-rails,0.0.2,183725
underscore-string-set-rails,1.0.2,18222
underscore-template,0.0.1,4000
underscore-template-rails,0.0.2,43186
underscore_win32ole,0.0.1,4431
underscorize_keys,0.0.1,5050
underscorize_params,1.0.0,5201
understudy,0.0.11,28576
unders-validates_as_hostname_label,1.1.0,3361
undertaker,0.1.0,4358
undertaker-rails,0.0.2,3395
undertaker-s3,0.0.1,3447
undertexter,0.1.12,53409
underused-textstats,0.0.2,3349
underware,1.1.1,12178
underway,2.0.0,7895
underwear,0.0.1,3069
underworld,1.0.0,2443
undestroy,0.1.1,12942
undestroyable,0.0.2,6897
undies,3.1.0,36963
undine,0.2.0,3144
undll32,0.3.4,11777
undns,0.4.0h,8658
undo,1.0.0,16972
undockerizer,0.0.0,427
undoer,0.1.2,5485
undo-manager,0.0.1,3170
undo-serializer-active_model,0.2.2,16068
undo-serializer-primitive,0.1.0,9091
undo-storage-rails_cache,0.1.0,6607
undo-storage-redis,0.1.0,13009
undo-wrapper,0.0.1,3580
undraw,0.3.5,39763
undress,0.1.1,8000
undrive_google,1.1.1,2412
unencumbered,0.2.0,18300
unenviable,0.4.4,20747
UNESCO_World_Heritage_Sites,0.1.2,4833
unexceptional,0.0.2,6635
unextendable,0.1.7,23010
unf,0.1.4,407903556
unfext,0.0.1,1942
unf_ext,0.0.9.1,437982310
un_fichier_api,1.0.1,3856
unfickle,0.2.0,13099
unfictionWP,0.1.0,1657
unf-ir,0.3.0,7086
unflat,0.2.0,406
unfold,1.1.2,12920
unforassets,1.5.0,11807
unfor_base_api,1.5,15696
unforgettable,0.2.1,7558
unforlogistics-api,0.13,20318
unforsaken69_voting,0.1.0,2469
unfuddle,0.1.1,4559
unfuddle_my_email,0.2.2,17456
unfuddler,0.0.4,17815
ungarbled,0.0.11,66146
ungodly,0.9.2,9428
ungulate,0.2.1,80134
unhaddins,3.0.0.899.20100722,4395
unhandled_exception_formatter,0.1.0,872
unhappymapper,0.5.0,25645
uni,0.1.0,21505
uniara_virtual_cli,0.0.2,5126
uniara_virtual_parser,2.1.3,34408
unibanner,0.0.23,31930
unibits,2.12.0,28942
unicache,0.0.4,10280
unicafe,0.0.3,3543
unicap,0.0.3,8972
unichars,0.5,16520
unichron,0.4.1,18361
unicode,0.4.4.4,8029789
unicode2latex,0.0.6,214029
unicode-age,2.4.0,16789
unicode_alphanumeric,0.0.1,5915
unicode_barchart2020,0.1.1,3167
unicode-block,1.1.1,10075
unicode-blocks,1.9.0,82672
unicode_case_converter,1.0.0,19509
unicode-categories,1.9.0,78881
unicodechars,0.0.2,8133
unicode-confusable,1.10.0,375868
unicode_converter,0.1.1,1311
unicode_country_flags,0.1.2,7330
unicode-data,0.1.1,3024
unicode-display_width,2.5.0,525579998
unicode-eaw,2.2.0,26780
unicode-emoji,3.4.0,5053030
unicode_japanese,0.3,68340
unicode_madness,1.0.2,4450
unicode_math,1.5.0,16233
unicode-multibyte,0.2.6,18676
unicode-name,1.12.0,214070
unicode-numeric_value,1.10.0,31279
unicode_plot,0.0.5,4798305
unicoder,0.1.0,5336
unicode_range,1.0.0,1941
unicode_scanner,1.0.1,455925
unicode-script,0.1.7,8098
unicode-scripts,1.9.0,402412
unicode-sequence_name,1.13.0,188410
unicode_snowman,0.1.0,3090
unicodetiles,1.0.0,3986
unicode_titlecase,0.0.2,189465
unicode-tools,2.0.1,7464
unicode-types,1.9.0,599975
unicode_utils,1.4.0,81918198
unicode-version,1.4.0,3108147
unicode-x,15.1.0,35088
unicolor,1.0.0,4098
uniconvert,0.2.2,12432
unicopy,1.0.3,6029
unicorn,6.1.0,100443246
unicorn-academia,4.7.0.1,3520
unicorn_adventure,9001.0,1928
unicorn-autoscaling,0.0.2,6365
unicorn-camilo,5.0.0,71909
unicorn-configurator_from_env,0.0.1,3229
unicorn-ctl,0.1.8,25111
unicorn-cuba-base,1.6.0,28546
unicorn_deployer,0.0.1.9,24446
unicorn-directory-watcher,0.1.5,19020
unicorn-engine,1.0.1,3732
unicorn-formatter,0.1.3,17090
unicorn-fotopedia,0.99.1,4402
unicorn-heroku,4.3.1.1.gc608.dirty,5965
unicorn-heroku-wait,4.8.0.2,5730
unicorn_horn,0.2.2,17111
unicorn-instruments,0.0.4,11491
unicorn-lb-patch,4.3.1.13.gb7d9,4937
unicorn-lockdown,1.2.0,11056
unicorn-log_error_one_liner,0.0.2,12165
unicorn-maintained,6.2.0,165
unicorn_metrics,0.2.1,7246
unicorn-padrino,0.0.2,13095
unicorn-prewarm,0.1.0,8012
unicorn-rails,2.2.1,8474371
unicorn_relay,0.1.0,5177
unicorn_service,0.5.1,7775
unicorn-shopify,5.3.0,18826
unicorn-simon,0.0.7,12133
unicorn-soft-timeout,0.2.0,5748
unicorn-standby,0.1.1,4424
unicorn_status,0.0.1,3355
unicorn-timeout,1.0.0,21864
unicorn-timeout_backtracer,0.0.3,6844
unicorn_use_special_port,0.0.1,3632
unicorn-worker-killer,0.4.5,25565487
unicorn-worker-killer-2,1.0.1,3588
unicorn_wrangler,0.7.0,28842
unicorn-wrangler,0.0.8,24902
unico-training,7.8.0,1920
unicron,0.1.2,8047
unidad,0.0.1.beta6,10179
unidad_util,0.0.1.beta1,2296
unidata,0.0.12,33833
unidecode,1.0.0,690936
unidecoder,1.1.2,1929717
unidom-accession,3.0,40976
unidom-action,2.0,83029
unidom-article_number,3.0.1,50901
unidom-authorization,2.0,47160
unidom-category,2.0.1,45957
unidom-certificate,3.0.1,35891
unidom-certificate-china,2.0,44945
unidom-common,3.0,806870
unidom-common-rspec,2.0.2,36483
unidom-contact,2.0,43774
unidom-contact-china,2.0,36179
unidom-dictionary,1.0,18375
unidom-geo,2.0.1,46877
unidom-geo-china,1.0.2,43793
unidom-inventory,2.0.1,36962
unidom-order,2.0.1,46726
unidom-party,2.0,65635
unidom-party-china,1.0,30960
unidom-position,2.0,43390
unidom-price,2.0.1,51029
unidom-product,2.0,45787
unidom-region-china,1.2,8396
unidom-requirement,1.0,15108
unidom-score,2.0,33842
unidom-sequence,1.0,16751
unidom-shipment,1.0,36460
unidom-shopping,2.0.1,48940
unidom-standard,2.0,44698
unidom-stapar,0.6,8608
unidom-visitor,2.0,90056
unienv,0.0.15,28587
unienv_api,1.0.0,1566
unifacop,1.11.0.0,44831
unifi,0.1.0,13753
unifi-api,0.1.2,6901
unific,0.12,11700
unification_assertion,0.0.1,230870
unified,1.0.2,8830
unified2,0.6.1,40046
unified-assets,0.0.1,3821
unified_csrf_prevention,1.0.0,1945
unified_db,0.2.7,29783
unified_diff,0.3.6,129589
unified_hyphen,0.0.2,5719
unified_iap,0.0.1,3098
unified-logger,0.1.5,4141
unified_matchers,0.1.6.1,7787
unified_page_object,0.0.1,3365
unified_partials,0.0.2,5941
unified_payment,1.1.0,8189
unifiedPlot,0.0.6,14004
unified-queues,0.1.0,4019
unified-redis,0.0.2,7036
unified_settings,0.1.2,2211
unifig,0.4.0,3619
unifi_gem,0.2.3,3337
unifig-env,0.3.1,2212
unifig-rails,0.4.0,2367
unifi_protect,0.1.0,1601
uniflake,0.0.1,406
unifonic_integration,0.1.3,688
unifonic_sms,1.0.0,7356
uniform,0.0.1,8103
uniform_invoice_lottery,0.0.3,7434
uniformity,1.0.0,7466
uniformjs-aristo-rails,0.2.0,5109
uniformjs-rails,3.0.1,16206
uniform_notifier,1.16.0,111115991
uniform_resource_identifier,0.1.22,67051
uniform-ui,2.4.1,29835
unify,0.0.0,4429
unigems,0.0.1,4207
unigo-ruby,1.0.1,304
unigo-sender-simple,0.0.13,269
unigrep,1.0.0,4163
unigunkan,0.0.13,36331
unihan,5.0.0.1.1,4521
unihan2,1.1.0,10007
unihawk,0.0.2,6641
unilogger,0.0.1,4124
unimatrix,3.4.0,51921
unimatrix-activist,1.0.4,7256
unimatrix-cli,2.4.0,5022
unimatrixZxero-flickr,1.0.8,3314
unimedia_ip_checker,0.0.9,14030
unimidi,0.5.1,404521
uninclude,1.3.0,13871
unindent,1.0,849317
unindentable,0.1.0,26137
uninhibited,0.1.0,4358
uninterruptible,2.6.0,36678
union,1.2.0,28815
union_bank-e_crediting,0.2.0,30484
unione-ruby,1.0.1,4066
unionf,0.1.0,2194
union_find,0.0.2,5916
union_find_tree,0.1.2,5526
union_of,0.0.2,321
unionpay,0.0.9,17888
unionpay_app,0.9.0,9473
unionpay_open,0.1.0,3516
union-pay-ruby,0.0.1,3342
unionpei,1.3.1,13466
union_station_hooks_core,2.1.2,22355
union_station_hooks_rails,2.0.0,5240
unionvalue,1.1.0,5685
uniparser,0.1,326
uni_parser,0.0.2,4830
unipass_api,0.0.2,6967
unipept,3.1.0,112512
uniprop,0.1.0,403
unipump,0.3.0,268
unipush,0.2.3,26686
uniqable,0.4.1,20896
uniqc,0.1.1,3923
uniq_char,0.2.0,3679
uniq-ci-reporter,0.2.6,10300
uniq-deploy,1.0.1,9488
uniq-gem-repo,0.0.3,10198
uniqid,0.1.1,1612
uniq_identifier,0.1.1,16905
uniq_logger,0.1.7,18275
uniq_number_id,0.0.2,5321
uniq-red-process,0.0.5,12266
uniq-registor,0.0.3.1,3952
uniq_token,0.1.0,1957
UniqToken,0.2.1,3198
unique,0.1.0,19067
uniqueable,0.0.7,17720
unique_attributes,0.1.2,60365
unique_by,3.0.0,943135
unique_by_date,1.0.0,3670
uniqueCalculator,1.2.7,1099
unique_content_set,0.1.0,9126
unique_delayed_job,0.1.1,11117
uniquefy,0.0.4,12851
unique_generator,1.0.1,16342
unique_id,0.0.2,6701
unique_identifier,0.0.4,21509
unique_item_attributes_validator,0.0.1,2900
unique_job,0.5.0,15827
uniqueness,1.1.0,336969
uniqueness_with_deleted_validator,1.1.0,6708
unique_nested_validator,1.0.1,5292
unique_permutation,1.0.2,25500
unique_rapidfire,1.0.0,3433
unique_response_ruby,0.1.0,2763
unique_thread,0.5.0,10292
unique_token,0.0.0,4422
unique_validation_inspector,0.3.0,47453
uniquify,0.1.0,79526
uniquify_roniyaar,0.1.0,3720
uniquify-uuid,0.0.4,17786
uniqush-rb,0.0.5,14368
uni_rails,0.3.0,590
unirer-bootstrap,0.12,24642
unirer-dosser,0.3,7136
unirest,1.1.2,1117424
unirest-2x,1.1.3,4822
unirest-bharthur,0.0.1,2295
unirole,0.1.2,14042
unisat,0.1.0,563
uniscribe,1.9.0,15954
uni-sdk,0.3.0,1101
unisec,0.0.5,1407
uni_sender,0.1.0,20065
unisender_api,0.0.3,8550
unisender-rails,0.0.3,9417
unisms,0.1.0,2493
unistats,1.0.0,3946
uniswap,0.1.0,469
unit,0.5.0,30372
unit4-checkout,0.2.2,3984
unitard,0.1.0,3641
unit_controller,0.1.0,4585
unit_conversion,1.0.2,14899
unit_converter,0.0.0,3843
UnitConverter,0.1.0,479
unitcorn,0.0.0,2990
unite,2.0.0,19698
united,0.0.1,2619
united_attributes,0.1.0,3603
united_states,1.2.2,20935
unite_parser,0.0.1,3869
unite_rb,0.1.0,2580
unitf-logging,0.1.2,3596
unitf-tag,0.1.16,7844
unitfy,1.0.0,4003
unit_hosting,0.0.2,7639
unit-hosting,0.4.1,43570
unit_manager,0.1.3,1025
unit_measurements,5.17.0,16693
unit_measurements-rails,1.6.0,2116
unitpay,1.0.1,19865
unitpay_api,1.0.0,2474
unit_quaternion,0.0.5,11341
unit_record,0.9.1,35874
unit-ruby,0.4.2,11629
unit_ruby_sdk,1.5.0,8740
units,1.0.1,9813
units_converter,0.0.3,6571
unitsml,0.2.6,11585
units-money,0.1.1,4520
unit_soup,0.1.1,2172
unit_split,0.1.0,2451
units-system,0.3.0,44504
unit_st,0.1.6,699
units-time,1.1.0,7310
unittest-colorizer,0.1.0,4506
unittk-nifty-generators,0.1.7.2,7880
unit_trust,0.1.0,3130
unit_validation,0.0.2,6735
unit_validator,0.2.2,10835
unitwise,2.3.0,991026
unitwise-193,1.0.4,3186
unitwise-constants,1.0.1,3454
unitwise-parse,1.1.0,6288
unity,2.0.414.0.20100814,17783
unityapi,0.1.1,9335
unity-captcha,1.0.1,2499
unity-code-templates,0.0.6,15647
unity-configuration-container,1.1.0,2201
unity-dependency,1.0.1,939
unity-dependency-container,1.1.3,4286
unity-dynamodb-attribute-deserializer,1.0.0,1854
unity-dynamodbstreams-event-parser,1.0.0,1838
unity-dynamodbstreams-event-processor,1.0.1,1752
unitylock,0.1.0,2437
unity-middleware,0.0.3,7339
unitypackage,0.1.0,2217
unitypath,1.0.0,2872
unity_test_results,0.1.1,65278
unity-utils,0.1.1,2962
unival,0.0.3,7790
univedo-shell,0.5.0,12115
universa,3.14.5,79152
universal,0.3.5,39163
universal-access-log-parser,1.0.1,9911
universal_api,0.0.11,2681
universal_data_parser,0.0.4,9728
universal_dom_remote,0.1.1,3573
universal_excel_parser,1.1.0,2333
universal-git-client,2.1.0,15185
universalid,0.1.7,12229
universal_identifiable,0.1.0,8816
universal_ruby_whois,1.2.10,22637
universals,0.0.2,3771
universal_s3_uploader,0.2.0,46557
universal-track-manager,0.7.6,115117
universaltranslator,1.1.0,5711
universal_validator,1.0.2,7579
universal_validators,1.0.0,3108
universal_validators_rails,1.0.0,3060
universa_tools,0.1.7,13346
universe,0.1.1,4306
universe-common,0.1.1,4361
universe_compiler,0.5.6,46637
universe-core,0.1.1,7515
universe-db,0.1.1,7503
universe-devtools,0.1.1,4355
universe_gsh,0.0.1,4099
universe-javascript,0.1.1,7559
universe-kushal,0.1.0,976
universe-parsing,0.1.1,7546
universe-rack,0.1.1,4291
universe-rack-testing,0.1.1,7536
universe-rails,0.1.1,4361
universe-rails-testing,0.1.1,7442
universe_simulate,0.1.0,2382
universe-sinatra,0.1.1,7543
universe-staticweb,0.1.1,7406
universe-templates,0.1.1,7565
universe-testing,0.1.1,7543
universe-webframeworks,0.1.1,4296
universe-webserver,0.1.1,7565
universign,0.4.0,20276
universities,0.1.1,3396
university,0.0.1,3942
university_cli_app,0.1.3,6113
university_major_subjects,0.1.2,7035
universum,0.5.1,14428
unix,1.0.3,2092
unixcmd,0.2.12,19886
unix_commander,0.1.6,19953
unixconfigstyle,1.0.0,3542
unix-crypt,1.3.1,2715092
unix_epoch,0.2.1,10136
unixinfo,1.0.0,6166
unix_like_permissions,0.4.14,1657
unixoid-challenge,0.1.4,20878
unix-ps,0.0.8,17494
unixrack,1.0.6,15220
unix_ugm,0.0.6,12566
unix_user_manager,0.1.1,18331
unix_utils,0.0.15,584486
unix-whereis,0.1.1,82064
unk,0.0.4,8844
unknown,0.1.0,3101
unknown_admin,0.1.5,19114
unknownr,0.2.2,12336
unko,0.0.1,3029
unlaut,0.3,3718
unlearn,0.1.0,2283
unleash,5.0.1,21859947
unleash-admin,0.1.0,246
unleash-client-ruby,9001.0,2410
unleashed,0.1.18,25840
unleashed_client,0.1.0,1720
unleash-incognia,0.2.0,10274
unlicense,1.0.0,1644
unlight-cli,0.1.0,2252
unlimit,0.0.9,38660
unlimited-strength-crypto,1.2.3,5761
unlock_auto_html,0.0.2,5484
unlocket,0.0.2,7133
unlock_gateway,0.2.1,18657
unlock_moip,0.2.1,12118
unlock_paypal,0.5.2,16525
un_locode,0.0.5,13904
unloosen,0.1.2,1312
unloq,0.0.6,12281
unm,0.1.2,24594
unmac,1.0,16977
unmangler,0.0.2,6479
unmarkdown,0.2.0,9791
unmixer,0.5.0,10225
unnatural,0.4.0,22096
unnecessary_censorship,0.1.3,12125
uno,0.1.0,2522
unobservable,0.11.0,34677
unobtainium,0.13.0,623546
unobtainium-cucumber,0.5.0,264884
unobtainium-faraday,0.1.1,31728
unobtainium-kramdown,0.2.0,31607
unobtainium-multifind,0.4.0,367873
unobtainium-multiwait,0.3.0,312963
unobtainium-nokogiri,0.2.1,38031
unobtrusive_flash,3.3.1,349209
unobtrusive_resources,0.1.1,1411
unoconv,0.0.4,2011
unodos,0.1.1,3553
unoffical-omniauth-strava,0.1.1,4700
unofficial_buildkite_client,0.5.0,9932
unofficial-github-api,0.0.1,3579
unofficial-quiver-export,1.0.0,11242
unofficial_sense_api,0.1.1,3412
unotifier,0.5.0,17105
unpack,0.2.1,23720
unpacker,0.2.0,7786
unpack_macbinary,0.1.0,2809
unparser,0.6.13,58324692
unparser-cli_wrapper,0.1.1,5412
unpatched,0.0.1,4155
unpickle,0.0.2,28398
unpolymorph,0.2.2,21639
unpoly-rails,3.7.3.2,249803
unp_smart,0.1.4,14061
unpwn,1.0.0,33963
unqlite,0.1.0,6416
unrash,0.5.0,3219
unravel,0.2.0,6953
unread,0.13.1,1633305
unread-mongoid,0.1.0,17980
unreal_reaper,0.1.0,1997
unrefine,1.0.0,3696
unreliable,0.10.0,7953
unresponsys,0.6,89365
unrest,0.1.3,7477
unrestful,0.1.4,9544
unrich,0.1.2,2490
unroller,1.0.0,77555
unruly,0.0.1,5160
unsakini,0.0.5,20737
unsavory,1.4,33087
unschema,0.2.0,14863
unscoped_associations,0.7.1,438099
unseen-ip-to-airbrake,1.0.1,4061
unshorten,0.3.4,79642
unshorter,1.0.0,1826
unshortme,1.0.0,9769
unshuffle,0.0.2,6259
unsitemap,0.0.1,3861
unsocial,0.1.0,3065
unsorted,0.0.1,3579
unsorted_to_query,0.1.0,3101
unsound,0.1.3,40835
unspam,0.1.1,9258
unsplash,3.1.1,890362
unsplash_downloader,0.1.2,7170
unsplash_image,0.1.1,2104
unsplash_mango,1.0.0,1814
unstoppable,0.1.0,3491
unstrict_proc,1.0.0,10157
unsub,0.0.2,5149
unsubscribe,1.0.0,4207
unsullied,0.0.1,2976
unsupervised-language-detection,0.0.6,21153
unsupported,0.0.0.pre1,2691
unswear,5.1,72626
unsynced,1.0.0,1982
untangle,0.0.1,3891
untappd,4.0.3,27106
untappd-api,0.1.3,18376
unteilbar,0.1.2,4681
Unthrottle,0.1.0,3214
untied,0.0.5,11573
untied-consumer,0.0.5,15052
untied-consumer-sync,0.0.1,3900
untied-consumer-sync-activerecord,0.0.1,3858
untied-publisher,0.0.6,28825
untis,1.1.3,9398
untitled37,0.0.1,6065
Untoutiyaumahe,0.0.4,7524
untraceable,0.0.1,3065
untraceable-save,0.1.1,6372
untranslated,1.0.2,6743
ununiga,1.1.2,137856
unused,0.1.0,2035
unused_css,1.0.0,10456
unused_view,0.0.4,9270
unvee7_palindrome,0.2.4,17199
unveil,0.1.5,16150
unveiler,0.1.0,7710
unveil-rails,0.2.2,38967
unveil-ruby,0.0.4,11838
unversioned-gem,0,3173
unversioned_gem_flowdock,1.0.1,3425
unversioned_gem_manifest,1.0.0,91568
unwhere,0.1.0,2107
unwind,0.13.2,62015
unwrappr,0.8.1,22339
unxf,2.2.1,14936
unxls,0.0.1,1983
unzipMe,1.1.2,69346
unzipper,0.0.2,3506
unz_view_tool,0.1.0,2282
uob-payroll,1.2.0,34448
u-observers,2.3.0,21391
uod-foodcritic-rules,0.0.1,3164
uol_frontend_framework_rails,0.2.2,8778
uom,1.2.2,7423
uomi,0.2.19,16901
uoregon-multissh,0.3.6,16299
uorm,0.0.15,38681
uottawa_odesi_utils,0.0.2alpha,2011
uovalid,0.0.3,4411
up,0.0.2,8917
upackage,0.0.3,5727
up_and_at_them,0.0.3,7423
up_and_down,0.1.1,3532
upandrunning,0.1.0,4129
up_and_running,1.0.0,14384
upay,0.0.2,5111
up_banking,1.0.0,625
upc,1.1.1,512069
upcase,0.0.1,3369
upcase_me,0.0.2,5375
upcastable,0.1.0,2900
upc_gen,1.0.1,4727
upcloud,0.0.1.pre.alfa,2057
upcloud_api,2.1.1,22608
upcloudify,0.3.3,30816
upcoming,0.2.0,8352
upcoming-api,0.2,7620
upcoming_concerts,0.1.1,4735
upcoming-events,0.0.1,4577
upcoming_games,0.1.0,2008
upcoming_movies_in_the_park,0.1.4,7697
upcoming_video_games,0.1.1,2108
upc_tools,0.2.1,5130
update,0.9.9,267644
updateable_views_inheritance,1.4.2,21999
updateafraid,0.1.2,4140
update_all_scope,0.1.0,24704
update_attributes,0.0.0,1517
update_attribute_with_validations,0.1.2,7410
updatebroker,0.0.8,23963
update_by_case,0.1.4,1839
update_cadabra,1.5,13777
update_cardinals_by,0.3.0,6361
update_counters_with_condition,1.0.0,6276
update_dependencies,0.1.2,9063
updated-mandrill-api,2.0.0,2118
update-draft-release,0.2.4,5079
update-fields,0.0.1,4733
update_filter,0.0.1,4028
update_gitrepos,0.1.0,2665
update_hints,1.0.3,15562
update_if_changed,0.0.1,3499
update_in_batches,0.0.2,7981
update_or_create,0.0.1,3489
update_or_delete_or_create,4.1.7.0,15352
update_plist_build_version,0.0.4,8612
updater,0.10.1,46202
update_repo,0.11.3,73618
update_request,0.1.0,13012
update-ruby-ods,0.0.0,1445
Update_Site_Cookbooks,0.1.1,7065
update_soccer,0.0.2,3048
update_status,0.3.2,38643
update_tags,0.0.1,628
update_values_all,1.0.2,697
update_xcode_plugins,0.4.0,35347
updawg,0.3.6,7153
updeck,0.1.0,3026
updg-jekyll-theme-fs,0.1.2,1221
updoc,0.1.2,7369
updog,0.0.3,8788
updown,0.4.0,27259
updox,1.0.2,26162
updraft,0.5.2,10908
upennlib-rubocop,1.2.0,4212
upflickr,0.1.8,10948
upfluence-thrift,2.4.4,39251
upfluence-utils,0.12.8,85368
upframework,0.5.0,24669
upgrade_dynamic_form,2.0.0,1789
upgrade_surveyor,1.4.2,1792
upgrade_surveyor_gui,0.1.3,3022
upgrade-your-browser,0.0.1.alpha.1,2267
upgrow,0.0.5,11178
upguard,0.0.18,16552
uphold,1.2.3,22209
upholsterer,1.4.1,39037
upil_types,1.0.3,5269
upil_utils,1.0.3,5205
upjs-rails,0.19.0,121887
upkey-chatterly-client,1.1.0,5213
upkey-helios-client,1.0.0,2195
upkey-track_stylebase,1.0.1,4496
upknit,0.9.6,9726
upl,0.2.4,12516
upland_mobile_commons_rest,0.3.1,15240
uplift,0.0.1,4178
uplifting_quote,0.2.0,2263
uplink-ruby,1.0.0,372
upload,0.0.1,4340
uploadable,0.0.2,6812
uploadable_file,0.0.1,4330
uploadbox,0.2.0,90736
upload_cache,2.2.0,21789
uploadcare,0.1.0,4396
uploadcare-api_struct,1.2.0,122356
uploadcare-rails,3.4.1,155305
uploadcare-ruby,4.4.0,322745
uploadcolumn,0.3.4,17456
uploadconvert,0.0.11,26777
upload_documents_tool,0.1.8,14228
uploader,3.1.4,121184
uploadfuse,0.1.2,945
uploadify,0.5.0,4919
uploadify_rails,0.0.15,8642
uploadify-rails,3.1.1.1,10229
uploadify_rails3,0.1.2,11311
upload_image,0.1.4,10866
upload-image,0.1.8,17041
upload_image_retain_low_quality,0.0.3,3403
upload-ios-snapshot-test-case,0.0.1,3341
upload_juicer,0.9.3,10759
upload_kit-rails,0.8.0,9754
uploadr,0.0.1,3719
uploads,0.0.3,12838
uplot,0.1.0,2001
uplr,1.0.0.pre.rc.2,2026
upm,0.1.18,27809
upman,0.0.1,3533
upman-daemon,0.0.8.7,19031
upmark,1.1.0,267300
upmin,0.0.343,6122
upmin-admin,0.1.3,58329
upm_support,0.0.2,259
upn,0.0.1,3814
UPnP,1.2.0,13670
UPnP-ConnectionManager,1.0,4887
UPnP-ContentDirectory,1.0,4861
upnp_content_explorer,1.2.1,16745
UPnP-IGD,1.0.0,4849
UPnP-MediaServer,1.0.0,4921
upnp-nickewing,0.1.0,3560
upnxt_aaa_user_backend,0,4496
upnxt_aaa_user_frontend,0,4609
upnxt_cancancan,1.10.1.patch3,2176
upnxt_channel_email,0,4526
upnxt_ci_lib_ruby,0,4512
upnxt_deploy_configuration,0,4517
upnxt_deploy_mason,0,4493
upnxt_deploy_tool,0,4497
upnxt_faker,0,4491
upnxt_frontend_aaa_cookie,0,4490
upnxt_frontend_aaa_login_engine,0,4464
upnxt_frontend_authorization,0,4501
upnxt_frontend_document_client,0,4497
upnxt_frontend_rich_modules,0,4562
upnxt_frontend_trace_module,0,4508
upnxt_health_check,0,4507
upnxt_internal_suite_processing,0,4512
upnxt_lib_alexandria_client,0,4506
upnxt_lib_cmis_client,0,4503
upnxt_logging,0,4603
upnxt_opg_confirmation_email_processing,0,4521
upnxt_pay_interface,0,4481
upnxt_platform_deploy,0,4534
upnxt_platform_mason,0,4640
upnxt_platform_packager,0,4498
upnxt_processing_client,0,4511
upnxt_processing_core,0,4559
upnxt_processing_dsl,0,4510
upnxt_processing_lib_channel_email,0,4468
upnxt_processing_lib_channel_zoomit,0,4448
upnxt_processing_lib_cmis,0,4472
upnxt_processing_lib_configuration,0,4686
upnxt_processing_lib_core,0,4533
upnxt_processing_lib_document,0,4766
upnxt_processing_lib_intake,0,4526
upnxt_processing_lib_logging,0,4535
upnxt_processing_lib_upio,0,4517
upnxt_processing_suite,0,4522
upnxt_processing_wi_store,0,4508
upnxt_processing_worker_manager,0,4495
upnxt_processing_workflow,0,4485
upnxt_processing_workflow_ruote,0,4520
upnxt_processing_workitem,0,4478
upnxt_processing_workitem_api,0,4505
upnxt_processing_workitem_store,0,4532
upnxt_processing_workitem_store_cassandra,0,4551
upnxt_processing_workitem_store_postgres,0,4529
upnxt_processing_workitem_store_redis,0,4461
upnxt_ransack,1.6.6.patch3,6378
upnxt-ransack,0.0.4,9207
upnxt_service_document,0,4528
upnxt_service_document_processing,0,4492
upnxt_service_search,0,4467
upnxt_service_search_aws,0,4523
upnxt_service_search_postgres,0,4516
upnxt_service_search_redis,0,4523
upnxt_storage_lib_cmis_ruby,0,4520
upnxt_suite_processing,0,4552
upoj-rb,0.0.5,18931
uppercrust,0.0.1,3391
uppercut,0.7.1,4552
uppercutbuild,1.4.2.0,86190
upperkut,1.0.4,46836
uppityrobot,0.4.1,3726
uppmax-gadget,0.1.0,3763
uppr,1.0.0,3605
uppy_on_rails,0.29.2,4890
uppy-s3_multipart,1.2.1,646207
upr,0.3.0,10716
u_presenter,1.0.0,17828
upscrn-client,0.2.0,9956
upsert,2.9.10,1440451
upshop,0.0.4,8387
upshot,0.0.1,3400
upside_down_server,0.0.2,3409
ups_pickup,0.0.3,10907
ups-ruby,0.23.0,39345
ups_shipping,1.0.2,201417
upstart-exporter,2.1.5,53025
upstart-unicorn-launcher,0.0.5,14352
upstatic,0.1.0.pre,2328
ups_time_in_transit,0.1.1,15109
ups_time_in_transit_plus,0.1.5,8006
upstream,0.0.3,6701
upstream-devise,2.1.0.rc,2269
upstreamer,0.0.3,7493
upstream-rails_admin,1.0.2,4083
upstream-simple_facebook_connect,0.0.5,12350
upstreamstatus,0.4.2,31584
upstreamwatchr,0.0.44,7138
upsun,0.1.0,353
up_the_irons-immutable,0.3,10247
uptime,0.1.3,4803
uptime_monitor,0.7.10,45995
uptime_reports_spreadsheet,0.1.0,3548
uptimerobot,0.2.0,47422
uptime_robot,0.0.1,3683
uptimerobot_cmd,0.3.5,19727
uptimr,0.1.1,6027
up_to_date,0.0.2,6538
upton,0.3.6,51005
uptrace,1.4.0,31691
uptrends,0.6.0,19220
uptrends_extended,0.7.1,5187
uptyped,0.1.2,11803
upu_s10_generator,0.1.3,613
upvote,0.0.2,5420
upwords,0.2.1,5417
upwork-api,1.3.5,51047
upyun,1.0.9,33574
upyun-form,0.0.3,3504
upyun-paperclip,0.1.5,15714
upyun-purge,0.0.4,8990
upyun-rainbow,0.1.2,4032
upyun-rb,0.0.18,26970
upyun-sdk,0.1.4,13220
uqam_grade_notification,0.2.1,8563
uq-libraries,0.1.3,6665
ur,0.2.3,18384
urabbit,0.3.2,14817
urails,0.0.1,462
uranai,0.1.1,4817
uranium,0.0.1,4020
uranium-rails,0.0.2,5954
Uranus,0.1.0,3788
urb,0.1.5,16916
urban,2.0.1,43831
urbanairship,9.2.0,3227804
urbanairship_on_rails,0.0.1,6610
urbanairship-ruby,1.0.1,13208
urban_api,0.2.0,7165
urban_cli,1.1.0,3192
urbandict,1.1.1,8481
urban_dict,0.0.2,5552
urbandictionary,0.0.0,4105
urban_dictionary,1.1.0,10582
urbane,0.2.0,9928
urbanesia,0.0.1.7,26054
Urbanesia,0.0.1,42247
urbanizzo_settings,0.0.3,5495
urbanlexicophile,0.1.0,4026
urban-mapping-api,0.9.5,10988
urban_news,0.1.0,618
urbanopt-cli,0.11.1,47304
urbanopt-core,0.11.0,81816
urbanopt-geojson,0.11.1,82044
urbanopt-reopt,0.11.0,36955
urbanopt-reporting,0.9.1,73277
urbanopt-rnm-us,0.7.0,15729
urbanopt-scenario,0.11.0,41721
urban_pass,0.2.5,33318
urbans,0.1.0,3042
urban-static,0.1.9,14914
urbanterror,3.0.0,25888
urbanterror_stats,0.0.1,3927
urbis-urbis-test-gem-dependency-doohickey,0.0.2,3275
urbis-urbis-test-gem-thingy,0.0.2,3345
urbit-api,0.6.0,9366
urbit-client,0.0.1,2469
urbivore,0.0.1,3233
urbix,0.0.2,3460
urbs,0.0.1,3423
urchin,0.0.0,3140
urchin_tracking_module,1.0.6,17484
ure,0.1.4,26399
urest,0.99.1,446
urg,3.0.0,6752
urge,0.0.2,6302
UrgentcareCLI,0.2.6,8185
uri,0.13.0,18949694
uri-amqp,1.0.2,4967
uri-builder,0.1.7,5653
uric,0.3.3,15775
uri-component,0.0.6,17803
uri_config,0.0.12,34525
uricp,0.0.37,194504
uri_encoding,0.1.0,8118
urifetch,0.1.0,54867
uri_format_validator,0.2.1,8443
uri-git,1.0.0,3357
uri-handler,1.0.2,283686
uri-health,0.0.1,3427
uri-idna,0.2.2,6676
uri-io,0.1.0,2400
uriji_emoji_picker,1.2.0,7436
uriji-icons-rails,2.6.0,13503
uri-js-rails,1.15.2,270636
urimapper,1.0.0,3218
uri-meta,0.11.0,14052
uri_miner,0.0.2,1524
uri-ni,0.1.5,6784
uri_parser,0.1.0,14766
uri_pathname,0.1.1.0,9373
uri_query_merger,1.0.0,3605
uri-query_params,0.8.2,169319
uri-redis,1.1.1,190056
uri-requests,0.0.1,2074
urirequire,0.1.0,4615
uri_resolver,0.1.0,2643
uri_s3,0.1.1,3189
uri-s3,0.0.0,2341
uri_scanner,0.0.1,2875
uri_service,0.6.0,50074
uri_service-client,0.1.0,2062
uri-sftp,0.1.0,2345
uri_shortener,0.0.8,16054
uri_signature,0.1.0,3132
uri_signer,2.0.0,15949
uri-smb,0.0.2,8660
uri-ssh_git,2.0.0,1743332
urist,0.1.0,3508
uri-subdomain,0.0.4,27882
urit,0.0.0,3175
uri-tag,0.0.3,6012
uri_template,0.7.0,38800209
uri-urn,0.0.4,9867
uri_validator,0.2.0,22677
urix-util,0.1.5,10225
urkel,0.0.2,5451
url,0.3.2,14737814
url_2_event,0.0.1,3221
url2pdf,0.0.2,5245
url2pdf_rails,0.0.3,7276
url2png,0.3.7,319714
url2png-dc,0.1.8,25717
url2png-plus,1.0.0,27697
url2thumb,0.0.1,3471
Url2Yml,0.0.4,15227
url-agent,1.0.0,3426
url-analyzer,0.0.2,3579
urlarchiver,0.0.9,21943
url_attribute,0.0.1,3495
url_attributes,1.3.0,11989
url_authenticator,0.0.1,9364
url_ban_list,1.0.0,238
urlbenchmark,0.1.0,3274
urlbox,0.1.3,4542
url_builder,0.1.1,1319
url_canonicalize,1.0.0,34925
UrlCategorise,0.0.3,1048
url-checker,1.2.0,10486
urlchecker_calife,0.5.0,4923
url_common,0.1.6.3,5589
url_compare,0.0.3,9383
UrlCounter,0.1.19,30329
urlcrypt,0.2.0,292753
urldiff,0.0.8,5770
urlenc,1.0.1,3079
url_encrypt,0.1.0,4426
url_escape,2009.06.24,217146
url_expander,0.1.5,52221
url_extractor,0.0.1,3497
url_fetcher,1.1.7,24545
url-fetcher,0.1.0,3954
url_field,0.0.2,18668
url_finder,0.2.2,4763
url_format,1.0.0,23967
url_formatter,0.0.1,16448
url_generator,0.1.3,879
url_grey,1.0.0,2384
url_hash,0.1.0,4197
urlhaus,0.1.0,2581
urlhaus_monitor,0.1.2,5727
url_hunter,0.0.2,6988
url-identifier,0.0.2,3591
urlify,0.2.2,15178
urli_me,0.3.0,7539
url_incrementer,0.0.3,9022
url_info_extractor,0.0.2,6945
urlish,0.0.1,3577
Urlize,0.2.0,20054
url_job,0.0.3,10063
url_keyed_object,0.4.1,21525
urlkit,1.0.0,2294
url_link,1.0.1,21789
url_locale,0.2.0,7035
url_maker,1.0.0,8998
urlmatch,0.1.1,343705
url_meta_data,0.2.0,3762
url_mount,0.2.1,4368300
url_normalizer,0.0.2,6076
url_params_manager,0.6.0,14679
url_parser,0.5.0,17268
url_plumber,0.1.2,12966
url-privacy,0.1.1,2051
url_processor,0.5.6,22812
url_reader,0.2.5,15994
url_regex,0.0.4,1608789
url_regexp,0.1.4,10842
url_resolver,0.2.0,31605
url-resolver,0.0.8,18636
url_reveal22,0.1.0,1011
urls,0.1.0,4144
url_safe_base64,0.2.2,5758627
urlscan,0.8.0,28877
url_scraper,0.0.5,9020
url_scrubber,0.8.23,78222
url_security,0.1.3,9649
url_session,0.0.1,3923
urls_for_humans,1.0.0,10230
urlshort,0.2.0,11943
url_shortener,0.0.9,65565
url_shortening,0.1.1,1876
url_shortner,0.1.0,1625
url_shorty,0.0.13,4386
url_signature,0.0.2,8305
url_signer,0.3,7619
url_slicer,0.1.0,4472
url_slug,0.1.2,433
urlsplease-imposter,0.2.0,4310
url_status,0.0.4,10376
url-status,1.1.0,9216
url_store,0.4.0,65084
urltest,0.0.2,5340
url_title_getter,0.1.4,8932
url_to_contents,0.0.6,9288
url_to_image_path,0.1.28,24067
url_tokenizer,1.7.0,37713
url_tokenizer-provider-limelight,0.1.0,5126
url_to_media_tag,0.1.4,16312
url_to_png,0.0.4,10246
url_tracker,1.1,9531
url_tracking_api_client,0.1.0,2437
url_trimmer,0.1.0,7974
url_validation,1.2.0,14387
url_validator,0.1.0,45424
url_verifier,3.1,7812
url-vi0lence,0.0.1,4389
urlvoid,0.1.0,4153
url_with_ref,0.0.1,2506
urly,0.1.1,2235
urlybird,0.0.4,14121
urm,0.2.6,7148
urmum,0.0.3,10705
urn,2.0.2,174053
uron,1.3.1,9394
Urpi,0.1.0,2273
ur-product,1.0.6,77277
urrl_formatter,0.0.2,6288
ursa,0.0.1,3541
ur-sab,0.4,13976
ursm-delta_attack,0.1.5,3389
ursm-ditz,0.5,5649
ur-sock,1.0.5,20614
urss,0.3.0,991896
urtak,0.9.8,6985
urturn-cli,0.6.8,27894
urua,0.99.5006,12106
urubatan-autotest-notification,1.4.0,10122
urubatan-mydry_generator,0.2.2,5602
uruguayan_exchange_rates,1.0.1,7246
urushiol,1.0.3,3906
uruz,0.1.4,4533
US_2018_Tax,0.1.1,3300
usabilla_api,2.0.0,20022
usabilla-api,0.0.1.placeholder,1430
usabl,0.2.1,6881
usable,3.10.0,118267
usabls,0.1.8,18479
usac-kit,0.1.0,2053
us_address_client,1.0.1,55061
usaepay,0.0.3,5446
usage,0.0.4,9877
Usage,0.0.2,9476
usage_by_example,1.1.0,1032
usagewatch,0.0.7,1894025
usagewatch_ext,0.2.1,612823
usagi,1.0.0,3073
usaidwat,1.6.1,76602
usamap,0.0.2,6347
usamin,7.7.12,18517
usamin-js,1.0.0,1219
usaspending,0.1.1,7636
usastandards-rails,0.8.1,5047
usa_states,0.1.2,20502
usa_today_books,0.0.1,4228
usatoday-census,0.0.4,13069
usbank,0.1.0,5837
us_bank_holidays,0.2.1,544944
usb-detection-sensor,0.2.2,4301
usblamp,0.2.0,5593
usbmux,0.0.2,6913
usbunfreeze_daemon,0.2.1,9545
usbunfreeze_web,0.2.3,13674
usbutils,0.0.4,10718
us-carbon,0.1.1,11250
u_s_census,0.0.4,12487
uscis_status,0.3.0,18959
uscommerce,0.1.0,4693
us_core_test_kit,0.6.5,15735
usd,1.5.2,61769
usda_csv_importer,0.0.1,295
usda_fdc,0.2.2,3923
usda_market,0.0.1,3516
usda_ndb,0.2.1,11170
usda-nutrient-database,2.1.2,65893
usdo,0.0.0,4418
usdt_marker,0.1.0,1932
usd_to_f_extension,1.0.0,5850
usd_to_i_extension,1.0.0,5833
use,1.4.0,29216
use0mk,0.1.1,4278
usearch,0.1.1,283
usearchtree,0.1.0,3135
use_arguments,0.2.0,5146
usecase,0.1.0,1833
use_case,1.0.2,48417
use_case_diagram,0.0.3,6257
use_case_flow,1.0.0,2172
use_case_pattern,1.0.4,255668
use_cases,3.0.2,31596
usecase_tracer,0.2.3,11808
usecasing,0.1.10,58660
usecasing-rails,0.1.2,9734
usecasing_validations,0.7.0,18714
use-config,0.2.1,10403
use_db,0.3.0,20662
usedby,0.5.0,5101
useful,0.0.3,11828
useful_class_extensions,0.0.6,18455
usefuldb,0.1.0,36205
useful_duration,0.0.2,6170
useful_functionality,0.1.0,4497
useful_helpers,0.0.30.2,57246
usefull_attachment,1.0.0,3550
usefull_extension,1.0.4,9525
usefull_filter,1.0.0,6369
usefull_scopes,1.0.0,24367
usefull_table,1.0.9,17390
usefull_tools,0.1.0,3963
useful_matchers,0.0.1,3355
useful_renderers,0.3.0,17219
useful_string_extensions,0.0.20.3,35213
useful_utilities,7.0.2,40519
useful_validators,0.0.14,17552
use_index,0.1.0,4070
use_js_please,0.2.1,7190
usekamba,0.1.0,1871
usekamba_teste,0.1.0,1875
useless,0.2.0,25570
useless-doc,0.7.0,50947
useless_gem,0.0.1,4323
useless_gem_test,0.2.0,3357
useless_gem_vladvovk2,1.0.1,2815
useless-museum,1.3.0,6286
useless_string,0.1.2,5657
useless-wait-list,0.0.5,13965
usenkogem,0.0.2,6927
use_packs,0.0.21,147808
use_packwerk,0.70.0,32747
use_paragon,0.1.0,165
user,0.0.0,4094
user_access_manager,0.1.2,3877
user_actions_logger,0.1.6,12148
user_activity,0.1.4,8079
useragent,0.16.10,25281867
user_agent,1.1.1,79515
user-agent,1.0.0,181662
useragent2css,1.3.2,14964
useragent_api,0.1.3,8418
user_agent_db,0.1.0,3961
user_agent_decoder,0.0.14,28687
useragent-fl,0.4.3,4434
user_agent_generator,0.0.2,6717
user_agent_info,0.1.0,4932
user_agent_list,0.0.2,4650
useragent-no-extends,0.6.1,3576
user_agent_parser,2.17.0,27639384
useragent_parser,0.2.3,56223
user_agent_parser_livelink,2.6.0,6291
user_agent_randomizer,0.1.1,7163
user-agent-randomizer,0.2.0,375939
useragents,0.1.6,465470
user_agent_sanitizer,2.0.3,15215
useragent_stream_specs,1.0.23,48738
user_announcements,0.0.9,23824
userapi-ai,0.3.3,670
userapi-ruby,0.0.1,4322
userapp,0.2.8,14755
user_authentication,2.0.0,60372
userbin,1.7.1,94574
user-cache,0.0.1,2326
user-choices,1.1.6.1,447784
user-choices-pathname,1.0.0,3714
user_config,0.0.4,19109
user-configurations,0.1.0,14549
usercycle,0.1.4,21939
user_docs,0.8.0,15681
user_engage,0.0.15,25719
userfox,0.1.0,3980
user_friendly_api_errors,0.0.1,1875
user_friendly_id,1.0.0,3302
user_fullname,0.0.3,8679
usergrid,0.0.3,9908
usergrid_iron,0.9.2,35283
usergrid_ironhorse,0.1.2,19931
userharmony-flickr_fu,0.3.6,4406
userializer,0.3.4,25304
userify,0.2.5,20717
user_impersonate,0.8.0,13969
user_impersonate2,0.12.0,297359
user_info_normalizer,0.3.1,3462
userinfuser,0.9.2,7321
userinput,1.0.2,50823
user_input,1.1.0,7617
user_interface,0.0.5,12524
userl,0.1.1,6738
userlist,0.9.0,87695
userlist-rails,0.6.2,81962
user_local_chat_api,0.0.2,4063
user_management_api,0.0.16,6120
user_management_rails,0.1.6,13672
user_mgmt,2.1.5,310560
username,2.0.0,6562
usernamecheck,0.1.0,4373
usernamegen,0.2.1,13105
username_not_reserved_validator,1.2.0,20011
username_password,0.0.2,7261
username_suggester,0.3.0,23538
user_naming,1.1.0,5336
user_notif,0.1.13.3,20649
usernotification,0.0.1,1971
user_notification,0.0.2,6153
user_notifier,0.4.0,40380
user_plane,0.0.15,2993
user_preferences,1.0.2,133471
user_prefs,0.1.0,2533
user_private_messages,1.0.1,4815
user_profile_formatter,0.0.1,4005
userq,0.0.4,10396
user_query,0.1.0,4473
userquizattempt,0.0.3,9378
user_record,0.1.0.SNAPSHOT,1593
user_redmine,0.0.1,3906
user_redmine_client,0.0.1,3921
user_reviews,0.0.13,16332
user_reviews_alt,0.0.2,1886
users,0.1,5808
users-and-hashtags,0.0.5,7003
userscripts_org,0.0.3,14309
user-service-client,0.0.1,3386
user-service-engine,0.0.1,2359
user_settings,0.0.3,8300
usershell,0.0.1,3492
usersnap-rails,0.0.11,3097
user_space,5.2.230101,28145
userstack,0.1.0,20794
userstamp,2.0.1,25314
user_stamp,4.0.0,11878
userstamp_basic,0.1.0,5672
userstamper,4.1.0,9262
userstamps,0.0.2,5593
user-stream-receiver,0.5.3,25737
user_stylesheet,0.0.4,6233
userswitch,0.1.9,13600
user_switch,0.0.5,13197
user_switcher,0.3.0,4482
usertext,0.1.0,4173
user_text,0.1.1,370
usertime-rails,0.1.3,11775
user_timezone,0.3.1,5068
user_time_zone,0.0.2,151862
user_time_zones,0.3.0,9954
user_trackers,0.1.3,51718
u-service,1.0.0,27183
uservoice,0.3.1,22598
uservoice-ruby,0.0.11,477465
uservoice-turbolinks,0.0.1,4329
uservoice-widget,0.0.1,3743
uses,1.0.0,2573
use_salesforce_dataloader,0.0.12,14715
usesguid,1.1.0,7506
usesguid_migrations,1.0.3,14703
uses_openid,0.0.2,3753
uses-store-procedures,0.1.0,3708
use_the_forcible,0.0.2,6638
use_tinymce,0.1.1,103602
use_urandom,0.2.0,4445
usfx,1.0.0,10747
us_geo,2.1.0,612937
ush,0.1.1,4700
ushahidi,0.2.1,10014
usher,0.8.3,115377
usi,0.0.2,57298
usine,1.3.0,9599
using,0.1.5,4759
using_yaml,1.1.1,33912
usiri,2.0.1,6839
usleep,0.0.1,2021
us-mail-client,0.0.8,9374
usman,0.3.38,111656
usmu,1.4.6,105320
usmu-github-pages,1.0.2,6174
usmu-s3,1.0.3,9715
usmu-sitemap,1.0.0,2925
usno,0.0.2,5969
usno-eclipse,0.0.1,3510
usno-eclipse-lunar,0.0.1,3550
usno-eclipse-solar,0.0.1,3570
usno-imagery,0.1.4,15743
usno-transit,0.1.1,13282
usos_auth_lib,0.1.1,389
us_passport_tracker,1.2.3,11874
uspec,1.5.0,28381
usps,0.1.3,484200
usps_counties,0.2.0,2412
usps_flags,0.6.4,98729
usps_flags-burgees,0.1.4,40303
usps_flags-grades,0.1.6,31520
usps-fork,0.1.0,3073
usps_intelligent_barcode,1.0.0,12902
USPS-intelligent-barcode,0.2.7,31266
usps-proxy,0.0.3,14301
usps_ruby,0.0.0,3721
usps-ruby-client,0.2.0,6489
usps_standardizer,0.4.2,24589
ussd_engine,0.2.0,1266
uss-enterprise,0.0.3.5,13876
uss_monte_carlo,2.0.2,4699
us_states,0.1.1,16685
us_states_enhanced,0.1.2,3959
us_states_select,1.2.0,32516
us_street,0.1.4,18982
ustack,0.0.3,8947
ustate-client,0.0.8,25124
us_time_zones,2.0.9,21065
u-struct,1.1.0,19105
ustyle,1.19.2,53625
usual_suspect,1.0.0,398
usvn-crowd-sync,0.2.1,7095
uswds-jekyll,5.5.0,45341
uswds-rails,1.6.8.1,37651
us_web_design_standards,0.0.2,10634
us_web_design_standards_ror,0.2.5,10765
us_zipcode,0.1.2,5491
utah_county_aa_meeting_finder,0.1.2,3418
utahpollen,0.2.0,4133
utanone,0.1.3,5312
utapi,0.0.1,3442
utc_converter_tool,0.0.9,17591
utcd,0.2.0,814
utc_on_demand,0.1.2,3487
utc_rpn_calc,0.1.0,5836
utel,0.2.4,15835
utensils,4.0.0,95519
utep_sso,0.0.2,5586
utest,0.0.1,4092
u-test,0.9.0,4928
utf8,0.1.8,44630
utf8_attribute_sanitiser,0.2.0,17290
utf8cleaner,0.0.1,14336
utf8-cleaner,1.0.0,4993535
utf8_converter,0.1.1,58908
utf8_emoji,0.1.0,3944
utf8_enforcer_workaround,1.2.1,44730
utf8_gatekeeper,0.0.1,3133
utf8mb4rails,0.2.0,5266
utf8proc,1.1.5,18779
utf8_proc,0.6.0,26629
utf8_sanitizer,2.17,23591
utf8_symbols,0.0.1,3616
utf8_translatable,0.0.0.4,11237
utf8_utils,2.0.1,312739
utf8_validator,1.0.16,47859
utfpr_gp_engine,0.6.0,6422
uth,0.1.0,2256
u-thenable,1.0.1,3725
uthmani_text_size,0.0.2,3857
util,0.4.0,3342
utilairbnb,8.0.0,5305
utiles,0.0.4,9454
utilikilt,0.1.0,4092
utilinfo,0.1.3.2,4848
utilio,0.0.4,19487
utilise,1.3.0,61197
utilities,1.0.1,77082
utilities-css,0.0.1,1778
utility,0.1.11,16402
utilityapi,0.1.0,4165
utilitybelt,1.0.0.pre.2,4238
utility_belt,1.1.0,117824
utility_belt_r19,0.0.1,4532
utility_box,0.1.2,9149
utility_classes,0.2.0,3945
utility_colors,0.1.8,897
utility_components,0.1.0,672
utility_drawer,0.1.5,14055
utility_forms,0.1.0,674
utility_mm,0.1.3,5117
utilitypack,0.5.4,13007
utility_scopes,0.3.1,12274
utility_styles,0.1.0,708
utility_ui,0.1.0,672
util_pack,0.1.1,17253
util-params,0.2.16,35100
utilrb,3.1.0,262073
utils,0.42.0,381520
utils_drawer,0.0.1,3452
utkarshsoni,0.1.1,3896
utm-builder,0.1.0,10331
utm_generator,0.0.0,2435
ut-mnemosyne,1.0.0,227
utm-plc,0.2.2,19324
utm_tracker,1.0.7,4861
utopia,2.23.0,397594
utopia-analytics,2.0.0,2781
utopia_data,0.0.1,6218
utopia-extras,0.12.0,6587
utopia-gallery,2.5.0,17662
utopialib,1.0.0,1635
utopian_ruby_api,0.0.3.1,6757
utopian_solrizer,0.0.2,3516
utopia-project,0.23.0,72498
utopia-tags-gallery,1.2.1,18743
utopia-tags-google-analytics,1.1.0,17880
utopia-websocket,0.1.0,3291
utopia-wiki,0.3.0,3331
utorrent-webapi-ruby,0.0.4.2,9176
utrace,0.2.0,220
utracker,0.0.2,5355
utracker-mongodb,0.0.2,5345
utranslate,0.1.3,4828
utreexo,0.2.0,4218
ut-rubocop,0.0.5,16546
ut-rubocop-rails,0.0.4,15128
utsless,0.0.7,9836
utsup,0.1.6,50887
utsusemi,0.0.1,3227
utter,1.9.0,58090
utterance_parser,0.1.0,2872
utter_events,0.2.0,4961
utterson,0.3.2,13786
uttk,0.4.6.2,21558
utusemi,0.0.7,18071
utxoracle,0.1.0,924
uu,0.2.2,11115
uu_counter,0.0.2,4954
uuid,2.3.9,52495183
uuid4,1.3.4,113521
uuid4r,0.2.0,39642
uuid4r-candy,0.0.1,3953
uuid64,0.0.7,24410
uuid7,0.2.0,169789
uuidable,1.0.1,29228
uuid_associations-active_record,0.6.0,26447
uuid_attribute,0.9.12,5629
uuiddqd,0.0.1,4033
uuidee,0.0.1,5197
uuidgen,0.0.2,224963
uuid_generator,0.0.1,366
uuid_helper,0.1.2,9720
uuid_ids,0.0.2,7876
uuidify,0.5.0,11458
uuid_it,0.1.5,32813
uuid-ncname,0.4.1,30964
uuid_pack,0.1.0,2332
uuid_parameter,0.2.6,13564
uuid_properties,0.1.0,3279
uuids,5.0.0,61044
uuid_shortner,0.0.1,15486
uuidtoolds,0.0.4,14759
uuidtools,2.2.0,75634835
uuid_v6,0.1.1,68534
uuid_v7,0.1.2,648
uuid_validator,0.0.5,17813
uuidx,0.10.0,1504
uule_converter,0.1.0,689
uule_converter_light,0.1.1,356
uuml,0.0.3,10303
uunique_ids,0.2,7856
uur,0.0.2,3720
uureader,0.0.1,3987
uusoso,0.0.1,4013
uutdns,0.0.1,3567
uuvula,0.0.2,6942
uv,0.0.7.5,23152
uva-happymapper,0.4.1,4353
uva-tools,0.0.3,7023
uvc,0.1.0,2176
uvcli,0.0.8,18147
uvdesk-docs,0.1.2,3271
uv-priority-queue,1.0.0,3560
uv_proxmox,0.0.1,4374
uv-rays,2.4.7,124094
uvrb,0.2.0,16596
uv_refactor,0.0.2,7521
uwa,0.7,24479
uwace,1.0.2,10806
uwa_download,0.2,7726
uwa_files,0.1,4449
uwa_hello,1.1,7731
uwapi,0.0.1,3668
uwa_polaroid,0.1,4461
uwa_syshd,0.3,11037
uwa_sysload,0.4,11042
uwaterlooapi,0.1.1,12241
uw_catalog,0.0.6,14214
uwdc,0.0.7,19292
uw-fluent-plugin-throttle,0.0.4.pre.dev,1474
uw_learn,1.0.1,6590
uwn-api,0.0.3,8559
uwsgi,2.0.19,118321
uwsgi_it_client,0.0.1,3633
uw_sws,2.2.2,29073
uxid,0.2.3,7963
uxunity,0.1.1,5049
uyid,0.0.2,6966
uy-id,0.0.1,3795
uyirmei,0.0.1,2381
uy-rut,0.0.2,8329
uzebba,0.1.5,9159
uzi-rect,0.0.3,10919
uzi-soundmanager,0.0.1,4457
uzi-timer,0.0.1,4526
uzi-vector2,0.0.1,4557
uzuuzu,0.0.15,42583
uzuuzu-cms,0.0.2,10230
uzuuzu-core,0.1.15,90197
