v,0.1.1,30808
v1,0.0.1,36854
v1gittools,0.1.1,3569
v2a-deploy,1.2.1,13704
v2av,0.1.1,5061
v2d,0.1.0,11887
v2gpti,1.3.5,97231
v2_intuity,1.0.11,21916
v4l2-ruby,0.11.0,8917
v8eval,0.3.2,22972
va,0.5.0,23335
vaas,3.1.0,2166
va_cache,1.0.3,8659
vacation,0.1.2,4744
vacation_rentals_ical_adapters,0.1.2,7090
vaccine-finder,0.1.9,16010
vaccine_slot_finder,0.1.4,9577
vaccine-spotter,0.2.5,11264
vacman_controller,0.9.2,21260
va_common,0.4.4,40497
vacuum,4.1.0,989328
vacuum_cleaner,1.0.3,19555
vacuum-parser,0.0.1,6401
vader,0.0.2,6228
vader_sentiment_ruby,0.1.1,23008
vae,0.9.5,56196
vaextractor,0.0.1,3008
vagabond,0.2.10,27274
vagabund,0.0.26,16907
vagalume,0.1.8,20986
vagas-orientdb4r,0.5.2,2857
vagrant,1.5.0,1580461
vagrant-1cloud,1.1.14,48425
vagrant_abiquo,0.1.2,17127
vagrant-abiquo,0.0.1,3479
vagrant-actionio,0.0.9,4111
vagrant-adam,0.5.0a,11108
vagrant-adbinfo,0.1.0,20410
vagrant-address,0.3.1,10068
vagrant-aliyun,0.0.6,18283
vagrant-allegro-nfs,1.0.2,4470
vagrant-alpine,0.4.0,21494
vagrant-ami,0.0.1,10055
vagrant-ansible,0.0.5,19260
vagrant-ansible_auto,0.2.4,7363
vagrant-ansible-fixed,0.1.0,3056
vagrant-ansible_inventory,0.1.1,16505
vagrant-ansible-local,0.0.2,10416
vagrant-ansible-local-privileged,0.0.3,3441
vagrant-application-cookbooks,0.1.4,14253
vagrant-apt_cache,0.0.1,4407
vagrant-arubacloud,0.0.9,12807
vagrant-astra,0.1.0,1538
vagrant-atomic,0.1.0,8061
vagrant-autodns,0.0.3,8571
vagrant-auto_network,1.0.3,62443
vagrant-auto_ssh_config,0.0.0,6494
vagrant-aws,0.7.2,491849
vagrant-aws-alb-target-group,0.1.2,2258
vagrant-aws-credentials,0.1.4,10306
vagrant-aws-detiber,0.7.2.pre.4,4446
vagrant-aws-dns,0.2.6,18250
vagrant-aws-dns-synchronous,0.2.6.8,12823
vagrant-aws-extras,0.1.0,12917
vagrant-aws-iam-decoder,0.7.2,2606
vagrant-awsinfo,0.0.8,75869
vagrant-aws-mkubenka,0.7.2.pre.24,14682
vagrant-aws-route53,0.3.2,15009
vagrant-aws-route53-advoc8,1.0.1,6009
vagrant-aws-route53-ng,1.0.6,3225
vagrant-aws-stack,0.1.0,12561
vagrant-aws_stsmith,0.5.0.dev,2623
vagrant-aws-stsmith,0.5.0.dev,2479
vagrant-aws-winrm,0.0.7,18777
vagrant-azure,2.0.0,69229
vagrant-babushka,0.1.3,29157
vagrant-bee,0.1.0,3889
vagrant-berkshelf,5.1.2,421996
vagrant-berkshelf-multi-berksfile,0.0.1,3919
vagrant-berkshelf-nochefdk,6.0.0,2364
vagrant-betterhosts,1.1.6,5527
vagrant-better-smb,0.2.0,5457
vagrant-bhyve,0.1.0,4396
vagrant-bindfs,1.2.0,330144
vagrant_binding,1.0.0,3876
vagrant-blocker,0.0.3,8058
vagrant-blockwart,0.1.4,8421
vagrant-bolt,0.4.1,14672
vagrant-booksys,0.0.2,4679
vagrant-boot2docker,0.0.7,17293
vagrant_bootstrap,0.3.0,46090
vagrant-bosh,0.0.8,20654
vagrant-boxen,0.0.4,12075
vagrantboxes,0.0.2,4941
vagrant-box-gcs,1.0.2,4372
vagrant-boxinfo,0.0.2,5716
vagrant-box-s3,0.1.4,799
vagrant-box-updater,0.0.3,9751
vagrant-box-updater2,0.0.8,11099
vagrant_box_version,0.0.7,18527
vagrant-brightbox,0.3.1,8935
vagrant-bundler,0.1.1,7965
vagrant-bundler-tools,0.1.1,22033
vagrant-bundlewrap,0.2.0,8221
vagrant-butcher,2.3.1,170998
vagrant-butter,0.0.3,10237
vagrant-ca-certificates,1.3.0,19645
vagrant-cachier,1.2.1,356694
vagrant-camera,0.0.1,4388
vagrant-capistrano,0.2.3,12167
vagrant-capistrano-push,0.1.0,31569
vagrant-carpet,0.3.0,3878
vagrant-catapult,0.0.2,3431
vagrant-centos7_fix,0.0.1,8178
vagrant-certificates,2.0.0,5331
vagrant-chakraos-host,0.2.1,7386
vagrant-chassis-digitalocean,2.0.1,15619
vagrant-chef-apply,0.0.1,4295
vagrant-chefconfig,0.1.0,8501
vagrant-chefdev,0.1.1,6200
vagrant-chefnode,0.0.2,4211
vagrant-chef-solo-mount-options,1.0.1,4719
vagrant-chef-zero,2.0.0,43008
vagrant-clean,0.0.2,7186
vagrant-clone,0.0.4,4798
vagrant-cloner,2.1.1,17146
vagrant-cloner-wops,2.1.2,3206
vagrant_cloud,3.1.1,121302
vagrant-cloud,0.0.1,3867
vagrant-cloudcenter,0.4.0,5822
vagrant-cloudinit,0.0.3,5285
vagrant-cloudstack,1.5.2,70202
vagrant-clusterfuck,0.0.7,16379
vagrant_cmd,0.0.2,6650
vagrant-command-dns,0.3.0,13263
vagrant_commands,0.0.9,8873
vagrant-commands,0.2.1,3948
vagrant-commit,0.7.0,12899
vagrant-communicator-docker,1.0.12,4175
vagrant-compose,0.7.5,24202
vagrant-compose-yaml,0.1.3,9717
vagrant-conductor,0.1.4,10719
vagrant-config_builder,1.3.0,63452
vagrant-configspec,0.0.1,4146
vagrant-configuration,0.0.4,10003
vagrant-confucius,0.1.3,10221
vagrant-conoha,0.1.10,23981
vagrant-converge,0.4.0,9508
vagrant-cookbook-fetcher,0.4.0,29972
vagrant-cookbooks,0.0.4,10385
vagrant-cos-guest,0.1.0,2262
vagrant-cosmic,0.2.0,3552
vagrant-cowsay-fortune,0.0.5,13519
vagrant-cucumber,1.0.3,45280
vagrant-cucumber-host,0.2.0,5864
vagrant-cumulus,0.1,6529
vagrant-darwin-smb,0.1.3,5359
vagrant-databags,0.1.4,7902
vagrant-delphix,1.1.2,12941
vagrant-deltacloud-provider,0.0.9,19092
vagrant-destroyer,0.0.1,3731
vagrant-destroy-provisioner,0.0.3,7236
vagrant-devcommands,0.14.0,36368
vagrant-devstack,0.0.2,3182
vagrant-digitalocean,0.9.6,137592
vagrant-disksize,0.1.3,409518
vagrant-dns,2.4.1,70516
vagrant-dnsconf,0.2.0,4843
vagrant-dnsdock-hostupdater,0.0.40,44545
vagrant-dnsmasq,0.1.1,21106
vagrant-dns-server,0.4.3,19073
vagrant-dns-updater,0.1.1,5189
vagrant-docker-compose,1.5.1,113116
vagrant-docker-env,0.0.1,3307
vagrant-docker-exec,0.1.4,12353
vagrant-docker_load,0.1.0,2336
vagrant-docker-login,1.0.0,6224
vagrant-docker-mirror-config,1.2.1,7022
vagrant-docker-nsenter,0.0.2,3599
vagrant-dokosync,0.2.0,3428
vagrant-dotenv,0.1.0,6240
vagrant-dotvm,0.40.1,101223
vagrant-down,0.0.3,8423
vagrant-dsc,2.0.0,37131
vagrant-dsl,0.1.1,23773
vagrant-dummy-communicator,0.1.0,1675
vagrant-dustcloud,0.0.6,2913
vagrant-easyconfig,1.0.3,5724
vagrant-ebcommon,0.5.8,41187
vagrant-ec2-metadata,0.0.5,7178
vagrant-ec2setup,0.0.3,8823
vagrant-ec-sandbox,0.1.1,5100
vagrant-env,0.0.3,72310
vagrant-envbash,0.0.2,4949
vagrant-environments,0.1.7,18928
vagrant-env-mgr,0.0.2,5505
vagrant-esxi,0.0.1,4766
vagrant-etchosts,0.1.1,8396
vagrant-exec,0.5.3,39651
vagrant-execute,0.0.2,3950
vagrant-export,0.4.2,45931
vagrant-extended-storage,0.0.2,3883
vagrant-fabric,0.2.2,14834
vagrant-faster,0.2.0,21237
vagrant-fastforward,0.0.1,4653
vagrant-fifo,0.2.1,6329
vagrant-file-watcher,0.1.0,3468
vagrant_filoo,0.0.5,8727
vagrant-fixed-ssh,1.0.7,4270
vagrant-fix-nfs,0.0.3,6334
vagrant-fleet,0.0.1.pre.1,2217
vagrant-flow,1.0.27,55543
vagrant-fog-box-storage,0.0.4,11667
vagrant-foodshow,1.1.1,24874
vagrant-foodtaster-server,0.0.10,25877
vagrant-force-rsync,0.0.2,5460
vagrant-fractal,0.1.7,3289
vagrant-freebsd,0.0.1,1570
vagrant-free-memory,0.0.1,3719
vagrant-fsevents,0.5.0,6017
vagrant-fsnotify,0.3.2,36296
vagrant-fwdports,0.0.1,3884
vagrant-g5k,0.9.9,46049
vagrant-ganeti,0.1.1,6438
vagrant-gatling-rsync,1.0.1,50544
vagrant-gecko-aws,0.8.0,1058
vagrant-gem,0.0.5,14379
vagrant-ghost,0.2.3,24249
vagrant-git,0.1.7,20791
vagrant-gitcredentials,0.0.23,55528
vagrant-github_key_manager,0.0.1,3546
vagrant-gitlabauth,0.0.1,2331
vagrant-git-sync,1.0.3,9855
vagrant-global_halt,0.1.0,2479
vagrant-global-status,0.1.4,25684
vagrant-goodhosts,1.1.7,63516
vagrant-google,2.7.0,153913
vagrant-gpii-ci,0.0.6,9191
vagrant-gq,0.1.2,8285
vagrant-gradle-deploy,0.0.7,11509
vagrant-grid5000,0.1.0,8377
vagrant-group,0.8.2,29859
vagrant-grunt,0.0.26,65002
vagrant-gs,0.0.1,3564
vagrant-gsauth,1.0.1,4222
vagrant-guest_ansible,0.0.4,29559
vagrant-guest-cygwin,0.1.1,1843
vagrant-guestip,0.2,9048
vagrant-guest-msys2,0.0.6,11453
vagrant-guest-netbsd,0.0.2,3594
vagrant-guest-omnios,0.3.0,6370
vagrant-guest-openwrt,0.0.3,8434
vagrant-guest-opnsense,1.0.1,1074
vagrant-guest-qnx,0.0.1,3672
vagrant-guests-clearlinux,1.2.4,28560
vagrant-guests-openbsd,0.0.3,8923
vagrant-guests-photon,1.0.5,46776
vagrant-guests-solaris11,0.0.1a,4193
vagrant-guixsd-guest,0.1.1,4149
vagrant-haipa,0.3.1,7029
vagrant-hanewin-nfs,1.0.0,3636
vagrant-harddisk,0.1.0,2511
vagrant-helpers,1.5.1,20613
vagrant-hetznercloud,0.0.1,2153
vagrant-hiera,0.4.0,32568
vagrant-hitch,0.1.5,43707
vagrant-hivemind,0.1.7,16859
vagrant-hmurca,0.1.5,10292
vagrant_hook,0.1.6,13076
vagrant-host,0.0.1,5273
vagrant-host-artix,0.0.3,775
vagrant-hostel,0.0.12,32084
vagrant-hostentries,0.6.5,16565
vagrant-hostentriess,0.5.0,3720
vagrant-hostmanager,1.8.10,1041951
vagrant-hostmanager-docker,1.6.1,3077
vagrant-hostmanager-ext,1.8.8,3608
vagrant-hostmanager-lite,0.4.2,49242
vagrant-hostmanager-rethinc,1.8.9.1,495
vagrant-hostmaster,0.8.1,21602
vagrant-hostoverseer,1.8.1.0,3284
vagrant-host-path,1.4.0,14917
vagrant-host-route,1.0.0,6710
vagrant-hostruby,0.0.1,3878
vagrant-host-ruby-provisioner,0.2.0,10860
vagrant-hosts,2.9.0,186717
vagrant-host-shell,0.0.4,110740
vagrant-hosts-provisioner,2.0,12213
vagrant-hostsupdater,1.2.4,667633
vagrant-hp,0.1.4,14228
vagrant-hpelinux,0.1.0,2945
vagrant-http-basic-authentication,0.1.1,6721
vagrant-hvinfo,0.1.3,4638
vagrant-hypconfigmgmt,0.0.11,26568
vagrant-hyperkit,0.4.3,1912
VagrantHyperV,0.0.5,16195
vagrant-hypervnet,0.1.4,1116
vagrant-ie,1.0.1,2323
vagrant-ignition,0.0.3,32933
vagrant-iijgp,0.0.2,6062
vagrant-impressbox,0.1.1,4557
vagrant-info,0.0.2,3488
vagrant-iniconfig,0.1,4015
vagrant-instant-rsync-auto,0.1.2,9423
vagrant-invade,0.8.0,56637
vagrant-ip,0.1.0,3942
vagrant-ip-show,0.0.4,12002
vagrant-itamae,0.2.1,12813
vagrant-itamae-command,0.0.1,2828
vagrant-itamae-local,0.1.16,6387
vagrant-jenv,0.0.2,6088
vagrant-joyent,0.3.0,3878
vagrant-json,1.0.2,5652
vagrant-json-plugin,0.1.1,3443
vagrant-junos,0.2.1,21047
vagrant-junos_cli,1.1.0,5118
vagrant-k3s,0.2.1,54068
vagrant-kaigara,0.0.8,16819
vagrant-keymanager,1.0.8,5672
vagrant-kick,0.0.1,4079
vagrant-kill-server-warning,0.2,3606
vagrant-krane,0.0.1.alpha2,4066
vagrant-kubevirt,1.0.0,2580
vagrant-kvm,0.1.9,33348
vagrant_laravel,0.0.5,3494
vagrant-layout,0.1.1,20887
vagrant-lfstacks,0.1.6,13192
vagrant-libcloud-helper,0.0.2,5786
vagrant-librarian,0.1.1,7358
vagrant-librarian-chef,0.2.1,43093
vagrant-librarian-chef-nochef,0.2.0,29485
vagrant-librarian-puppet,0.9.2,55540
vagrant-librarian-puppet-plugin,0.2.0,11770
vagrant-libvirt,0.12.2,1170653
vagrant-lifecycle,0.1.6,10707
vagrant-lightsail,0.3.0,5733
vagrant-linode,0.4.1,33676
vagrant-list,0.0.6,21144
vagrant-listen-server,0.2.0,11558
vagrant-local,0.0.3,560
vagrant-localdeb,1.1.0,2048
vagrant-localrsyncdeb,1.0.0,3231
vagrant-logs,0.1.1,6879
vagrant-ls,0.0.1,3444
vagrant-lube,0.1.5,9120
vagrant-luccych-helloworld,0.1.3,221
vagrant-lxc,1.4.3,246687
vagrant-lxc-2.1-patch,1.4.0,2203
vagrant-lxd,0.7.1,43197
vagrant-lxss-plugin,0.1.2,4144
vagrant-managed-servers,0.8.0,89695
vagrant-masonry,0.13.0,3233
vagrant-mcs,0.8.39,124617
vagrant-memset,1.0.1,7700
vagrant-mirror,0.1.4.alpha,10387
vagrant-mol-support,0.0.2,5494
vagrant-mongodb,0.1.0,11901
vagrant-mos,0.9.61,184177
vagrant-mosh,0.1.0,3897
vagrant-mount,0.0.1,3296
vagrant-mountaineer,0.2.0,3826
vagrant-mountcommand,0.0.2,6119
vagrant-mro,0.0.3,8334
vagrant-multihostmanager,1.3.1,5983
vagrant-multihostsupdater,0.1.0,3690
vagrant-multi-hostsupdater,0.0.6,16417
vagrant-multiplug,0.0.3,8912
vagrant-multiprovider-snap,0.0.15,37804
vagrant-multi-putty,1.6.0,43675
vagrant-mutagen,0.1.3,11399
vagrant-mutagen-utilizer,0.2.0,1640
vagrant-mutate,1.2.0,186505
vagrant-netinfo,0.0.4,12387
vagrant-networkd,0.0.8,3558
vagrant-newdisk,0.0.3,5953
vagrant-nfs4j,1.0.0,19345
vagrant-nfs_guest,1.0.5,54942
vagrant-nfs_guest_vbfix,0.1.10,4445
vagrant-nfs-wsl,1.0.0,2171
vagrant-niftycloud,0.4.0,24963
vagrant-nitrousio,0.0.2,5585
vagrant-nix,0.0.8,5158
vagrant-nixos,0.0.6,16243
vagrant-nixos-plugin,0.2.2,12378
vagrant-node,1.1.3,11370
vagrant-nodemaster,1.1.3,13502
vagrant-none-communicator,0.1.0,2407
vagrant-norequiretty,0.0.4,9937
vagrant-notifier,0.1.1,6116
vagrant-notify,0.6.1,41808
vagrant-notify-forwarder,0.5.0,28850
vagrant-nuke,0.0.6,12278
vagrant-oci,0.1.1,2531
vagrant-ohai,0.1.13,42868
vagrant-ohai2,0.1.15,3293
vagrantomatic,0.3.3,13720
vagrant-omnibus,1.5.0,460961
vagrant-oneandone,1.0.1,4119
vagrant-openshift,3.0.9,70938
vagrant-openstack,0.0.4,5069
vagrant-openstack-cloud-provider,1.1.13,44666
vagrant-openstack-illuin-provider,0.12.0,2128
vagrant-openstack-plugin,0.12.0,63800
vagrant-openstack-plugin-tom,0.12.0,2608
vagrant-openstack-provider,0.13.0,99086
vagrant-openstack-provider-illuin,0.11.1,2216
vagrant-openvz,0.0.7,13710
vagrant-openwrt,0.1,3287
vagrant-opsworks,0.3.1,16908
vagrant-orca,0.3.1,8767
vagrant-orchestrate,0.8.0,96277
vagrant-ovirt,0.0.2,6511
vagrant-ovirt3,1.9.3,39126
vagrant-ovirt4,2.2.0,21229
vagrant-package_cache,0.0.2,3666
vagrant-package-vmware,0.1.0,2252
vagrant-packer-plugin,0.8.0,3299
vagrant-packet,0.1.6,9109
vagrant-parallels,2.4.2,294392
vagrant-patches,1.6.5.1,3305
vagrant-pcc,0.0.3,3721
vagrant-peach,0.0.3,7362
vagrant-pe_build,0.19.2,172920
vagrant-persist,0.1.0,1990
vagrant-persistent-storage,0.0.50,153334
vagrant-phpstorm-tunnel,0.1.11,40635
vagrant-pirate,0.3.0,5788
vagrant-plugin-bundler,0.1.1,6835
vagrant-plugin-dummy,0.0.7,18273
vagrant-plugins,0.2.3,15970
vagrant-poderosa,0.2.0,4927
vagrant-port,0.0.2,6797
vagrant-portinfo,0.0.7,9537
vagrant-port-range,0.1.5,6525
vagrant-powder,0.0.3,7849
vagrant-powerdns,0.1.4,10583
vagrant-prison,0.2.0,18177
vagrant-pristine,0.4.2,15236
vagrant-profitbricks,4.0.0,4018
vagrant-properties,0.9.0,36487
vagrant-protect,0.0.2,6240
vagrant-protobox,0.0.2,9850
vagrant-provider,0.1.0,3508
vagrant-provisioner-tachyon,1.0.0,3507
vagrant-proxmox,0.0.10,20568
vagrant-proxy,0.0.1,5471
vagrant-proxyconf,2.0.10,431987
vagrant-proxyssh,0.2.0,10060
vagrant-puppetconf,0.2.2,18142
vagrant-puppet-fact-generator,0.1.1,6052
vagrant-puppetfile,0.4.4,12362
vagrant-puppet-install,7.0.0,57831
vagrant-puppet-library,0.1.0,3462
vagrant-puppet-module-registry,0.2.1,6005
vagrant-puppet-modules,0.0.2,5254
vagrant-puppet-scp,0.0.2,6232
vagrant-pushbullet,0.0.3,7851
vagrant-pushover,1.1.1,8438
vagrant-putty,0.0.2,4328
vagrant-pyinfra,0.0.2,3968
vagrant-qemu,0.3.6,21267
vagrant-qienv,0.0.1,2458
vagrant-qubes,0.0.5,6310
vagrant-r10k,0.4.1,19972
vagrant-rackspace,0.1.10,40464
vagrant-rake,0.1.0,4913
vagrant-rake-fork,0.2.0,4201
vagrant-rancher,1.1.4,14054
vagrant_rbapi,0.0.2,5413
vagrant-rbvmomi,1.8.1,7152
vagrant-rdp,0.6.0,8117
vagrant-readenv,0.0.3,2339
vagrant_reboot_linux,1.0.0,3064
vagrant-rebuild,0.1.5,7180
vagrant-recipe,0.1.3,10904
vagrant-recreate,0.1.4,4160
vagrant-redhat7_eth_fix,0.0.1,3218
vagrant-redir,0.1.6,8190
vagrant-reflect,0.10.0,21466
vagrant-registration,1.3.4,102473
vagrant-rekey-ssh,0.1.9,30742
vagrant-reload,0.0.1,759431
vagrant-remote-forward,0.0.1,3454
vagrant-remove-old-box-versions,1.2.0,14743
vagrant-repo-configure,0.0.14,24765
vagrant-reverse-proxy,0.5.0,21616
vagrant-reverse_samba,0.1.0,1986
vagrant-rhel7_no_net_mgr,0.0.1,3322
vagrant-rightscale,0.1.3,6163
vagrant-rightscaleshim,1.0.2,8594
vagrant-rimu,0.0.7,13499
vagrant-rke2,0.1.6,41508
vagrant-rlogin,1.0.1,2891
vagrant-route53,0.0.10,3699
vagrant-routeros,0.0.5,768
vagrant-routes,0.0.7,14783
vagrant-rspec-ci,1.1.2,21227
vagrant-rsync,0.2.5,27862
vagrant-rsync-back,0.0.1,21852
vagrant-rsync-blitz,2.0.0,1555
vagrant-rsync-only-changed,0.9.1,18837
vagrant-rsync-pick,0.2.1,7063
vagrant-rsync-pull,0.0.1,3818
vagrant-ruby,0.2.0,4177
vagrant-rubydns,0.2.1,24512
vagrant-rubymine,0.0.4,3164
vagrant-runc,0.0.0,4033
vagrant-s3auth,1.3.2,108399
vagrant-s3auth-mfa,1.5.0,9145
vagrant-sakura,0.4.2,29851
vagrant-salt,0.4.0,33914
vagrant-saltdeps,1.1.4,26069
vagrant-sandbox,0.1.0,4623
vagrant-save,0.3.3,36359
vagrant-sbuild,0.1.0.dev,2133
vagrant-scaleway,0.4.1,11211
vagrant-scp,0.5.9,318935
vagrant-screenshot,0.2,7528
vagrant-scriptrock,0.0.6,14119
vagrant-secret,0.0.1,4950
vagrant-seil,1.0.0,3130
vagrant-serial,1.0.3,59167
vagrant-servant-hosts-provisioner,2.0,2487
vagrant-serverkit,0.0.7,15861
vagrant-serverkit-mock,0.0.3,7412
vagrant-serverspec,1.5.2,114465
vagrant-serverspechtmlreport,1.2.1,2763
vagrant-service-manager,1.5.0,46828
vagrant-share,2.0.0,3986
vagrant-shell,0.2.22,44608
vagrant-shell-commander,0.3.2,26438
vagrant-shell-local,0.1.0,4397
vagrant-ship,0.0.2,6223
vagrant-shortcuts,0.2.1,7496
vagrant-simplecloud,0.0.5,12571
vagrant-simple_cloud,1.0.10,19652
vagrant-skytap,0.3.6,58345
vagrant-smartos,0.0.2pre1,4423
vagrant-smartos-guest,0.0.1,9722
vagrant-smartos-zones,0.2.5,25479
vagrant-snap,0.10,33384
vagrant-snapshot,0.0.1,5011
vagrant-soa,0.3.3,10546
vagrant-softlayer,0.4.0,19601
vagrant-software-bridge,1.0.1,10383
vagrant-solaris10,0.0.7,18771
vagrant-solidus,2.0.3,27125
vagrant-sparseimage,1.0.2,3545
vagrant-spatula,0.0.3,10233
vagrant_spec,0.0.6,16048
vagrant-spec-helper-basic,0.2.0,10947
vagrant-sprinkle,0.0.3,8800
vagrant-sptsync,0.0.65,143288
vagrant-ssd,0.1.0,1566
vagrant-ssh,2.1.0,12995
vagrant-ssh-config,0.0.1,1684
vagrant-ssh-config-cache,0.1.0,2029
vagrant-ssh-config-ttl,0.0.2,5881
vagrant-sshfs,1.3.7,108619
vagrant-state-change-listener,0.1.0,1878
vagrant-subdomains-updater,0.1.6,3709
vagrant-subutai,7.0.10,34102
vagrant-sudo-rsync,0.1.1,3923
vagrant-syllabus-provisioner,0.0.2,5993
vagrant-symfony,0.1.5,17407
vagrant-sync,0.1.1,7195
vagrant-syncer,1.1.9,40830
vagrant-systemd,0.3.1,14255
vagrant-tagprovision,0.2.2,16542
vagrant-templated,0.2.0,8598
vagrant-teraterm,1.0.0,21037
vagrant-test,0.1.2,9922
vagrant-test-subject,0.0.1,3738
vagrant-tiktalik,0.0.4,10656
vagrant-timer,0.1.2,6977
vagrant-timezone,1.3.0,54727
vagrant-tmuxme,0.0.2,3507
vagrant-tools,0.1.2,7812
vagrant-toplevel-cookbooks,0.2.4,13198
vagrant-trellis-cert,0.5.2,15051
vagrant-trellis-sequel,0.2.2,8275
vagrant-triggers,0.5.3,350402
vagrant-ttl,0.1.0,2070
vagrant-tun,0.0.3,6979
vagrant-turbo,1.0.1,10185
vagrant-unbundled,2.3.6.0,59236
vagrant-unificar,0.0.7,12586
vagrant-unify,0.0.1,3793
vagrant-unison,0.0.9,28345
vagrant-unison2,2.0.0,23057
vagrant-unison-latest,0.0.16,3112
vagrant-unison-morroni,0.0.25,21043
vagrant-unison-vaimo,4.0.0a,3138
vagrantup,1.1.4,188069
vagrant-uplift,0.2.1902.49,14784
vagrant-upload,0.0.1,3760
vagrant-upp,0.0.1,3410
vagrant-useradd,0.0.1,4395
vagrant-utils,0.5.0,6046
vagrant-vagga,0.1.5,9136
vagrant-vaimo-unison,2.2.0,19400
vagrant-vbguest,0.32.0,2490941
vagrant-vbguest-centos,0.2.0,4333
vagrant-vbguest-redhat-kernel-update,0.2.3,5160
vagrant-vbguest-update,0.10.1.dev,1961
vagrant-vboxmanage,0.0.2,11407
vagrant-vbox-snapshot,0.0.10,100769
vagrant-vcenter,0.3.3,24372
vagrant-vcloud,0.5.0,45917
vagrant-vcloudair,0.5.3,9948
vagrant-veertu,0.0.17,10027
vagrant-virtual-hostsupdater,1.4.0,6056
vagrant-vlan,1.0.1,9653
vagrant-vmck,0.4.2,18886
vagrant-vmhosts,0.0.4,12617
vagrant-vminfo,0.0.2,6102
vagrant-vm-info,0.0.5,5727
vagrant-vmm,1.0.12,26927
vagrant-vmpooler,0.2.0,19786
vagrant-vmware-appcatalyst,1.1.1,12014
vagrant-vmware-desktop,3.0.3,9563
vagrant-vmware-dhcp,0.0.10,20435
vagrant-vmware-esxi,2.5.5,78821
vagrant-vmware-free,0.0.1,4753
vagrant-vmware-freebsd,1.0.5,12504
vagrant-vmware-fusion,0.0.2,9201
vagrant-vmware-workstation,0.0.1,3524
vagrant-vrealize,1.0.1,4465
vagrant-vsphere,1.14.0,550680
vagrant-vsphere-ddns,0.0.3,6228
vagrant-vultr,0.1.3,8040
vagrant-vultr2,0.1.4,2385
vagrant-vultr_pro,0.2.3,4086
vagrant-vyatta,0.0.5,13509
vagrant-vyos,1.1.10,23356
vagrant-windows,1.6.0,86426
vagrant-windows-domain,1.3.5,46950
vagrant-windows-guest-nfs,0.2,3987
vagrant-windows-hyperv,1.0.3,9166
vagrant-windows-sysprep,0.0.10,23744
vagrant-windows-update,0.0.7,9669
vagrant-winnfsd,1.4.0,215063
vagrant-winrm,0.7.0,201838
vagrant-winrmcli,1.1.0,18114
vagrant-winrm-file-download,0.0.1,456
vagrant-winrm-s,0.0.4,10720
vagrant-winrm-syncedfolders,1.0.1,34654
vagrant-winscp-sync,0.0.2.dev,4202
vagrant-winssh,0.1.0,3360
vagrant-wizard,0.3.0,3942
vagrant_workspace,0.0.2,5070
vagrant-wrapper,2.0.3,728854
vagrant-wsl,0.0.2,1682
vagrant-xenserver,0.0.16,38776
vagrant-xenserver-jc,0.5.1,3799
vagrant-xhyve,0.4.1,15125
vagrant-yaml,0.1.0,19928
vagrant_yaml_servers,0.2.4,9041
vagrant-yarrs-and-yamls,1.0.7,27198
vagrant-yaybu,0.0.7,21435
vagrant-zanzibar,0.1.7,9702
vagrant-zentoo,0.2.1,17833
vagrant-zfs,0.0.1,3846
vagrant-zfs-box,0.0.4,8684
vagrant-zone,0.0.2,3177
vagrant-zones,0.1.94,16887
vagrant-zscp,0.1.8,88421
vagrant-zz-multiprovider-snap,0.0.3,8858
vagr_plugin,0.0.0,4409
vague,0.0.3,3759
vague_scraper,0.1.1,2266
vai,0.9.3,11354
vail,0.2.0,13099
vailid,1.0.2,7309
vails,0.0.3,1723
vaimo-messages-handler,2.3.0,15893
vain,0.1.2,25573
vainglory,0.0.1,5099
vainglory-api,0.1.0,5628
vain_routes,1.0.2,10142
vainy,0.0.0,2598
vajali,0.1.0,1609
vakit,0.1.4,13525
val,0.0.5,5569
valabn,0.1.3,4852
valadocbr-theme,0.1.1,3871
valanga,0.3.0,7262
valbn,0.1.1,2140
valcro,0.2.1,471717
valda-video_scraper,1.0.5,12515
valdemaximus-actionwebservice,0.1.1,7813
valdemaximus-conduit,1.2.0,40397
valdemaximus-xx,0.7.0,43876
vale,0.0.1,1884
valence,0.0.1,3422
valentine,0.2.1,4471
valerii,1.1.0,4513
valet,0.0.8,23460
valhalla,0.0.1,4223
valhammer,1.1.0,40868
valiban,0.0.1,3706
valibot,0.2.8,13669
valicuit,0.2.5,10427
valid,1.2.0,191117
valid8ors,0.1.2,42085
validacity,0.3.0,4638
validaDolarUol,0.0.3,5546
validaform,0.1.1,2286
valid_array,0.1.1,6641
valid-array,0.2.5,13539
validas-encrypted_cookie_store,0.4.2,9667
validatable,1.6.7,695999
validatable2,0.0.14,43097
validatable-active_model,0.1.0,4372
validatable_associations,0.2.0,11143
validatable_form,0.0.2,8163
validate,1.3.3,29992
validate-address-smartystreets,1.0.2,7842
validate_args,0.1.0,3215
validate_as_email,3.0.0,30009
validate_as_seo_tag,0.0.3,8729
validate_as_url,0.0.10,24000
validate_attributes,0.0.3,9816
validate_block,0.2.0,7662
validate_cnpj,0.1.0,2498
validate_cpf,1.0.0,6425
validate_credit_card_fields,0.9.8.1,11227
validated_accessors,0.1.1,17187
validated_arguments,0.0.1,4166
validated_object,2.3.0,237564
validate_email,0.1.6,40908728
ValidateEmail,1.0.1,35601
validate_email_address,0.1.0,4139
validate_html,0.1.0,805
validate_japanese,0.4.2,8082
validate-limits,1.0.5,10414
validatemail,1.0.0,710
validate_me,0.1.0,2121
validate_my_params,0.1.0,1992
validate_my_routes,1.0.0,1989
validate_name,0.0.1,3423
validate_nz_bank_acc,0.0.4,7830
validate_options,0.0.2,4587
validate_page,0.1.2,5801
validatepalindrome,0.0.2,4223
validate_params,0.0.1,2065
validate-params,0.13.1,30524
validate-rb,1.1.0,186498
validate-response,0.0.5,3459
validates,1.0.0,172036
validates_against_stopforumspam,1.2,16828
validates_age,0.1.2,6338
validates_and_formats_phones,1.0.1,40410
validates_as_cnpj,0.2.1,16320
validates_as_cpf,0.1.0,9413
validates_as_date_time,0.5.2,4495
validates_as_email,0.5.1,40269
validates_as_email_address,0.2.4,57684
validates_as_hostname_label,1.1.2,9279
validates_as_mail,0.1.0,4480
validates_as_mobile,0.0.2,6666
validates_as_phone_number,0.7.5,10595
validates_as_postal_code,0.5.1,6294
validates_associated_bubbling,0.0.2,5725
validates_associated_with_context,0.2.0,983
validates_as_uk_postcode,2.0.2,7453
validates_as_uri,0.1.1,7854
validates_as_vat_number,1.0.4,17984
validates_belongs_to,0.0.5,14704
validates-belongs-to,0.0.2,7136
validates_blacklist,0.0.1,4396
validates_by_schema,0.5.1,81278
validates_captcha,0.9.8,33464
validates_cnpj,3.1.0,44627
validates_constancy,1.0.1,8011
validates-correios-cep,0.1.3,8305
validates_countrycode,0.1.0,1907
validates_cpf,3.1.0,59259
validates_cpf_cnpj,0.2.0,214762
validates_curp,0.1.0,472
validates_cvr,0.0.5,6667
validates_date_time,1.0.0,12429
validates_decency_of,1.5.1,8180
validates_duplicity_of,0.2.1,17210
validates_email,0.0.2,16421
validates-email,0.0.5,11848
validates_email_address_of,0.0.6,3966
validates_email_format_of,1.8.2,8611837
validates_email-san,0.2.0,11261
validates_email_whitelist_of,1.1.1,13158
validates_existence,0.9.2,281333
validates_for_australia,0.0.2,7031
validates-format-of-uri,0.0.1,4110
validates_formatting_of,0.9.0,359513
validates_guatemala_identity,0.1.0,193
validates_host,1.3.0,21544
validates_hostname,1.0.13,21990333
validates_iban,0.0.3,120679
validates_iban_format_of,1.0.0,2190
validates_identity,1.0.0,1436
validates_identity-ar_dni,0.1.1,325
validates_identity-br_cnpj,1.0.0,487
validates_identity-br_cpf,1.0.0,629
validates_identity-cl_rut,0.1.0,176
validates_identity-co_cc,1.0.0,265
validates_identity-co_nit,0.2.0,444
validates_identity-gt_dpi,1.0.0,488
validates_identity-mx_rfc,1.0.0,338
validates_identity-pa_ruc,1.0.1,502
validates_identity-pe_dni,0.1.0,141
validates_identity-pe_ruc,1.0.0,183
validates_im,1.1.0,7317
validates_immutability,1.0.0,6437
validates_ip_address,0.0.4,11767
validates_ip_format_of,1.0.3,12922
validates_lengths_from_database,0.8.0,1666581
validates_lengths_from_database_advanced,0.0.1,4219
validates_lengths_from_database_tmp,0.1.3,7152
validates_nested_uniqueness,0.9.1,7003
validates_not_profane,1.0.0,6536
validates_not_shouting,0.0.1,3256
validates_no_word_content,0.0.0,5345
validates_overlap,1.0.0,2935239
validates_panamanian_identity,0.1.0,676
validates_panamanian_taxpayer_registry,0.1.0,418
validate_spanish_vat,0.0.1,4188
validates_password_strength,0.3.0,5967
validate_specific_value,0.3.2,11309
validates_phone_format_of,3.0.0,21238
validates_phone_number,2.0.1,126686
validates_potty_mouth,0.1.0,9797
validates_quantity,1.0.0,3458
validates_rfc,0.2.0,1002
validates_russian,0.1.0,44769
validates_schema,1.1.3,13760
validates_serialized,0.0.8,71573
validates_simple,0.0.5,13061
validatessn,0.1.1,2969
validates_spanish_documents,1.0.1,12028
validates-structure,0.2.0,6645
validates_subdomain,0.0.1,3655
validates_subset,1.2.0,14431
validates_swift,0.0.2,7564
validates_team_viewer_id,0.0.2,5307
validates_telephone,2.0.2,28607
validates_timeliness,6.0.1,14515619
validates_timeliness-mongoid,5.0.1,28719
validates_truthiness,0.1.2,13877
validates_type,2.1.0,167067
validate_suffixed_number,1.0.0,1957
validates_unchangeable,0.2.1,19318
validates_uniqueness_via_association,0.3.1,14657
validates_unique_values_on_association,0.1.0,18393
validates_uri_format_of,0.2.0,8033
validates_url,9001.0,4429
validates_url_format_of,0.4.2,76321
validates_vat_number,0.2,4443
validates_website,0.1.0,3730
validates_xml,1.0.3,4477
validates_xml_of,0.1.0,13002
validates_zipcode,0.5.2,2306444
validate_uniqueness_of_in_memory,0.0.4,11939
validate_uri,0.3.0,4050
validate_url,1.0.15,50377794
validate-website,1.12.0,125222
validate_xml_xsi,0.3.0,8688
validate_zipcode,1.3.0,13446
validating-workflow,0.7.12,15850
validation_annotations,0.1.1,8122
validation_auditor,1.0.0,15554
validation_contract,0.1.10,11813
validation_delegation,0.0.3,49079
validation_demo,5.0.0,3349
validation_error_notifier,0.0.1,4381
validation_error_reporter,0.1.0,3044
validation_errors,0.2.0,882
validation_examples_matcher,1.0.2,122656
validation_group,0.2.2,17995
validation_hints,0.2.3,39790
validation_issues,0.2.3,35114
validation_kit,1.0.5,17204
validation_matcher,4.0.0,58042
validation_matchers,0.1.0,4017
validation-messages-for-hanami,0.1.0,2715
validation-mirror,1.0.1,7954
validation_profiler,1.8.0,256281
validation_rage,0.0.2,41669
validation_reflection,1.0.0,277533
validation_reflection-active_model,0.3.1,18532
validation_rules,1.1.0,26799
validations,1.0.1,8927
validation_scopes,0.6.3,186703
validation-scopes,0.4.0,11210
validation-sets,1.2.0,20473
validation_skipper,1.2.0,20279
validations-skipper,0.1.2,5197
validations_step_fu,0.0.2,7110
validation_sync,0.0.6,13234
validation_tracker,0.0.1,2341
validation_tracker_client,2.4.12,6744
validatious,0.4.0,14699
validatious-on-rails,0.4.8,63999
validator,0.1.1,128054
validator_attachment,2.0.0,28459
validator_ext,0.1.2,6718
validator_fn,0.4.0,11638
validator_generator,0.0.2,7152
validator_ie,0.1.5,11327
validator-matchers,0.0.4,7293
validator_multiple_uniqueness,1.0.0,2840
validator-nric,0.0.4,14873
validator.nu,0.0.6,20662
validators,3.4.2,429385
validators_app_ruby,1.0.0,1752
validatr,0.1.0,63643
valid_attribute,2.0.0,752996
validb,2.0.0,32347
validbot,0.0.1,3166
valid_credit_card,0.1.0,3098
valid_data,0.0.1,3468
valid-date,1.1.2,25268
valideez,0.0.9,27826
valideizer,1.2.2,30980
valid_email,0.2.1,28047965
valid_email2,5.2.3,4079828
valid-env,0.0.3,2711
valid_filename,0.0.1,3730
validhash,0.1.0.a1,2735
valid_hostname,2.0.2,6032
validic,0.6.1,59795
validic_api,0.1.0,729
validify_me,0.1.0,361
validiso,0.1.0,69061
valid_items,0.0.11,4342
validity,1.0.2,15840
validocno,0.2.8,22268
valid_route,0.0.4,11357
valid_syntax,1.0.0,7997
valid_transitions,1.0.0,1859
valid_url,0.0.4,419011
validus,0.0.1,3972
validy,1.1.5.2,10359
valid_zip_codes,0.0.5,11854
valigator-csv,4.0.2,38521
valim,0.0.4,14124
valise,1.2.1,96118
valium,0.5.0,214599
valken-shipping,3.0.3,59809
valkyrie,3.1.5,152580
valkyrie_active_fedora,0.0.6,8660
valkyrie-sequel,3.0.0,28214
valkyrie-shrine,1.0.0,19470
valkyrie-sshfs,0.0.1,3287
valle,1.1.3,43626
valley-rails-generator,0.0.4,11302
valligator,1.0.6,9231
valnumber,0.0.0,1951
valnzbn,0.1.5,7710
valodzka-tmail,1.2.3.3,5627
valodzka-valodzka-tmail,1.2.3.2,3391
valodzka-view_fu,0.9.6,5577
valor,0.0.2,5887
valorant,0.1.7,2855
valorant_daily_store,1.0.6,3612
valo-rcov,0.8.3.4,3353
valor-dual,0.1.1,5498
valr,0.1.0,3026
valr_api,0.2.1,975
val_required,0.1.0,10967
valuable,0.9.14,1456228
Valuable,0.8,43736
valuable_gem,0.0.1,2086
valuables,0.5.0,128542
valuation,0.0.1,4483
value,1.1.3,25791
value_class,0.1.1,4420
valued,0.4.1,28340
valuedate,0.0.6,17594
value-domain-ddns,0.0.2,5861
valuefirst,0.1.0,1947
value_inspect,0.2.0,9516
value_object,0.1.2,12202
value-object,1.0.1,12023
value_object_ar,0.0.4,11286
value_object-ruby,2.0.1,203614
value_objects,1.0.0,6233
value_object_struct,0.6.1,6305
value_protocol,0.0.1,3438
valuer,0.1.2,3088
values,1.8.0,1927709
values_at_nested,2.0.0,6484
value_semantics,3.6.1,111534
values_for,0.1,12414
value_struct,0.8.1,15621
valuevaluevalue,0.1.1,3848
value-yard,1.1.0,4041
valuta,0.0.2,5084
valvat,1.4.1,3730292
valvat_cache,0.1.0,3016
valvat-core,0.0.1,28324
valve,0.0.1,3448
valve-cfg-lint,0.1.0,4092
vam,1.1.2,21159
vamboo,1.2.0,12644
vaml,0.2.2,11128
vamp,0.2.0,21928
vampire,0.0.1,3588
VampirePortfolio,0.1.0,1749
vana,0.0.0,2309
VanaClock,1.0.3,17556
vanadiel-time,0.2.1,8021
vanagon,0.48.0,837921
vanakam,0.0.0,3750
vanakkam,0.0.2,7170
VanaTime,2.1.1,24116
vandal,0.0.2,5712
vandal_ui,0.4.5,271253
vandamme,0.0.12,274005
vandelay,0.1.0,3200
vandrijevik-has_phone_number,1.1,3329
vandrijevik-with_time_frozen_at,1.0.3,10188
vanessa-behavior,0.4.5,6076
vangogh,0.1.1,7491
vanguard,0.0.5,53256
vanilla,1.17.13,153242
vanilla-jsconnect,1.0.0,4120
vanilla_nested,1.7.1,70890
vanilla_selenium_wrapper,0.1.2,7892
vanilla-snackbar,1.0.1,2131
vanilla-ujs,1.3.0,255416
vanilla_utility_reader,0.1.0,2483
vanilla_validator,0.4.9,2824
vanillicons,0.1.0,3937
vanilli-ruby,1.3.0,21745
vanish,0.2.0,3958
vanities,0.1.3,11676
vanity,4.0.4,638143
vanitygen-wrapper,0.0.3,7705
vanity-routes,0.0.2,3476
vanity_slug,0.0.7,17283
vanity-ui,2023.02.18,919
vanntastic-imgur,0.3.0,7819
vanntastic-sinatra-gen,0.2.2,3469
vantage,0.0.8,12400
vantage-client,0.1.0,11183
vantiv,1.0.1,10529
VantivCnp,8.31.0,2036
vantiv_lite,0.1.6,11353
vantiv_sftp_reports,0.2.0,12625
vanunits,1.5.0,4518
vapey,0.1.1,666
vapid,0.1.3,8102
vapir-common,1.10.1,35905
vapir-firefox,1.10.1,35739
vapir-ie,1.10.1,32184
vapor,0.0.4,13010
vaporizer,0.1.0,3222
vaportext,0.0.0,1779
vapor_tilt_adapter,0.1.0,2158
vaporware,0.0.8,17857
vaporware-compiler,0.1.0,403
vaquero_io,0.1.2,5306
vaquero_io_provider_template,2.0.2,5242
vara,0.27.0,73416
varager,0.1.0,5122
varanus,0.7.1,14767
var_block,1.1.0,29356
vardb,0.0.2,5831
vardetect-vc,0.0.5,11964
varejonline,0.8.0,18417
varesh_gem,0.0.1,3322
varexp,0.0.2,5862
varfile,0.0.5,13561
variable,0.0.1,77529
variable_neighborhood_search,0.0.2,5954
variables,0.0.1,5372
varia_model,0.6.0,7452784
variance,0.2.0,5121
variant,0.1.1,25653
variantable,0.0.2,3237
variants,0.3.0,13154
variation,0.2.1,6036
variety-format-logger,0.1.0,2123
varify,0.0.5,11939
varint,0.1.1,302032
varint_pb,0.1.1,5535
vario,1.0.4,1078
various,0.0.2,5589
various-additions,0.3.3,3061
varkek,0.0.2,6968
varkon,0.1.0,2711
varnish-client,0.0.1,5701
varnisher,1.1.0,27365
varnishops,0.1.0,11450
varnish_rails,0.2.1,4726
varnish-rb,0.2.0,25155
varnish_rest_api,0.0.15,26283
varnish_rest_api_client,0.0.4,9509
varnish_sweeper,0.2.2,25726
varnish-wrapper,0.2.2,3053
varnita,0.0.2,3577
var_parser,0.1.0,2770
vars,0.0.6,9119
varsity,0.0.3,3221
va-ruby-style,0.2.0,6498
varvara,1.0.2,6091
vas,1.1.1,14983
vasil-uppercut,0.7.1,3341
vasily,0.3.0,7205
vasputils,0.1.7,51050
vassal,0.1.0,2993
vast,1.0.3,26695
vast_analyzer,1.0.6,3586
vast_api,0.2.3,31137
vast-sd-cli,0.2,534
vast-sinatra-xsendfile,0.1.1,3359
vatapa,0.0.1.alpha,1374
vatbook,0.2.1,9099
vatcalc,0.1.4,6353
vat_calculator,1.2.2,3711
vat-calculator,0.0.2,8705
vat_check,1.0.0,36231
vatcher,1.0.0,1881
vat-gst-calculator,0.8.0,42326
vat_id,0.0.2,6051
vatid_eu,0.1.1,7471
vat_id_validator,0.1.0,5801
va_timetable,0.0.1,3553
vatlayer,0.3.6,35714
vat_layer,1.1.0,59736
vat_layer-ruby-3,1.0.0,509
vatman,1.0.0,7413
vat_number_validator,1.1.0,20098
vat_order_calculator,0.0.0,5026
vat_payer_cz,0.2.0,7510
vat_rates,0.0.2,8233
vatsim,0.0.8,19916
vatsim_metar,0.2.4,18300
vatsim_online,0.9.1,66105
vatsim_online_redux,2.1.2,9508
vat-siren-siret,1.0.1,36797
vattributes,0.0.1,5051
v_attributes,0.0.2,3300
vatusa_client,1.0.0rc4,11434
vat_validator,1.2,11263
vatzen,1.0.0,1733
vauchar_api,0.4.4,38964
Vaughn,0.1.0,803
vault,0.18.2,45077623
vault8,0.1.1,4133
vault_api,1.0.2,6035
vault-binaries,0.1.1,4829
vault_client,0.1.5,24630
vault_coh,5.0.0,2457
vault_config,0.010,6053
vault-consul,0.1.2,1955
vaulted_billing,1.4.0,121514
vaulted_billing-termcap,0.0.6,19015
vault_env_secrets,1.0.0,484
vaultify,0.1.4,6060
vault-invoice-builder-client,0.0.7,12297
vault-key,0.0.8,14417
vault-kv,0.12.0,13624
vault_of_satoshi,0.9.1,5894
vaultoro,0.1.0,1836
vault-provision,0.1.12,21076
vault-rails,0.9.0,468891
vault-ruby,9001.0,4093
vault-ruby-wrapper,0.1.2,5560
vault-test-tools,1.1.0,67784
vault-tools,2.1.1,175941
vault-transit,0.1.1,22974
vault-tree,0.8.0,13093
vault-update,1.1.5,12566
vault-usage-client,1.0.0,80442
vaulty,0.1.0,7035
vaws,0.8.3,17902
vayacondios-client,0.3.2,92647
vayacondios-server,0.3.2,73909
vbax-admin_syst,0.7.0,12868
vbax-argon_syst,0.1.0,1872
vbax-becky_thatcher,0.9.0,16260
vbax-blk_syst,0.2.0,4054
vbax-template_go,0.5.0,9450
vbinfo,0.0.2,5174
vblagoi_palindrome,0.1.0,2185
vbot,0.5.1,12648
vbox,0.0.4,4208
vboxer,0.0.1,3714
vboxmanage,0.1.2,6398
vbox-ng,1.0.0,17313
vboxremote-rails,0.0.1,7870
vbsmin,1.1.0,4162
vbucket,0.1.0,5376
vbuilder,0.3.1,14278
vbulletin,0.0.8,14213
vbulletin_scraper,0.3.2,9315
vc,0.1.1,678
vcap_common,4.0.5,98960
vcap-concurrency,0.1.0,24902
vcap_logging,0.1.4,6726
vcap_services_base,0.2.10,3219
vcard,0.3.0,5924775
vcardigan,0.0.9,485111
vcardio,0.1.1,17069
vcard_mate,0.0.2,6619
vcard_parser,1.1.0,35523
vcautils,0.8,5102
vcc,0.0.1,4080
vcdetect,0.5,11427
vcdiff,0.1.1,4485
vcdiff.rb,0.0.3,8300
vcdom,0.3.2,13929
vcdry,1.1.1,1042
vcenter_lib,0.0.3,5848
vcenter_lib_mongodb,0.0.6,10344
vcert,0.3.1,6906
vcf,0.0.5,20793
vcfb,2.1.0,2865
vchain_client,1.0.37,56887
vchs-rest,0.0.2,3392
vcita-gcal4ruby,0.7.2,4141
vcita-gdata4ruby,0.2.2,4168
vcli,0.2.10,36252
vclog,1.9.2,48836
vcloud,0.0.1.1,4316
vcloud-box-spinner,0.2.5,16128
vcloud-cli-utils,0.9.0,5351
vcloud-converter,0.1.0,2309
vcloud-core,2.2.0,102468
vcloud-disk_launcher,0.1.0,3291
vcloud-edge_gateway,2.1.1,59292
vcloud_ipsec-vpn,0.1.1,5226
vcloud-launcher,2.1.1,45451
vcloud-net_launcher,2.1.1,43361
vcloud-net-spinner,0.2.0,13401
vcloud-network-configurator,0.1.0,3643
vcloud-rest,1.4.0,33037
vcloud-tools,2.1.0,11498
vcloud-tools-tester,2.2.0,41089
vcloud-walker,5.1.0,38186
vco,0.0.1,3410
vcontainer,1.0.0,4302
vcops_httpost,0.0.1,3469
vcoworkflows,0.2.1,19630
vcoworkflows-ruby2,0.2.3,2521
vcpkg_pipeline,0.1.5,1712
vcr,6.2.0,105369725
vcr-archive,0.3.0,200906
vcr_assistant,1.0.1,15392
vcr_better_binary,0.2.0,3856
vcr_cable,1.0.0,66336
vcr-fakefs,0.1.1,6838
vcr_hd,0.0.0,3232
vcr_helper,0.0.12,10895
vcr-proxy,0.1.11,24078
vcr-rcv,0.0.2,4794
vcr-remote-controller,0.1.0,4392
VcrToCurl,0.0.6,3536
vcr-uri-catcher,0.5.2,18395
vcr-xml,0.0.3,8716
vcs,0.5.2.4,20789
vcs2json,2.2.7,33789
vcs4sql,0.1.1,5400
vcs-ann,0.1,3503
vcs_bk_tdr_rps,0.3.0,2153
vcs_client,0.4.6,4708
vcsdiff,0.1.4,10448
vcseif,1.2.0,3558
vc_shortcut,1.0.0,340
vcsmap,2.0.2,4471
vcs_ruby,1.1.16,42035
vcs_toolkit,0.1.0,3472
vcx-browser,0.1.11,15005
vcx-elements,0.2.2,9431
vdf,1.0.4,52243
vdf4r,0.2.1,13652
vdf-converter,0.0.3,5345
vdns,1.0.1,5911
vdocipher,1.1.0,17554
vdom-rb,0.1.1,4630
vdsp,1.13.0,23097
ve,0.0.4,8056
vebagem,0.0.1,3854
vebdew,0.2.0,15579
vecrypt,0.0.5,7689
vecsearch,0.2.0,516
vector,0.0.6,15758
vector2d,2.2.4,49161
vector2d-ruby,1.1.0,5812
vector_be_winding,1.0.0,3875
vector_comparer,0.0.0,3199
vector_embed,0.5.3,34425
vector_geometry,0.0.1,5422
vectorops,0.1.2,3557
vector_salad,0.3.2,33639
vectorsearch,0.1.2,1024
vector_space,0.1.4,17901
vector_sse,0.0.4,8089
vectory,0.7.5,12219
vectra,0.1.3,13820
veda,0.0.3.pre,4200
veda-apps,0.0.7,9625
ved_decoder,1.0.0,2203
veddy,1.0.1,6146
vedeu,0.8.32,570251
vedeu_cli,0.0.10,24534
veeam,0.2.0,372
veeqo,0.1.1,3974
veeqo_api_ruby,0.3.0,17358
veeresh_hello,0.0.0,1737
veeru,1.1,3678
veeru_gem,0.0.0,3664
veewee,0.4.5.1,240312
veewee-atlassian,0.3.11,12447
veewee-templates-updater,1.1.0,7648
veewee-to-packer,0.3.0,38802
veezi-ruby,1.0.0,3545
veezo_location_api,0.0.4,5456
veezo-location-api,0.2.2,19489
veezus-vurlify,0.2.0,4400
veez-vurlify,0.1.1,3392
vefbzlvdqddnsqebfpbbb,0.1.0,2637
vega,0.3.1,81973
vegan-restaurant-finder,0.0.0,2964
veganstraightedge-htmldog,1.0.0.200903121450,3370
vegantech-activerecord-sqlserver-adapter,1.0.2,3336
vegas,0.1.11,39258088
vegas_insider_scraper,1.0.1,38241
veggies,0.1.0,439
veg_out,0.2.3,4872
vegprice,0.0.1,6940
ve_gravatar_image_tag,1.3.3,5776
vehicle_coding_ph,1.2.1,9383
vehicle_data,0.0.2,3613
vehicle_data_mn,0.0.2,2094
vehiculum_audit,0.0.7,9451
vehiculum-codestyle,0.1.2,13221
veil,0.3.11,69468
veils,0.4.0,7758
veksel,0.2.2,627
vektra,0.0.1,3319
vela,0.1.1,2650
velcro,0.1.0,6585
velcro-strap,0.1.3,9087
velibe,0.2.3,10849
velir_identity_engine,0.1.5,4218
velir_kaltura-ruby,0.4.13,70572
velir_virtualbox,0.8.4,4152
vellam,0.1.2,9672
vellum,0.0.2,3501
vellum_ai,0.3.15,1829
velma,0.0.0,179
velocify,0.1.7,17462
velociractor,0.1.0,1556
velociraptor,0.1.0,4049
velocity,0.0.1,4289
velocity_audited,6.0.4,23766
velocity_check,0.0.1,3670
velocity_client_ruby,0.3.0,5427
velocityjs-rails,2.0.0,37078
VelocityWalkToCSV,0.0.1,4427
veloe-landing-page-theme,0.1.0,2445
velopayments,2.35.58,21693
velov,0.1.11,25886
velveteen,0.0.0,1976
velvet_rope,0.0.3,10458
vend,0.0.9,17405
vendasta-ri,0.1.1,20897
vendi,0.2.0,1289
vending_machine,0.1.7,3255
vending-machine,0.2.0,11735
vendor,0.1.6,31353
vendorer,0.2.0,195240
vendorificator,0.6.0,35859
vendorise,0.3.0,180830
vendr,0.1.0,3384
vendra,0.1.0,2248
vend-ruby-v2,0.1.0,2010
venduitz,0.5.0,12586
veneer,0.4.0,20591
venet-backup,4.1.3,3362
venice,0.6.0,1495478
venice-bnet,0.3.1.paperlesspost,2001
venice-chr,0.1.5,10722
venme,0.1.0,372
venmo,0.4.0,22986
venmo-api,0.0.4,5751
venmo_money_venmo_problems,0.1.0,283
venn,0.0.1,7046
venn-email,0.1.1,3209
venny,1.0.3,13277
venom,0.0.7,20519
venomi,0.0.3,5839
venonc-restful_acl,2.0.7,3344
ventable,1.3.1,26765
ventable-statsd,0.2.1,4159
ventana,0.9.2,7960
ventilation,0.3.1,33524
ventiuna,0.0.1,3670
ventouse,0.1.6,4475
ventriloquist,0.6.0,31216
ventura_view_tool,0.1.0,2391
venture_base,0.1.1,6222
venus,0.8.6,41820
venus-framework,0.0.0,1844
ver,2010.08,21744
vera,0.3.1,8920
veracious,0.0.2,10144
veracode,1.1.7,991275
veracode-api,0.6.1,5397
veracode_api_signing,1.1.0,4459
veracodecli,1.1.0,66908
verapdf,0.1.0,2844
verat,0.2.0,7987
veratad,0.0.2,7043
verb,0.1,4428
verbal,0.1.2,6137
verbal_expressions,0.1.5,1063539
verbalize,2.3.1,316070
verbalizeit,1.2.0,13867
verbal_pants_cool_view_tool,0.1.0,2226
verbify,0.0.2,3581
verboice,0.7.0,35731
verborghs-state_machine,0.9.6,10614
verbose_factory_girl,0.2.0,7322
verbose_hash_fetch,0.0.2,89706
verbose-logging,1.0.1,4841
verbose_migrations,0.0.1,121
verbose-shell,0.2.0,4951
verboss,0.1.2,13336
verboten_keys,1.1.1,11489
verb-rb,1.0.1,1964
verbs,3.1.0,964287
verbsify,0.0.1,2476
verbvector,0.0.2,7038
vercellus,0.1.0,2109
ver-command_t,0.2.0,13864
vercon,0.0.1,134
verd,0.1.1,934
verda,0.1.0,398
verdi,0.1.0,3404
verdict,0.16.1,678094
vereinigen,0.1.0,2238
ver_ex,0.0.1,3586
verge,0.0.5,18053
vergissberlin,0.0.16,34044
verhoeff,2.1.0,466317
vericast-ifpi,1.1,5607
vericite_api,1.5.3,527035
vericred,0.2.0,10173
vericred_client,0.0.40,42461
verifalia,2.1.0,41742
veriff,0.2.1,26586
verifi,0.0.2,7586
verifiable,0.0.1,4116
verifiable_view,0.0.1,2058
verifica,1.0.2,1726
verificador_boleto_br,0.1.9,16411
verification,1.0.1,59828
verification_ext,1.0.3,3574
verification-streamsend,1.0.3,3936
verifi_data,0.1.11,5160
verified,1.3.3,16604
verified_double,0.8.1,48845
verifier,0.0.1,3263
verifly,0.3.1.0,35798
veriform,0.0.0,2172
verify,0.3.1,10920
verifyEmail,0.1.1,3142
verifykit,0.1.0,788
verify_nexmo_signature,0.1.0,2142
verify_redirects,0.2.1,4683
verify_urls,0.3.2,5297
verify_vsp_client,0.1.2,5170
verihash,0.0.0,2144
verilog,0.1.0,18322
verilog_gen,0.0.2,5468
verilog_rename,0.1.0,10029
veritable,0.1.6.36,29228
veritas,0.0.7,22828
veritascrmod,0.3.1,10549
veritas-do-adapter,0.0.7,11755
veritas-optimizer,0.0.7,16026
veritas-sql-generator,0.0.7,17856
veritrans,2.4.1,185562
veri_trans,0.1.2,5711
verizon_api,0.0.1,2439
verizon_token,0.2.3,6928
verkilo,0.1.5,5560
verku,0.16.10,32983
verlane,0.0.2.5,18729
verm-client,1.2.2,106327
vermelinho,0.0.2,3383
vermic,0.1.3,4057
vermillion-client,1.1.0,4171
vermonster,0.1.1,3876
vernacular,1.0.0,10562
vernacular-ast,0.1.1,5126
verndari,0.2.19,457
verne,0.5.0,12958
verneuil,0.2.0,7166
vernier,0.8.0,64855
verning,0.0.4,8177
vero,0.10.0,707467
verokrypto,0.0.1,1010
verona,0.0.2,5741
veronic,0.0.32,66857
veronica,0.2.1,5433
verosent-api,0.0.1,2252
versace,0.1.0,2992
versacommerce_api,2.0,38504
versacommerce_app,1.0.28,18108
versacommerce-cli,0.2.3,11843
versacommerce-theme_api_client,0.1.3,9747
versafleet,0.3.0,4152
versapay,0.1.5,34960
versatile_rjs,0.1.4,7007
verse,0.5.0,389492
verse_count,1.0.2,4453
versed,0.1.0,2445
verse_of_the_day,0.0.1,3305
verser,0.0.2,7361
verse-ruby,0.2.1,11346
vershunt,2.0.4,3178
versi,0.3.2,9207
version,1.1.1,1732683
version50,0.0.2,6312
versionable,0.1.1,7692
versionable_api,0.0.3,15641
versionaire,13.3.0,159313
versionary,0.1.1,7195
versionate,0.4.0,10022
versionator,0.1.0,38466
version_bomb,0.0.1,3754
versionbot,0.1.1,1787
version_bumper,0.3.0,66274
versioncake,4.1.1,3544855
version-check,0.1.0,1955
VersionCheck,1.0.0,4374
version_checker,0.1.2,7305
version_checks,1.0.0,7472
version_compare,0.2.0,190862
version_compare_little,0.1.1,5009
version_deploy,0.0.3,9377
versioned,0.2.1,11261
versioned_blocks,1.0.3,7469
versioned_record,0.5.0,20293
versioned-routes-rails,0.2.0,3029
versioned_seeds,0.5.2,37476
versioned_views,0.0.1,3768
versioneer,0.3.6,15355
versioner,0.2.0,6669
versioner_rails,1.0.0,3371
version_fu,1.0.2,89643
version_gem,1.1.4,37309296
version_gemfile,1.2.0,7614
version_guard,1.0.1,6676
versionifier,0.1.1,9900
versionify,0.2.4,22480
version_info,1.9.0,98358
versioning,0.0.0,9715
versionist,2.0.1,6785016
versionista,1.0.1,5514
versionit,9001.0,1952
versionius,0.0.3,9693
versionize,1.0.2,7826
versionize_old_migrations,1.0.1,2480
versionizer,0.1.0,6221
version_manager,1.0.2,5927
version-manager,0.1.1,17713
versionology,0.1.0,16607
versionomy,0.5.0,4010408
version-one,0.0.10,21138
versionone_sdk,0.2.2,28224
version_parser,1.0.2,6175
versionr,0.0.4,14935
version_reader,1.0.1,7064
version_record,1.0.0,3584
versions,0.3.1,22999
version_serializer,0.0.1,3399
version-serializer,1.2.0,10907
version_serializers,0.1.6,22325
version_sorter,2.3.0,22980634
versions.rb,1.1,10498
version_string,0.1.0,4735
version_tracker,0.3.0,5677
versionub,0.0.7,35014
version_utils,0.1.1,2813
version_view,1.0.0,6668
versio_rac1-podcast,0.1.0,3423
versjons,0.0.2,5845
verso,0.0.10,20019
verstehen,0.1.0,4432
versus,0.2.0,6629
vert,0.3.0,5603
vertable,1.0.1,3417
vertebra,0.1.4,13995
vertebrae,1.0.5,93651
vertex,0.0.1,3358
vertex_client,0.6.7,50337
vertform,0.0.6,12623
vertformhelper,0.0.2,5655
vertica,1.0.3,498759
vertica_history,2.1.1,20219
verticalresponse,0.1.6,45420
vertical-s3_swf_upload,0.3.2.1,5531
vertica_rails_adapter,2.0.0,18757
vertices,0.0.0.1,3166
vertiginous-github,0.1.3,3352
vertiginous-pik,0.0.2,5649
vertiginous-ultraviolet,0.10.3,5675
vertigo,0.1.0,10896
vertigo_vhdl,0.8.14,16071
verto,0.12.0,24364
vertpig,0.0.11,14471
vertx-howtos-jekyll-theme,0.4.5,31097
verum,0.0.1.dummy,2003
verveine-ruby,0.0.1,3762
very_ants,0.4.0,8303
very_best_in_place,2.0.3,3605
very_dson,0.0.3,8079
very_eager_loading,0.9.0,2054
veryfi,1.0.4,39724
very_first_gem,0.0.3,6034
verygood,0.0.1,3134
very_good,0.1.0,2424
very_nifty_generators,0.2.1,17757
very_safe_rm,0.3.3,20479
very_simple_cms,0.0.3,8560
very_simple_menu,0.0.2,5880
very_tiny_state_machine,2.2.0,103509
veslo,0.4.0,29350
vespa,0.0.3,9873
vesper,1.1.1,62830
vesr,1.1.1,135940
vessel,0.2.0,29017
vesta,0.1.7,17893
vesta-chat,0.1.2,5184
vestacp,0.0.4,7349
vestacp2,0.1.3,2114
vestal_versions,2.0.0,164254
vestel-pony,0.4.0,4453
vestige,0.1.0,2476
vestorly_api,0.0.1,3299
vestroy,0.1.0,4226
vesync,0.1.0,1967
vet,0.1.1,4355
vet-ci,0.0.5,13151
vete,1.0.5,4708
veterinarian,0.1.0,3796
vetinari,0.2.3,16451
veto,1.0.1,76781
vets_json_schema,1.0.0,2485
vettu,1.0.0,3297
vex,0.6.2,40171
vexapion,0.4.2,9039
vexile,1.0.8,24511
vexilla_client,0.0.1,2251
vex-motors,1.0.0,3541
vex_rails,0.2.0,20404
vex-rails,1.0.1,6100
vextractor,0.0.1,1863
veycrece,0.0.4,8108
veye,0.3.2,36950
veyor,0.3.0,62055
veyron,0.1.0,4087
vfastdev,0.1.11,26439
vf-email-handler,0.2.3,16865
vfeskov_edu_gem,0.1.12,20339
vfl,0.0.0.1,3612
Vflow,1.0.3,4382
vfnetapis,0.0.3,9716
vfrmap,1.1.0,4917
vfr_utils,0.0.6,7404
vfs,0.5.1,119120
vfs-momolog,0.0.1,3950
vfwcash,0.7.2,17712
vgcal,0.5.1,13664
vgenerator,0.1.3,10701
vgh,0.2.6,35220
vghello,0.0.1,4032
vg_hola,0.0.3,4288
vglist,0.2.1,11139
vgrnt,0.0.5,13248
vgs_api_client,0.0.38,411685
vg-service_object,0.6.0,7002
vg_test1,0.0.0,2243
vg_tools,0.1.4,8675
vh,0.0.4,12431
vhd,0.0.4,1658145
vhdl_doctest,0.0.5,15178
vhdl_help,0.4.5,17076
vhdl_parser,0.5,14481
vhdl_tb,0.8.2,29253
vhost,1.1.5,7554
vhost_admin,0.0.1,3921
vhost_generator,0.3.4,27782
vhost_writer,0.2.1,12816
vhs,0.3.0,3345
vhskit,0.0.2,5998
vhx-quartz,0.11.24,175897
vhx-ruby,0.0.12,20206
vi,0.0.1,4183
viabtc,1.4.0,15221
viacep,2.0.3,86870
via_cep,3.1.3,101136
viadeo,0.0.2,6569
viaduct,0.1.0,9454
viaduct-api,1.0.7,19442
viaduct-archfile,1.3.5,26557
viaduct-gandi,1.0.0,3453
viaduct_metric_catcher,1.0.0,3143
viaduct_rails_helpers,1.0.0,6851
viaduct-toolkit,1.0.12,38769
viaduct-webpush,1.0.5,14491
viafirma-api,0.0.3,6715
viaggiatreno,1.0.5,8184
viagogo,0.0.1,3555
viagogo-client,0.0.1.pre,2073
VIAJERO,0.1.74,4202
vianettsms,0.0.3,6569
vianney,0.0.3,3913
vi_api_lib,0.1.2,11183
viator,0.1.1.1,6090
vibe,1.0.0,12034
vibedeck-activemerchant,1.18.2,5811
vibedeck-comma,0.4.2,5759
vibedeck-youtube_it,2.0.1,11068
vibefolio,0.1.3,4302
viberator,0.0.1,3350
viberroo,0.3.6,32193
viberuby,0.1.0,1846
vibes,0.0.0,4020
vibes-bj,1.2.2,7838
vibes-rb,0.2.3,1312
vibes-rubycas-client,2.3.0.alpha8,18307
vibrant,0.2.2,8779
vic,1.0.0,22882
vicar,0.0.2,6137
vic-buildr,1.3.4,8008
vice,0.0.2,3465
vice-editor,0.0.6,7723
viceview-rails,1.0.1,2845
vici,5.8.0,19165
vici-exchange-rates,0.1.1,3378
vicky,0.0.1,3608
vi_cli,0.1.2,11045
vicopo,1.2.1,13748
vic_studio_game,1.0.0,364
victor,0.3.4,327945
victor-cli,0.3.7,12322
VictoriaFreSh,2024.3.24,64018
victor_ops-client,0.3.0,18016
victor_view_tool,0.1.0,2262
victory,0.5.2,21752
vid,0.1.0,2427
vid2gif,0.0.3,7351
vida,0.0.2,3357
vidalia,0.1.2,11092
vidalo,0.2.0,3107
vidar,1.10.0,164290
vidazing_logger,0.2.1,4754
viddl,0.0.13,17127
viddler,0.3.0,22957
viddlereo,0.1.4,16981
viddler-ruby,0.1.2,69810
viddler-sitemaps,0.1.0,3962
viddl-rb,1.1.1,182876
videawesome,0.0.11,30956
vident,0.12.0,7278
vident-better_html,0.1.0,522
vident-phlex,0.5.0,1337
vident-tailwind,0.2.0,1090
vident-typed,0.3.0,889
vident-typed-phlex,0.3.0,791
vident-typed-view_component,0.3.0,791
vident-view_component,0.4.0,1234
vident-view_component-caching,0.1.0,433
video,0.0.2,7086
video2gif,0.0.38,61200
video_blur,1.0.1,3172
video_chat_get,0.3.6.1,17979
videoclip,0.3.0,37341
video_code_embed,0.0.5,10116
video_conv,0.2.4,1504
video_converter,0.10.1,125754
video_data,0.2.1,7002
video_dimensions,0.3.1,6463
video-dl,1.1.0,5478
videodrome,0.0.3,5984
video_embed,0.1.0,12474
video_file,0.1.1,3165
video_game_reviews,0.1.7,3768
video_grabber,1.9,10479
videoinfo,0.5.3,16662
video_info,4.2.0,1739771
videojoiner,0.0.4,9252
videojs,1.0.0,4613
videojs-ng,6.2.7,26627
videojs-ng-framebyframe,1.0.1,2178
videojs-ng-socialshare,1.0.1,2194
videojs-ng-youtube,2.4.1,2232
video-js-rails,4.3.0.1,16431
videojs_rails,4.12.15,344578
videojs_ruby_rails,6.2.8,2204
videojs_user_track,0.1,3665
videojuicer-player-sdk,0.4.3,17204
videojuicer-vj-sdk,0.1.12,14838
videolog,1.0.0,3556
video_parser,0.1.0,3999
video_player,1.0.0,85566
video_preview,1.0,3117
video-preview,0.0.1,3453
videoreg,0.1,3840
videos,0.0.5,12966
video_scraper,1.0.5,4515
video_screenshoter,0.2.4,31934
video_sprites,0.2.0,4327
video-sprites,0.0.1.pre1,2102
videostore,0.0.3,8292
video_tesseract,0.1.2,7449
videotest-recorder,0.1.0,1565
video_thumb,0.2.0,125726
video_thumbnailer,0.2.0,23927
videotime,0.0.1,9997
video_to_ascii,0.0.3,23965
video_to_mp3,0.0.6,17319
video-torrent-info,0.1.27,57935
video_transcoding,0.25.3,141267
video_url_parser,1.0.0,5182
vider,0.0.1,3572
vidibus-api,0.0.1,7274
vidibus-asset_cache_buster,0.0.1,5685
vidibus-category_tag,0.2.0,22371
vidibus-core_extensions,0.5.0,67307
vidibus-encoder,0.2.2,12692
vidibus-fileinfo,1.2.0,41079
vidibus-helpers,0.0.5,22288
vidibus-inheritance,0.3.15,27027
vidibus-mp4_encoder,0.2.1,11868
vidibus-oauth2_server,0.0.9,35414
vidibus-permalink,1.5.0,54340
vidibus-pureftpd,1.0.3,19174
vidibus-realm,0.1.3,20841
vidibus-recording,2.0.2,31807
vidibus-resource,0.4.0,61387
vidibus-routing_error,0.2.2,38084
vidibus-secure,4.0.1,47744
vidibus-service,0.5.0,29569
vidibus-subdomain,0.0.1,7460
vidibus-sysinfo,1.2.0,46592
vidibus-tempfile,0.0.0,6590
vidibus-textile,0.3.0,23816
vidibus-timecode,0.1.1,9120
vidibus-user,1.0.1,40799
vidibus-uuid,1.0.0,43440
vidibus-validate_uri,0.4.1,48401
vidibus-versioning,0.3.3,19659
vidibus-version_scheduler,0.2.1,8831
vidibus-watch_folder,0.1.5,16194
vidibus-words,0.0.4,12878
vidibus-wowza_log_parser,0.1.1,6391
vidibus-xss,0.1.18,48885
Vidio,0.0.1,3399
vidispine,1.6.5,18938
vidl-toolbox,0.0.13,30964
vidly,0.1.0,4517
vido,1.1.1,3602
vidocq,0.0.7,3771
vidsigner_api,0.9.1,5156
vid-skim,0.0.1,4481
vidsy-cloudkit,0.10.1,29017
vidsy-data-api,0.15.0,48787
vidyard,0.0.2,3410
vidyo,1.0,14384
vidyo_io,1.0.1,4090
vienna,0.4.2,27231
vienna-pouchdb,0.1.0,3195
vienna_rna,0.14.0,95785
viera_play,1.0,3787
vietlott,0.1.3,3986
vietnamese_accentless,0.1.1,2115
vietnamese_alphabet,0.1.2,317
vietnamese_holiday,0.1.8,771
vietnamese_number,0.1.0,132
vietnameses,1.0.0,7306
vietqr,0.0.0,1709
vietslug,0.1.0,3266
view,1.0.0.alpha.5,14465
viewable,0.5.19,46053
viewaide,0.5.0,21262
view_assets,1.1.1,44375
view-cell,1.0.0,10161
viewchars,0.1.0,1634
view_component,3.12.1,22922290
view_component-contrib,0.2.2,191941
view_component-form,0.2.6,112255
view_component-fragment_caching,0.3.2,13183
view_component_helper,0.9.1,2820
view_component-juice,0.1.1,938
view_component_liquid,1.0.2,4301
view_component-live,0.2.2,3252
view_component-no_component,0.1.0,2216
view_component_reflex,3.3.3,201991
view_components,0.1.0,7657
view_component_scoped_css,0.2.0,6746
view_component_storybook,0.12.1,356988
view_component-storybook,1.0.0,11614
view_component-styles,0.3.1,4322
view_composer,0.1.8,21266
ViewComposer,0.1.4,14553
viewcumber,0.3.1,685580
view_delegates,0.4.0,12420
view_driver,0.1.0,4475
viewer,1.0.1,4376
viewerjs-rails,0.0.4,14146
viewfinder,0.0.1,1784
viewfu,1.0.3,8395
view_generator,0.0.1,3696
view_id,0.2.1,78958
Viewing_View_Tool,0.1.0,2270
view_inspect,0.3.9,28274
viewlet,0.0.5,9520
view_mailer,0.0.1,3437
view_mapper,0.3.4,26072
view_marker,1.0.0,12045
viewmaster,0.0.1,3209
view-matchers,1.0.3,10094
viewmd,0.3.0,7886
view_model,0.0.3,11943
view-model,0.0.2,7730
view_model-rails,0.0.3,11934
view_models,4.0.1,38225
view_object,0.2.0,4887
view_opener,0.1.0,4483
view_partial_form_builder,0.1.5,8548
viewpoint,1.1.1,1003403
viewpoint2,1.3.2,11756
viewpoint_reloaded,1.0.0,3166
viewpoint-spws,0.5.0,4378
viewport_units_buggyfill,0.1.0,9452
views,4.0.0.1,5897
views_count,0.0.3,8694
views_coverage,0.0.2,2016
view_server,0.0.9,23415
views_in_migrations,0.1.0,4365
view_slots,0.0.4,7749
view_something,0.0.1,4122
view_source,0.0.4,13066
view_source_map,0.3.0,848430
viewtalitarian,0.0.1,3882
viewtastic,0.1.3,15636
viewtext,0.0.2,7140
viewtlip,0.0.1,3343
view_tool,0.2.0,2055
view_tool_brotherson,0.1.1,3926
view_tool_copyright,0.1.1,1984
view_tool_devcamp,0.1.0,2394
view_tool_gmalinowski,0.1.1,1783
view_tool_lillywhite,0.1.0,2074
view_tool_poplar,0.1.1,2214
view_tool_portfolio,0.1.0,1912
view_tool_renderer,0.1.1,3230
view_tool_stapleton,0.1.0,2220
view_tool_trighhorn,0.1.1,2272
view_tool_zlpt,0.1.0,910
view_tracker,0.0.1,3930
view_trail,0.3.1,4531
view_tree,0.1.8,37167
view_variant_responder,0.1.0,4040
viewworkbook,0.2,8002
viewy,0.7.0,58256
vifi,1.0.7,6911
viga,0.0.1,3470
vigenere,0.1,4418
vigenere_cipher,1.0.0,5559
vigetlabs-acts_as_markdown,0.1.2,7937
vigetlabs-acts_as_markup,1.3.3,33362
vigetlabs-amazon-ec2,0.0.2,3367
vigetlabs-dockit,0.1.1,5689
vigetlabs-garb,0.2.6,19446
vigetlabs-loggable,0.3.0,7969
vigetlabs-provisional,2.1.12,33188
vigetlabs-provisional-repoman,2.1.3,5624
vigetlabs-radarb,1.1.2,7929
vigetlabs-routing-filter,0.2.4,4782
vigetlabs-simple_importer,1.0.1,3370
vigetlabs-simplest_auth,0.2.2,14844
vigetlabs-unfuzzle,0.1.2,7958
viggles,0.1.0,3157
vigia,0.2.4,25867
vigil,0.1,3799
vigilant,0.1.2,6638
vigilante,1.0.19,40242
vigilem,0.1.1,5349
vigilem-assembly,0.0.13,7532
vigilem-core,0.1.0,5559
vigilem-dom,0.1.0,3366
vigilem-evdev,0.1.3,3429
vigilem-evdev-stat,0.0.2,3315
vigilem-support,0.0.9,3389
vigilem-win32_api,0.0.12,7545
vigilem-win32_api-stat,0.0.3,5343
vigilem-x11,0.0.3,3222
vigilem-x11-stat,0.0.1,3225
vigilion,1.0.4,13959
vigilion-rails,2.2.0,18258
viglink-api,0.1.1,6016
viglink-rb,0.1.1,4067
vignette,0.0.18,58505
vigor,0.8.0,22757
viiite,0.2.0,10481
viisp-auth,0.2.0,4332
viisp-auth-custom,0.1.0,247
viitelaskuri,0.1.0,4496
viitenumero,1.0.4,13935
vijay,0.0.1,3002
vikagor_palindrome,0.1.0,1541
vikhyat-Zenity.rb,0.1.0,3346
viki,1.1.0,29271
viki-api,0.0.1,231801
viki_disqus,0.1.1,12882
viking,1.0.1,14435
viking-biobot,0.0.4,10255
viking-bloopsaphone,0.4.1,6890
viking-copier,1.2,4268
vikinggem,0.0.3,11502
vikingio,0.0.8,17568
viking-pairity,0.1.12,23062
viking_room7,0.1.1,4706
viking-sequel,3.10.0,4430
viking-theme-1,0.1.0,2477
viki_utils,0.0.9,55220
vilango-acts-as-list,0.1.5,11029
vilango-sort_alphabetical,0.0.3,4436
vile,0.0.1,3477
vileda-generators,0.1.0,4320
viljushka,0.7.1,30210
villaana_view_tool,0.1.0,1767
village,2.1.2,4171
village_auth,1.1.1,9224
villanelle,0.2.0,1521
villein,0.5.2,40002
vim,0.0.1,18894
vimaly,1.3.0,37330
vimamsa,0.1.19,17355
vimbrew,0.0.1.a.3,7859
vim-bundle,0.1.1,4554
vim-bundler,0.3.0,16246
vim_client-ruby,0.1.1,6700
vimcolorscheme,0.1,4029
vimdb,0.5.1,19406
vimdeck,0.3.3,88773
vimdeck-without-ascii-art,0.2.10,5111
vim_diff,0.0.1,4125
vimdo,1.2.1,13979
vimeo,1.5.4,436762
vimeo_3,0.0.2,14565
vimeoapi,0.1.2,6975
vimeo_api,0.0.1,3363
vimeo_embed,0.0.2,8355
VimeoFallback,0.0.3,5797
vimeo_id,0.0.1,3527
vimeorb,0.1.2,1729
vimeo_ruby,0.5.0,2287
vimeo_upload,1.0.1,5745
vim-epidemic,0.0.4,13197
vime_view_components,5.1.0,26911
vim-flavor,4.0.2,82099
vimfluence,0.0.4,11161
vimgem,0.2.0,16057
vimget,0.1.3,10982
vimgolf,0.5.0,106073
vimgolf-finder,0.1.8,14123
vimilicious,0.1.5,4439
vimius,0.0.1.beta2,4677
vimjar,0.3.1,6690
vim-jar,0.1.2.0001,23731
vimmate,0.9.2,18624
VimMate,0.6.6,23065
vimmer,0.2.0,7922
vimmy,0.3.0,16813
vim-nerdtree,0.0.1,4423
vim-nicktears,0.0.1.1,7558
vimo,0.1.3,4929
vimpack,0.0.4,15923
vim_pathogen_plugin_manager,0.0.2,5946
vimpk,0.6.0,1207
vim_printer,0.2.7,71387
vimput,0.1.0,2509
vimrecover,1.0.0,4392
vim-recovery,0.0.1,2434
vim_rename,0.0.2,5392
vimrunner,0.3.5,46224
vim-sitter,0.0.1,3721
vim-surround,0.0.1,4474
vim-tags,1.0.2,10453
vim-update-bundles,0.8,7853
vimwiki_markdown,0.9.2,51924
vin,0.0.1,3401
vinaigrette,0.9.0,9288
vinapi,0.0.1,3492
vinay,1.0.0,4444
vin_bank,3.1.0,473282
vinber,0.3.2,11323
vinbot,2.0.4,481657
vincecima-acts-as-taggable-on,2.3.3,4039
vincentchu-gdata,1.1.11,3395
vincentchu-handlersocket,0.0.1,4144
vincentchu-oauth,0.3.2.111,3394
vincentcima-TrophyScraper,0.1.2,6652
vincents_first_studio_game_gem,1.0.0,1940
vincent_view_tool,0.1.0,2227
vincenty,1.0.12,28018
vincenty_distance,1.0.0,6338
vince_tl_voteable,0.0.1,5238
vindata,0.0.14,27833
vindetta,0.28.0,47383
vindi,0.0.13,45065
vindicate,0.1.4,13609
vindicator,0.1.0,23009
vindicia,0.2.7,16245
vindicia-api,0.1.0,14573
vindi-hermes,0.0.2,3622
vindsl,0.0.3,7873
vine,0.4,804180
vine_api,0.0.1,3476
vine_client,0.0.7,18358
vine_dl,0.1.0,3507
vinegar,0.0.1,3752
viner,0.0.2,5344
vinery,0.0.1,3454
vines,0.4.10,55936
vines-agent,0.1.4,16705
vines-backdoor,0.0.1,3527
vines-couchdb,0.1.0,4296
vinesmod,0.4.5.2,6823
vines-mongodb,0.1.0,3715
vines-mongomapper,0.1.1,5883
vines-redis,0.1.0,3679
vines-services,0.1.4,16582
vines-sql,0.1.0,3719
vines-web,0.1.1,7425
vin_exploder,0.5.2,45012
vineyard,0.0.1,3757
vingd,0.1.5,10762
vingem,0.1.0,2362
vini,1.4.232,4100
viniBaxterDesk,22.0.0,8643
viniBaxter-desk_front,300.0.12,65266
viniBaxter-field-active_storage,300.0.18,30673
viniBaxter-spa-belongs_to_search,4.0.0,7219
viniBaxter-spa_directory,0.3.0,3271
viniBaxter-spa_landing,32.0.0,31109
viniBaxter-spa-nested_has_many,300.0.6,14282
vinita,1.1.0,1401
vinochipper,0.0.7,8340
vino_suggest,0.1.0,1911
vinova_sunspot_autocomplete,1.0.1,4779
vinova_sunspot_mongoid,0.3.5,9785
vinova_template_admin,0.1.0,1934
vinquery,0.5.0,55215
vin_query,1.2.0,12524
vinsol_spree_themes,0.0.1,2546
vint,1.3,3945
vintage,0.0.5,7782
vintage-material-theme,0.1.1,2334
vinted-ab,0.2.7,31994
vinted-blurrily,1.3.0,8722
vinted-crummy,1.11.0,6488
vinted-event_tracker,0.0.0,14769
vinted-log4r,1.1.11,3546
vinted-logger,0.0.0,13658
vinted-memcached,1.8.5,6137
vinted-memcached_store,2.3.3,1534
vinted-mmenu,5.2.0,2732
vinted-parallel_tests,1.7.0.1,6079
vinted-prometheus-client-mmap,1.7.0,1246
vinted-raty,0.0.2,2684
vinted-resque-metrics,0.0.15,19629
vinted-svc_client,0.0.0,15127
vinted-svc_shipping_client,0.0.0,22472
vinted-thread,0.1.1,3579
vintner,1.2,9507
vin_utils,0.1.0,2249
vin-validator,1.2.0,5206
vinyl,0.0.4,9555
vinyldns-ruby,0.9.0,6062
vinz,1.1.7,2102
vinz-clortho,0.2.2,7235
vio,0.3.0,4382
viola,0.1.0,3964
violated,0.0.1,3293
violence,0.0.3,8517
violent_ruby,1.0.6,12069
violet,0.0.1,4048
violet_eye,0.0.1,3204
vip,0.0.0,4631
vipassana-design-standards,1.1.1,8926
vipassana-logos,0.0.2,706
viper,0.1.0,3742
vipera,1.0.4,5417
viperaptor,2.2.2,8567
vipergen,0.2.6,21003
vipergen-afnan,0.2.9,7012
vipergeng,1.0.6,33767
vipergen-roche,0.2.8,9156
vipergen-xctestable,0.3.1,5860
vipload,0.0.1,3692
vipnet_getter,0.12,9899
vipnet_parser,2.5.1,46348
vipps,0.0.1.pre,1256
vipruby,0.1.7.2,21506
vips,8.15.1,31320
vips-process,0.2.3,14849
vips-thumbnail,1.6.1,20146
vipuls_fast_track,0.1.1,3267
viral,0,821
viralrb,0,792
viral_seq,1.7.1,55623
virastar,0.0.6,20793
virb,0.1.1,32290
vircs,1.0.2,4075
virgil,0.0.0,3590
virgil-crypto,3.6.4,27532
virgild-resumetools,0.2.5.2,21837
virgil-jwt,1.0.2,18074
virgil-sdk,4.2.6,12049
virginia,0.5.2,21864
virginity,0.3.32,5525
virginsuperhub,0.1.3,5393
virgo,0.3.17,91634
virgo-gadgeteer,0.2.6,10341
virgola,0.0.3,9916
viridis,0.1.0,1796
virility,0.4.0,40184
virsandra,0.5.1,6119
virt,0.2.1,13597
virtbox,0.0.3,3165
virtconsole,1.0.4,15786
virt_disk,0.0.1,2160
virtengine_api,0.1.0,2117
virtex,1.0.2,5845
virtfs,0.0.1,2177
virtfs-camcorderfs,0.0.1,2188
virtop,0.1.5,57672
virtuaaliviivakoodi,1.0.0,4609
virtuadeploy,0.1.0,1818
virtual_assembly-semantizer,1.1.1,15803
virtual_asset_path,0.1.1,7093
virtual_attribute,0.1.0,14083
virtual_attributes,0.0.1,4208
virtual-attributes,0.1.2,5318
virtualbox,0.9.2,242794
virtual_box,0.1.4,15988
virtualbox-com,0.10.9,36699
virtualbox-guestcontrol,1.1.1,15050
virtualbox-ws,0.0.8,17965
virtualbox_WSL2,0.1.3,25722
virtual_date,0.1.1,7153
virtual_fields,0.0.2,5433
virtualfs,0.1.7,25520
virtual_gem,0.1.0,1993
virtualize,0.0.2,4886
virtual_keyboard,0.1.0,6586
virtual_keywords,0.3.1,12491
virtualmachine,0.0.3,5917
virtual_mails,0.3.0,10270
virtualman,2.0.2,42439
virtualmaster,0.1.7,37896
virtual_merchant,0.4.1,79974
virtual_module,0.3.1,8179
virtualmonkey,0.0.1,4294
virtual_name_card,1.0.1,5919
virtual_proxy,0.2.1,5918
virtual_sms,0.2.0,7511
virtual_time_zone_rails,0.3.0,8312
virtual_travel_agent,0.1.0,1932
virtual_view,0.1.1,3400
virtuaservices,0.5.0,9041
virtuatable,3.2.3,53609
virtuatable-core,1.7.0,10753
virtuoso,0.0.1,4351
virtuoso-ensure-state,0.0.6.beta,2592
virtuoso-prototype,0.0.7,23503
virtuous,0.0.3,606
virtuozzo,0.7.0,21421
virtus,2.0.0,90121685
virtus2,2.1.0,5830
virtus_convert,0.1.0,472747
virtus-delegate,0.0.1,3468
virtus-dirty,0.1.0,7097
virtus-dirty_attribute,0.1.0,163745
virtus_dynamic,0.0.2,6265
virtus-extras,0.1.0,3121
virtus-group,0.3.0,149033
virtus-localized,1.0.0,7259
virtus-mapper,0.3.0,25471
virtus-mapper_opp_fork,0.4.2,3131
virtus-matchers,0.4.0,38340
virtus_model,0.4.0,18193
virtus-multiparams,0.1.1,158339
virtusprinter,0.1.0,6295
virtus-relations,1.0.0,209220
virtus-rspec,0.0.1,4983
virtus-uri,0.1.0,9391
virus,0.0.2,6817
virus_blacklist,1.1.0,6767
virus-scanner,0.0.5,7930
virus_scan_service,0.2.1,10313
virustotal,2.0.0,5922
virus_total,0.2.0,7363
virustotalapi,0.0.1,4106
virustotal_api,0.5.7,63592
virustotal_api_compat,0.1.7,1635
virustotalx,1.2.0,16611
vis,0.1.1,5193
visa,0.1.0,9115
visa_check,0.0.2,5695
visage,0.2.5,4846
visage-app,2.1.0,106894
visagio-arctic_admin,2.0.3,3656
visa_net_uy,0.0.2,6033
viscacha,0.0.1,1848
visdiff,0.0.7,16484
vise,0.0.1.pre,2370
visfleet-default_logging,0.1.0,3400
visfleet-deprec,2.1.4.5,21177
visfleet-hysteresis_filters,0.1.7,3351
visfleet-pipeline_toolkit,0.2.2,10290
visfleet-ternary_logic,1.0.1,3368
vis-gem,4.21.0.0,17455
vish,0.1,2449
vish02,0.1.1,459
vishaks_studio_game,1.0.0,3877
vishesh,0.0.1,1874
vishnu,2.0.1,7535
visibility,0.2,7207
visibility_checker,1.0.0,1851
visibilityjs,1.2.8,159140
visibility_monitor,0.1.0,4045
visibilize,0.1.1,1771
visible,0.0.1,2092
visible_assignment,0.1.0,2071
visible-cukes,0.2,7743
visilibity,0.0.1,4409
visio2pdf,0.0.2,5388
visiocop,0.3.1,1901
vision,0.0.2,12656
visionary,0.2.0,5653
visionbundles,0.3.4,16703
visioner,1.1.5,22596
vision_mate,0.2.4,25897
visionmedia-ass,0.0.3,5660
visionmedia-bind,0.2.6,31261
visionmedia-commander,3.2.9,67147
visionmedia-css,0.0.2,3367
visionmedia-dm-forms,0.0.3,5655
visionmedia-drupal,0.0.6,10284
visionmedia-gen,0.0.1,3333
visionmedia-google-search,1.0.2,5646
visionmedia-growl,1.0.3,12592
visionmedia-jspec,2.11.2,81789
visionmedia-lightr,0.0.7,12593
visionmedia-mini,0.1.0,24099
visionmedia-mygem,0.0.5,7946
visionmedia-release,0.3.7,51561
visionmedia-rext,0.3.1,31065
visionmedia-rgauge,1.0.4,7984
visionmedia-ruby-php-bridge,1.1.0,3389
visionmedia-san,1.0.2,8003
visionmedia-swarm,0.0.1,3386
visionmedia-tagz,1.1.1,5627
visionmedia-terminal-table,1.2.0,12672
visionmedia-translatable,0.0.2,5644
visionmedia-user-agent,0.0.1,3384
visiquery,0.1.0,3577
visitbench,0.3.0,7508
visit_card,0.1.1,10765
visit-counter,0.1.2,18632
visit-counter-omri,0.1.1,3872
visit_counter_updater,0.0.6,18287
visitor,0.0.1,5830
visitors,0.1.0,28208
visitor_sources,0.0.1,7760
visit_widget_email,0.7.14,263
visjs,1.0.2,4043
visjs-rails,4.21.0.0,87748
visma_eaccounting,0.0.7,7168
visnup-aws-s3,0.6.1,3346
visor-auth,0.0.3,9537
visor-common,0.0.2,6786
visor-image,0.0.4,9547
visor-meta,0.0.3,9561
visor-web,0.0.2,6731
vispan,0.17.2,22901
vis-rails,2.0.1,30189
vissen-input,0.3.0,3428
vissen-output,0.7.0,3428
vissen-parameterized,0.1.1,3393
vissing_view_tool,0.1.0,2269
vistarpc4r,0.3.0,29831
vistasoft,0.1,3459
vistual_call,1.0.0,424
visual_call_graph,0.4.0,8184
visual_call_html,0.1.0,4771
visualcaptcha,0.0.1.5,12418
visual_captcha,0.0.2,68289
visual_captcha_cn,0.1.0,4874
visual_condition_builder,2.2.7,40554
visual_db,0.1.2,7367
visual-environments,0.3.4,23873
visualisation-utils,0.8.1,22079
visualization-js-api,0.1.1,9989
visualize_helper,0.0.10.85,47435
visualize_inheritance,1.0.0,27741
visualize_packs,0.5.23,100452
visualize_packwerk,0.2.3,170107
visualize_ruby,0.16.0,13899
visual_matcher,0.1.0,1942
visual_migrate,4.1.7.0,20465
visual_query,0.3.0,2379
visualruby,3.4.13,119070
visualsearch-rails,0.0.1,3532
visual_studio,0.1.0.3,23042
visual_studio_files,0.1.2,8692
visualtag,1.0.1,9443
visualtracer,0.0.0,2928
visual_width,0.0.6,16293
visupedia,0.0.1,3415
vita,0.3.0,651
vita-clearance,0.6.9.2,14902
vitae,0.2.1,26103
vital,2.2.1,12874
vitalish-chargify_api_ares,0.3.9,4187
vitalish-factory_girl,1.2.10,23676
vitaliy,0.0.0,3214
vitals,0.12.0,53118
vitals_image,0.5.0,10940
vitals-riemann_reporter,0.2.0,5133
vitamin,0.0.0,3755
vitamined-gems,1.0.0,4453
vitat-css,0.1.3,1152
vit_captcha,1.0.1,3002
vitc_hello_gem,0.1.0,852
vite_hanami,3.0.0,10755
vite-jekyll,0.1.0,1815
vitelity,1.0.1,6287
vite_padrino,3.0.0,11654
vite_plugin_legacy,3.0.2,89793
vitepress-rails,0.1.4,2937
vite_rails,3.0.17,6664611
vite_rails_legacy,3.0.5,87484
vite_rb,0.0.1.alpha1,1619
vite_ruby,3.5.0,6849856
vito,0.0.5,11531
vitobotta-brb,0.3.2,7323
vitobotta-resque-pool,0.3.2.dev,6898
vitrage,0.0.3,6039
vitrail,0.4.0,1465
vitreous_share,0.0.31,46050
vitreous_standalone,0.0.23,30925
vitrina,0.3.1,16426
vitrine,0.0.31,71881
vitunes,0.4.9,135215
vitunes-10.5,0.4.8,4131
viu,0.0.7,10420
viva,0.42.1337,2877
viva-app_config,1.2.0,12827
viva-declarative_authorization,0.3.2.3.1,7784
vivaldiupdater-ubuntu,0.2.0,5332
vivapayapi,0.2.1,9742
vivapayments,0.0.1,8244
viva-php_serialize,1.1.3,13245
viva-resource_controller,0.6.5.3,11392
viva-rubyzip,0.9.1.2,7839
viva_wallet,0.3.3,9815
vivialconnect,0.0.5,8787
vivid_seat_api,0.0.5,10125
vivid-seat-api,0.0.6,5554
vivid_seats,0.0.4,13705
vivisector,0.1.2,7970
vi_vsnu,0.0.1,2144
vivus,1.0.11,34487
vixen,0.0.12,34803
vixen_rename,0.1.0,1723
viximo-cache-money,0.3.0,4186
viximo-rack-throttle,0.5.0,14915
viz,0.1.1,3679
vizbuilder,1.1.2,19761
vizier,0.1.2,4230
vizi_logger,0.1.0,3900
vizion,0.2.0,5011
vizir,0.2.6,14439
vizi_tracker,0.5.0,15570
vizi_translator,0.5.0,15086
vizi_whois,0.4.0,12855
vizjerai-avalara,0.3.1,11321
vizjerai-devise_security_extension,0.3.8,22174
vizjerai-google-checkout,0.4.0,29304
vizjerai-query_trace,0.2.2,16338
vizjerai-validatable,1.9.0,5694
vizlocity,0.1.0,2374
vizreview,1.0.0,3296
vizsla,0.0.6,10254
vizzuality-sequel-rails,0.3.7,12077
vj,1.0.2,5400
vj-player-sdk,0.4.5,4512
vj-sdk,0.8.2,771846
vjs_rails,0.2.1,10343
vjt-email_validator,1.5.4,10338
vjt-ruby-audioinfo,0.1.6,4570
vjt-zendesk,1.2.0,5958
vk,0.6.5.53,14223
vk_api,0.1.0,4922
vk-api,0.1.2,24714
vk_api_simple,0.2.4,7651
vk_cozy,0.3.9,3957
vkdonate,1.1.1,8690
vk_group_parser,2.0.4,12362
vkhal,0.1.2,5687
vkhater-redcarpet,2.2.3,3916
vkhater-social_stream,0.16.3.3,4074
vkhater-social_stream-base,0.11.2,4192
vkhater-social_stream-documents,0.6.1,4086
vkhater-social_stream-events,0.3.2,4088
vkhater-social_stream-linkser,0.1.1,4079
vkill_gems_methods,0.1.2,10318
vk_longpoll_bot,0.1.0,5758
vk_music,4.1.6,61288
vk_music_loader,0.3.1,7421
vkontakte,0.0.9,27096
vkontakte_api,1.4.4,155140
vkontakte_client,2.2.0,5427
vkontakter,0.1.0,4332
vkpd,1.3.7,38137
vkponchik,1.1.0,3316
vkteambot,0.2.0,1137
vkteamsbot,0.2.1,1225
vk-url-checker,0.0.0.alpha,3068
vk_view_tool,0.1.1,2169
vk-watchdog,0.1,3512
vl,0.0.5,6682
vl6180_pi,0.1.0,2208
vlaah,0.9.1,7715
vlad,2.7.1,190744
vlada,0.0.30,5155
vladangem,0.0.0,3532
vlad-assets,0.0.1,6971
vlad-daemon_kit,1.1.2,17731
vlad-fjpii,0.0.8,22938
vlad_freebsd,1.0.1,7721
vlad-git,2.2.0,83797
vlad-helpers,0.2.7,40195
vlad-hg,2.2.4,39115
vladiator,0.0.0,1865
vladimerb,0.0.3,9560
vladlev,1.1.0,27677
vlad-merb,2.1.0,7317
vlad-nginx,1.0.0,6066
vlad-perforce,2.0.1,6397
vlad-puma,0.1.0,2487
vlad-push,1.1.2,19045
vlad-rainbows,0.1.5,16876
vlad-status,0.0.2,7117
vlad-systemd,0.1.0,23488
VladTheEnterprising,0.2,21591
vlad-thin,1.2.0,16622
vlad-unicorn,2.3.1,21052
vlad-unikorn,0.1.0,7309
vlad-unity,0.1.0,23487
vlad-version,0.0.2,6629
vlatko_dawanda,2.0.1,5814
vlatko_lotto,0.1.0,2833
vlc360,0.1.0,4268
vlc-client,0.0.7,26107
vl_codebreaker,0.1.1,2534
vlc_proxy,0.1.5,9460
vlcraptor,0.5.0,3930
vldt,0.1.1,5968
vli,0.0.4,12165
vline-rails,0.0.8,9629
vliz-be-theme,0.4.4,2006
vll,0.1.17,52592
vls,0.4.3,36527
vlsync,0.1.2,3180
vlt_wrapper,2.4.18,4417
vlx-multi,0.1,4469
vm,0.0.1,3574
vmail,2.9.11,880758
v-makeleaps-ruby,0.1.6,927
vman,0.2.0,12521
vmanage,1.0,4438
vmanage_sdk,0.1.0,2111
vmaps,0.0.2,5853
vmbuilder,0.0.2,7880
vmbuilder_plugins,0.1.2,11130
vmc,0.5.1,539705
vmc-IronFoundry,0.3.24,21820
vmc_knife,0.0.69,83444
vm-client,1.0.0,277
vmc-stic,0.4.1,12168
vmc-tsuru,0.3.alpha,6665
vmcu,0.3.22,26002
vmc_virgo,0.0.2,9257
vmerize,0.0.1,3991
vmescherkin_palindrome,0.1.0,1861
vmesh,0.1.11,14578
vmfloaty,1.8.1,717356
vmik-fluent-plugin-google-cloud,0.5.5,8636
vmit,0.0.3.99,6315
vmix,0.1.0,3797
vmlib,1.1.1,9773
vm_manager,0.1.1,4350
vmodel,0.1.0,2272
vmonkey,0.21.0,59392
vmopt,0.0.2,3463
vmpooler,3.6.0,92754
vmpooler-dns-gcp,1.2.0,1381
vmpooler-provider-ec2,0.0.2,809
vmpooler-provider-gce,1.3.0,5588
vmpooler-provider-vsphere,3.3.4,6482
vmreverter,0.1.4,20799
vmrun,0.0.1,3269
vmserver,0.3.6,33014
vm_shepherd,3.7.3,389177
vmsim,1.0.1,10725
vmstat,2.3.1,24061430
vmstator,2.1.0,14136
vmth,0.0.2,7137
vm_tiny_tds,2.1.2,2027
vmtools,0.2.2,9434
vmtouch,0.1.0,3933
vmware-revert,0.0.5,14901
vmware-vra,3.2.1,97589
vmware_web_service,3.3.0,303144
vm-watcher,0.1.0,3981
vncalendar,0.1.1,2738
vn_cities,0.1.0,2295
vncpost_api,0.4.0,13218
vncrec,1.0.6,13330
vnctools,0.1.1,427506
vnehm,1.1.3,8969
vnet_api_client,0.9,7378
vnetwork-api-client,0.0.2,1842
vnews,0.4.6,139240
vnpay,0.0.3,4069
vns,0.3.0,20012
vnstat-metrics,0.2.1,8121
vnstat-ruby,3.0.7,26216
vn_tagger,0.2.3,18909
vn_test_gem2,0.0.0,3522
vobject,1.1.0,6105
vocab,0.1.2,27027
vocab_counter,1.0.0,10976
vocab-to-anki,0.2.0,393
vocabulary,0.0.3,10002
vocabulary_to_csv,0.1.0,238
vocal,0.0.0,3452
vocalist,1.0.1,4356
vocaloo,0.0.1,3428
vocal_tract_length,1.2.0,7700
vocalware,0.0.1,4003
vocco,0.2.1,13113
vocker,0.4.1,24180
vodacom,0.0.10,7047
vodafone,0.0.1,4035
vodem_sms,0.0.7,15863
vodka,0.1.2,9015
vodoo,0.0.1b,2285
vodpod,2.0.0,7744
vodstamp,0.1.0,3451
vogogo,0.7.0,14332
vogogo_ruby,0.1.0,8321
vogue,0.2.0,4453
voice,0.0.3,8616
voicearchive_client,0.0.2,2269
voicebase,0.0.2,4875
voicebase-client-ruby,1.3.0,56557
voice_chapters,0.0.4,8553
voice_com,0.0.1.3.2,13053
voicecom_sms,4.1.3,21160
voice_form,0.3.0,4392
voice_id,0.1.2,6356
voiceinspect,0.0.1,3377
VoiceIt2,3.7.1,27873
voicelabs,1.0.1,6064
voicemail,1.1.1,15705
voicemaker,0.2.0,1749
voicemeeter,1.0.1,931
voicemeeter_api_ruby,4.6.1,17725
voicepartner,0.1.0,7292
voice_recognition_bing,0.1.0,2435
voicerss2017,0.1.0,2574
voicerss2017e,0.1.1,4049
voicetext,0.0.1,3407
voice_text_api,1.0.0,11607
voicetotext,0.0.1,107177
voice_vault,0.1.0,3440
voicevox.rb,0.1.0,468
void,0.0.1,3159
void_logger,0.1,8576
voidtools,0.3.1,19356
voight_kampff,2.0.0,6433679
voilkruby,0.0.1,1582
voip,3.7.2,3684
voipfone_client,0.3.1,15707
voipms_rates,1.0.1,5401
voir,0.0.0,4335
voivod,1.0.0,1014
voke,0.0.1,3895
Voker57-reploy,0.0.1,4383
volabit,1.1.1,10011
volatile_counter_cache,0.0.4,10163
volatiledb,1.0.0,15858
volatile_hash,0.0.4,11838
volatile_wtf,1.0.2,8221
volatility,0.2.1,7345
volay,2.2.0,31480
volcano,0.1.1,2943
voldemort,0.0.1,3958
voldemort-rb,0.1.9,92014
volgactf-final-checker-result,1.0.0,2377
volksbanker,1.1.2,20084
volkswagen,0.1.0,3105
vollbremsung,1.0.2,39089
volley,0.1.25,81431
volleyball,0.1.3,7676
volley_motion,0.0.6,12013
volna,0.2.0,7182
voloko-sdoc,0.2.14.1,75029
volontariat,0.0.2,5304
volt,0.9.6,383764
voltage,0.1.0,1927
voltaire,0.4.5,7098
voltar,0.0.23,3508
volt-awesome,0.1.1,5135
volt-bootbox,0.1.3,8706
volt-bootflat,0.0.2,5888
volt-bootstrap,0.1.0,34647
volt-bootstrap_flatui_theme,0.1.1,5748
volt-bootstrap_jumbotron_theme,0.1.0,7408
volt-bootstrap-jumbotron-theme,0.0.5,16058
volt-braintree,0.1.0,3517
volt-browser_irb,0.1.4,9308
volt-chosen,0.1.3,8996
volt-code_highlight,0.2.0,5601
volt-datepicker,0.1.1,5397
volt-daterange,0.1.0,3099
voltdbjruby,0.8.0,7593
volt-easypiechart,0.3.0,7199
volt-editable-text,0.0.9,22500
voltex,0.1.0,22973
volt-fields,0.2.0,46331
volt-font_awesome,1.0.2,7362
volt-foundation,0.0.6,14308
volt-gmaps,0.1.0,3130
volt-google_maps,0.1.7,15258
volt-google-maps,0.0.8,17186
volt-gravatar,0.2.0,7354
volt_haml,0.1.0,3170
volt-highcharts,0.1.5,13154
volt-image_resizer,0.1.1,5045
volt-load_more,0.1.2,7292
volt-mailer,0.1.2,18045
volt-materialize,0.0.4,7501
volt-materialize-fields,0.0.2,5342
volt-materialize-notices,0.0.1,3231
volt-mongo,0.2.0,21934
volt-notification,0.1.1,5231
volt-open_dyslexic_3,1.0.1,5257
voltos,0.3.2,61798
volt-osmaps,0.1.8,9196
volt-pagination,0.2.1,16885
volt-picnic,1.0.0,12840
volt-progress-bar,0.0.1,3554
voltrb,0.1.0,9440
volt-redis_message_bus,0.1.1,5181
volt-repo_cache,0.1.8,11395
voltron,0.3.2,5055
voltron-crop,0.1.4,3366
voltron-defender,0.1.1,4588
voltron-encrypt,0.2.1,16756
voltron-flash,0.1.8,11247
voltronic_power_interface,1.0.0,2277
voltron-notify,0.2.2,15332
voltron-svg,0.1.9,11039
voltron-translate,0.2.3,12444
voltron-upload,0.2.5,7353
volt-s3_uploader,0.1.1,5045
volt-select2,0.1.0,3058
volt-semanticui,0.0.1,3369
volt-semantic-ui,0.0.3,5451
volt-simple_icon_selector,0.1.2,7230
volt-simple_list_item_selector,0.1.3,9646
volt-skeleton,0.0.1,3289
volt-slider,0.2.0,8278
volt-slim,0.1.5,13125
volt-sockjs,0.3.4.4,7494
volt-spinner,0.0.4,10714
volt-sql,0.0.7,15161
volt-string_as_key_combo,1.0.3,9488
volt-table,0.1.3,6891
volt-user_templates,0.5.3,37344
volt-user-templates,0.1.0,16404
volt-watch,0.1.7,17454
volt-webix,0.1.0,3072
volt-wysiwyg,0.0.1,3211
volumerb,0.1.0,5725
volume_visualizer,0.0.1,3459
voluntary,0.7.1,49214
voluntary_brainstorming,0.0.2,5304
voluntary_classified_advertisement,0.3.1,12239
voluntary_data_recognition,0.0.1,3205
voluntary-ember_js,0.1.0,11919
voluntary_feedback,0.1.0,5313
voluntary_georeferencing,0.0.1,3195
voluntary_music_metadata_enrichment,0.2.0,9695
voluntary_ranking,0.1.0,5496
voluntary_recruiting,0.1.0,5590
voluntary_scholarship,0.1.0,5701
voluntary_search_relevance_optimization,0.0.1,3199
voluntary_software_evaluation,0.0.1,3190
voluntary_survey,0.1.1,7254
voluntary_tagging,0.0.1,3218
voluntary_text_creation,0.2.0,16113
voluntary_translation,0.2.0,8144
volunteermatch,0.3.5,8960
volunteer_match,0.1.0,2095
volute,0.1.1,7567
volvi,0.1.0,406
vominator,0.0.16,29578
von,0.2.0,9197
vonage,7.24.0,898398
vonage-jwt,0.2.0,358356
vonage_rails,1.1.0,10575
voncount,0.0.2,3678
von-dashboard,0.0.5,15406
vonigo,0.1.0,242
voodoo,1.1.4,35409
voodoorai2000-ar_mailer,2.1.7,4456
voodoo_sms,1.1.1,36219
voog_api,0.0.16,13846
voog-kit,0.5.9,55464
voom-commands,0.1.1,3243
voomify_email_integrator,0.1.0,4351
voomify_tasks,0.2.5,47314
voomify_utility_drawer,0.1.11,13891
voom-presenters,2.1.2,32175
voorhees,0.2.0,4449
voot,0.2.0,6274
vop,0.3.6,7254
voppe-jekyll-theme,0.6.2,32640
vop-plugins,0.3.5,3912
vop-services,0.3.5,1984
vor,0.1.4,11104
vorax,5.3.2,36290
voraz-dr_nic_magic_models,0.9.3,5697
vorbis_comment,1.0.3,13182
vorhees,0.0.2,4400
vorm,0.0.3.alpha,4306
vorpal,1.5.0,130660
vorsprung,0.1.0,2054
vortex_client,0.7.3,59022
vortex-of-agony,0.1.0,2330
vortex_utils,0.0.2,7014
voruby,2.0.0,17921
voruby2-preview,1.0.0,4458
vorx,0.1.1,4049
vos,0.4.2,103824
vose,0.2.1,15434
vosfactures,0.1.0,3475
vosk,0.3.42,842
vostok,0.0.3,9176
vostok-rails,0.0.3,3898
votable-alex-test,0.0.0,3571
votable_clint_march,0.0.1,5854
votable_henry,0.0.1,5456
votable_jin,0.0.2,6977
votable-rbn,0.1.2,8268
votable_rw,0.0.0,3079
votabulary,0.3.1,13480
votd,3.0.2,43057
vote,0.2.0,6340
voteable_aaron,0.0.0,3379
voteable_aaron86,0.0.0,3076
voteable_aaron_mar,0.0.1,3163
voteable_abuckingham,0.1.0,3171
voteable-acandael,0.0.1,6159
voteable_ad,0.0.0,3396
voteable_adrian,0.0.0,1852
voteable_aero,0.0.0,3076
voteable_aht,0.0.0,2751
voteable_aimee,0.0.0,3058
voteable_ajjonez,0.0.0,3413
voteable-akshat,0.0.0,1983
voteable_alanwells,0.0.0,3604
voteable_albert,0.0.0,3051
voteable-alpha,0.0.0,3656
voteable_amanda,0.0.0,3174
voteable-ams,0.0.1,5374
voteable_andrew,0.0.1,5667
voteable_ant,0.0.3,3059
voteable_antoine,0.0.0,2325
voteable_arthur,0.0.1,3387
voteable_asif_oct,0.0.0,3323
voteable_austin,0.0.0,3159
voteable_awlterzh,0.0.1,3682
voteable_bart,0.0.1,5212
voteable_bbq,0.0.0,3547
voteable_ben,0.0.0,3295
voteable_blaine,0.0.0,3524
voteable_bloomer,0.0.0,3344
voteable_bn,0.0.0,3410
voteable_brady,0.0.0,3142
voteable_brent,0.0.0,3210
voteable_bryan,0.0.0,3140
voteable_bubbadog,0.0.1,3136
voteable_buddy,0.0.0,3458
voteable_cano,0.0.0,3031
voteable_carl,0.0.0,3431
voteable-carlos,0.2.0,8504
voteable-cbuzz,0.0.0,3594
voteable-cdub,0.1.0,6038
voteable_ceconcepcion,0.0.2,8594
voteable_cee570,0.0.0,2912
voteable_cee5700,0.0.1,2916
voteable_cgeb,0.0.1,5306
voteable_chian,0.0.0,2107
voteable_chian2,0.0.0,2070
voteable_chiprockstar,0.0.0,3152
voteable_chris,0.0.1,3537
voteable-chris,0.1.0,6234
voteable-chris-sept,0.1.0,6192
voteable_christycui,0.0.0,3166
voteable_cisolarix,0.0.1,3303
voteable_clint,0.0.0,3513
voteable_corey,0.0.0,3383
voteable_cregis,0.0.0,3122
voteable-crokobit,0.0.0,3532
voteable_crq,0.0.0,3480
voteable_ctrembley,0.0.0,3217
voteable_cullen,0.0.1,5706
voteable_dafna,0.0.0,3167
voteable_dan,0.0.0,2087
voteable_danielschonfeld,0.0.0,2894
voteable_danielt_test,0.0.0,3217
voteable_danyeboah,0.0.0,3149
voteable_darren,0.0.1,5637
voteable_dave,0.0.1,3509
voteable_dave_jul,0.0.3,10369
voteable_david,0.0.1,3479
voteable_david_nov,0.0.1,5034
voteable_david_seb,0.0.0,3217
voteable_dawei,0.0.0,3157
voteable-dcousette,0.0.1,5253
voteable_deb,0.0.0,3355
voteable-dem,0.1.0,6100
voteable_denzyl,0.0.0,3158
voteable_derick,0.0.0,3143
voteable_desmond_jan,0.0.0,3505
voteable-dk,0.0.3,11110
voteable_dkls,0.0.0,2303
voteable_dmm,0.0.0,3282
voteable_dmyers,0.0.1,3885
voteable_doris,0.1.2,7351
voteable_doug,0.0.0,3378
voteable_drenz,1.0.1,3831
voteable_drew,0.0.0,3326
voteable_dtb,0.0.0,2265
voteable-dtclement,0.0.1,6118
voteable_durrell,0.0.0,3498
voteable_dylan,0.0.0,2093
voteable_eduardo,0.0.0,3318
voteable_elise,0.0.0,2161
voteable_ellery_mar,0.0.0,3202
voteable_emily,0.0.0,3061
voteable-eobrien,0.0.0,3657
voteable_eric,0.0.0,3199
voteable_eric_april,0.0.0,3172
voteable_eugene_chang,0.0.2,5318
voteable_eva,0.0.0,3211
voteable_evan,0.0.1,5967
voteable-eworx,0.0.3,3474
voteable_favero,0.0.3,9411
voteable_fer_sept,0.0.0,3568
voteable_figo,0.0.0,3467
voteable_finn,0.0.1,2003
voteable_flo,0.0.3,2274
voteable_gary,0.0.0,3176
voteable_gem,0.0.2,3197
voteable-gem,0.0.1,3637
voteable_gemille,0.0.3,9662
voteable_gem_mweick,0.1.1,4947
voteable_get,0.0.0,3298
voteable_gigi,0.0.0,3122
voteable_glow,0.0.1,5042
voteable-gnt,0.0.1,3624
voteable_greg,0.0.0,3121
voteable_gus,0.0.0,3447
voteable_hideko,0.0.1,3947
voteable_hobbs,0.0.0,3176
voteable_holden,0.0.1,4799
voteable_hunter,0.0.0,3336
voteable-hustad,0.1.0,3625
voteable_hw,0.0.1,5678
voteable_ian,0.0.0,3546
Voteable_Iank_nov,0.0.1,3661
voteable_ingie,0.0.0,3391
voteable-ism,0.0.3,11145
voteable_jack,0.0.1,3157
voteable_jacy,0.0.0,3310
voteable_jake,0.0.0,3476
voteable_jakekaad,0.0.0,3260
voteable_jam,0.0.0,3226
voteable_jamesh,0.0.0,3391
voteable_jason,0.0.0,3335
voteable_jason_jan,0.0.0,3260
voteable_jason_nov,0.0.0,3050
voteable_jeff,0.1.0,3474
voteable_jeff1,0.0.0,3322
voteable_jessie,0.0.0,3465
voteable_jh,0.0.0,3443
voteable_jheg,0.0.1,5338
voteable_jhl88,0.0.0,3450
voteable_jim,0.0.0,3402
voteable_jimfinn,0.0.1,3894
voteable_jjv,0.0.1,2071
voteable_jl,0.0.0,2672
voteable_jmo,0.0.0,3048
voteable_joe,0.0.2,7147
voteable-joe,0.0.1,3582
voteable_jong,0.0.1,5875
voteable_jose,0.0.0,3450
voteable_josh_edw,0.0.0,3335
voteable_josiah,0.0.0,3151
voteable_jsanchez,0.0.0,3509
voteable_jw,0.0.0,3464
voteable-jwallace,0.2.0,10958
voteable_kafai_tl,0.0.0,3445
voteable_kdm,0.0.2,5589
voteable_kelvin,0.0.0,3216
voteable_kenn,0.0.1,3387
voteable_kent,0.0.1,3542
voteable_kevin,0.0.2,7820
voteable_keving,0.0.3,3163
voteable_kevinh,0.0.2,7519
voteable_knoxjeffrey,0.0.1,3270
voteable_koen,0.0.1,3356
voteable-ko-steven,0.2.0,8603
voteable_krisco,0.0.0,3013
voteable_kristen_december,0.0.0,3481
voteable_kudzai,0.0.3,9802
voteable_ky,0.0.1,5947
voteable_kyle,0.0.1,3404
voteable_l_adames,0.0.0,3295
voteable_lana,0.0.0,3373
voteable_letladi,0.0.0,3455
voteable_leung_first_20141120,0.0.1,3289
voteable_lily,0.0.0,3115
voteable_linus,0.0.0,2403
voteable_lobelia,0.0.0,3397
Voteable_Loc2,0.0.3,7744
voteable_loc5,0.0.0,3201
voteable_logan_aug,0.0.0,3394
voteable_marcus,0.0.0,3251
voteable_martin,0.0.0,3167
voteable_marv_oct,0.0.0,3589
voteable_marv_sept,0.4.0,3605
voteable_mashrur,0.0.0,3284
voteable_masko,0.0.0,3116
voteable_matt,0.0.1,5848
voteable_matt38,0.0.1,5791
voteable_matthewbarram,0.0.0,3495
voteable_matt_march,0.0.0,3175
voteable_mbz,0.0.0,3488
voteable_micheal,0.0.0,3595
voteable_mike,0.0.0,3565
voteable_mike_aug,0.0.0,3401
voteable_mimiweng,0.0.1,5905
voteable_minh,0.0.0,3018
voteable_mj,0.0.0,3432
voteable_mjolnir,0.0.0,3166
voteable_mjvezzani_aug,0.0.2,3351
voteable_mongo,0.9.3,22366
voteable_mongoid,0.7.6,84465
voteable_mtb,0.0.0,3386
voteable_nancy,0.0.1,3600
voteable_nathan,0.0.1,5992
voteable_nathan_april,0.0.0,3168
voteable_naveen_dec,0.0.0,3502
voteable_navy,0.0.1,5684
voteable_neil,0.0.0,3475
voteable_nf,0.0.1,3934
voteable_nick,0.0.0,3372
voteable_nigel,0.0.0,2605
voteable_nsoseka_totals,0.0.0,2154
voteable_patrick_may,0.0.0,3125
voteable_paul,0.0.0,2057
voteable_perry,0.0.0,3130
voteable-peter,0.0.1,5315
voteable_pkuttiya,0.0.0,2277
voteable_pocket,0.0.1,3277
voteable_postit,0.0.0,3170
voteable_pparkernoverant,0.0.0,3049
voteable_prb,0.0.0,3238
voteable_pris,0.0.0,3329
voteable_rachelm,0.0.0,2424
voteable_rafaelb,0.0.0,3424
voteable_ramky,0.0.0,3504
voteable_raygunsix,0.0.0,3324
voteable-rbg,0.0.0,2936
voteable_Reed_October,0.1.0,3598
voteable_ric,0.0.2,3195
voteable_rickpeyton,0.0.0,3210
voteable_riggs,0.0.0,3080
voteable_rkb,0.0.0,3198
voteable_robert_oct,0.0.0,3508
voteable_rockstar,0.0.0,2491
voteable_rsicher1,0.0.2,6034
voteable_rub,0.0.0,3347
voteable_ryan,0.0.1,5452
voteable_ryanab,0.0.0,3216
voteable_ryang,0.0.2,3168
voteable_sam,0.0.1,5644
voteable_sarah,0.0.0,3350
voteable_sean,0.0.0,3358
voteable_sessl_dec,0.0.0,3499
voteable_shankar_oct2014,0.0.0,3369
voteable_shawn,0.0.2,4801
voteable_sheng,0.0.1,5612
voteable_sidd_nov.rb,0.0.0,3297
voteable_simonzheng9000_apr,0.0.1,3215
voteable_sk,0.0.0,2174
voteable_skrob,0.0.0,3483
voteable_spike,0.0.2,5017
voteable_srdjan_july,0.0.2,1973
voteable-ssk,0.2.0,8575
voteable_stas,0.0.0,3165
voteable_steve,0.0.0,3156
voteable_steven_2016,0.0.0,3783
voteable_steven_huang,0.0.0,3513
voteable_stew,0.0.0,3228
voteable_sueanne,0.0.0,3456
voteable_tae,0.0.1,5652
voteable_taylor,0.0.0,3010
voteable_test,0.0.0,3311
voteable_tetsuo,0.0.1,3655
voteable_tfnw,0.0.0,3502
voteable_th,0.0.4,10035
voteable_tho,0.0.0,3236
voteable_tim,0.0.3,10831
voteable_tim_beiko,0.0.1,3181
voteable_tim_jan15,0.0.2,3336
voteable_timlee,0.0.2,2370
voteable_tingc,0.0.0,2423
voteable-tj,0.0.2,8672
voteable_tk,0.0.0,3172
voteable_tkb,0.0.1,5040
voteable_tl_2015,0.0.0,3138
voteable_tl_ps,0.0.1,3142
voteable-tom,0.0.1,5583
voteable_tom_apr15,0.0.0,3226
voteable_tom_jan,0.0.0,3544
voteable_tomlee,0.0.1,5557
voteable_tommotaylor,0.0.1,5717
voteable_tomo,0.0.0,3198
voteable_tony,0.0.0,3506
voteable_total_votes,0.0.0,3559
voteable_ts,0.0.0,3065
voteable_tsubasa,0.0.0,3463
voteable_tyler,0.0.0,3516
voteable-unai,0.0.0,3548
voteable_vanrails,0.0.2,5964
voteable_victor_apr2016,0.0.0,3171
voteable_viper,0.0.0,3176
voteable_vks3,0.0.0,3214
voteable_wendy_jan,0.0.0,2898
voteable_willem,0.0.0,2963
voteable_woller,0.0.0,3227
voteable_wonmoh,0.0.0,3408
voteable_wwm,0.0.0,2441
voteable_wynne,0.0.0,3146
voteable_xiaocui,0.0.0,2639
voteable_xtian,0.0.0,3593
voteable_yhagio,0.1.1,2589
voteable_yl,0.2.0,8074
voteable_yulin,0.1.0,3288
voteable_zander,0.0.2,7503
voteablize,0.0.0,3377
voteablle_jiaqi,0.0.0,3232
vote_fu,0.0.11,8981
vote_gem,0.0.1,3453
vote_gem_jay,0.0.0,3183
vote_gem_test,0.1.0,2453
vote_init,0.1.0,3198
votematch,0.1.2,2950
vote_postit,0.0.1,3388
voterable,0.0.10,36441
voter_love,0.0.5,13008
votes,0.0.1,3996
vote-schulze,0.4.0,13633
votes_count,0.0.0,3141
voteski,0.0.0,3681
votesmart,0.4.1,21120
votifier,0.0.1,3634
votifier-ruby,1.0,3198
votigoto,0.2.1,7776
voting,0.5.0,10561
voting_schemes-dummy,0.24.4,160193
voting_schemes-electionguard,0.24.4,160261
voting_systems,1.0.0,2462
vouch,0.0.3.pre2,5115
voucher,0.3.0,6156
voucher_code,1.1.1,83887
voucherify,5.0.0,205711
vow,0.1.0,1743
vowelremoval,0.0.2,6183
vowpalwabbit,0.2.0,6626
vox,0.2.3,6069
voxable-api-ai-ruby,2.1.2,8796
voxable-style-guide,0.0.1,2340
voxality_core,0.1.0.1,4174
voxbi,1.0.6,45892
voxbone,0.0.1,4220
voxbone-ruby,0.0.3,5241
voxcast_api,1.0.2,14535
voxdolo-httparty,0.4.1,5715
voxel4r,0.0.1,3782
voxel-hapi,1.1.11,19831
voxer-chef-formatter,0.0.1,4301
vox-etf,0.1.9,13060
voximplant_api,0.2.0,7111
voxmail,0.1.0,3052
voxml,0.0.2,5538
voxpupuli-acceptance,3.0.0,332578
voxpupuli-gem-workflow-test,0.5.3,5224
voxpupuli-puppet-lint-plugins,5.0.0,409315
voxpupuli-release,3.0.1,64251
voxpupuli-rubocop,2.6.0,7046
voxpupuli-test,7.1.0,211417
voxxit-whm_xml,0.3.0,3397
voyage,1.44.0.14,29314
voyager,0.0.3,10192
voyager_api,0.3.11,55906
voyager_oracle_api,1.1.1,25496
voyeur,0.2.0,15036
voyeu-rb,1.0.0,5667
voynich,0.2.0,5604
voys_api,0.3.1,30600
vp,0.0.1,3530
VPaypal,0.0.1,4541
vpcjump,0.2.0,4165
vpd,0.0.1,4144
vp_gem,0.0.12,16587
vp_greeting,1.0.0,2188
vpim,24.2.20,2333940
vpim2,0.0.1,3713
vpim_icalendar,1.1,7419
vpim-rails,0.665,24916
vpim-rails-reinteractive,0.7,3939
vpk,0.0.2,6950
vpkc_palindrome,0.1.0,1799
vpm,0.0.2,7066
vpn,0.2.1,7548
vpn-config,1.0.2,6404
vpnmaker,1.0.11,35671
vpn_routing_mac,0.2.0,4577
vpopmail,1.0.2,11257
vpos,2.0.2,13094
vpr,2.3.3,20664
vps,0.3.1,11073
vpsa,0.0.33,65003
vpsadmin-client,2.9.1,30172
vpsb,1.1.8,45900
vpsb_client,1.0.0,4426
vps_cli,0.1.31,42773
vpsfree-client,0.18.0,29773
vpsmatrix,0.1.9,18253
vp-themes,0.2.12,14763
vptree,0.1.1,4931
vpy,0.0.1,3514
vqualys,1.0.0,3602
vr_12_score,1.0.1,6542
vraptor-scaffold,1.3.0,54394
vra-restapi,1.5.2,2752
vrb,0.1.2,4598
vrbo,2.1.1,30721
vr-corelib,0.0.36,3804
vremya,1.0.2,8470
vr_flex,1.0,3168
vrinek-cronos,0.6.2,5672
vrinek-periodicity,0.2.1,8012
vrome,2.0.3,23905
vroom,0.0.3,5658
vrowser,0.1.5,44984
vrt,0.12.6,73304
vrt-cli,1.1.0,3169
vrt-ec2-tags,0.2.0,5537
vrtk,0.0.1.3,4847
vrtx,0.0.3,7772
vruby,2004.08.07,5074
vru_gem,2.0.0,3163
vrundler,0.2.1,21605
vru_prime,2.0.0,3169
vrvirtualdesktop,0.0.1,4408
vs_access_control,0.0.1,3235
vsafe-ruby,0.2.6,30330
vscale-api,0.2.47,8256
vscinemas,0.2.1,3384
vsclean,1.0.8,7977
vs_client,0.8.8,639
vscode_at_source,0.1.1,439
vscripts,0.1.5,17895
vseries,0.2.0,6032
v_shipping,0.0.5,10014
vsimple,0.1.1,3229
vsphere-automation-appliance,0.4.7,237830
vsphere-automation-cis,0.4.7,279382
vsphere-automation-content,0.4.7,238257
vsphere-automation-runtime,0.4.7,277987
vsphere-automation-sdk,0.4.7,239865
vsphere-automation-vapi,0.4.7,237640
vsphere-automation-vcenter,0.4.7,279106
vspheremonitor,0.1.1,20672
vsql_parser,0.3,6122
vs_rails,0.0.7,7553
vss,0.1.9,23828
vstheme2scss,0.1.8,23698
vs_token_generator,0.0.1,3218
vstudioide,0.1.0,4535
vsvipergen,0.1.11,18190
vt,0.8.1,5791
vt100,0.1.1,3832
vtacfriendly,0.0.3,1192
vtapi,0.2.0,6657
vt_api,0.1.3,4576
vtasks,0.0.17,13215
vta_view_tool,0.1.0,1901
vtd_xml,0.0.7,7561
vtd-xml,0.0.3,9636
vte,3.4.3,178198
vte3,4.2.2,142849
vte4,4.2.2,1209
vterm,0.0.5,30404
vtex,0.1.0,2259
vtext,0.0.3,7820
vticker_rails,1.0.4,12412
vtiger,0.8.2,127529
v_tiger,0.0.1.5,7111
vtiger-ruby,0.1.0,1594
vtikit,0.1.0,1476
vtk,0.9.5,106464
vtk-ruby,5.0.4.0,4197
vtools,1.0.2,24736
v_trans,0.0.3,5476
vtranscoder,0.0.3,11081
vts-trello-deliver,0.0.3,6995
vtt,0.0.1,3555
vtt2an,0.1.0,2474
vtt2ass,0.3.6,25406
vtweb,0.0.9,15994
vtweb_json,0.0.4,10793
vuderacha-activekv,0.0.5,15085
vuderacha-orq,0.0.3,10347
vuderacha-syrup,0.1.2,8020
vue,0.2.0,19847
vueapp,0.1.1,1599
vueck,1.0.4,8182
vue_cli-rails,0.5.0,16931
vue-compiler,0.1.6,6816
vue_component_builder,0.1.2,4056
vue_component_compiler,0.1.0,1899
vue_crud,0.2.0.8,71096
vue_crud-generator,0.1.3,6443
vue_delayed_job_dashboard,0.2.2,25816
vue-form-for,0.4.2,15435
vue-generators,0.1.3,7896
vue-helpers,0.1.0,1867
vuejs,1.0.39,171767
vuejs2,1.0.0,4213
vuejs_form_for,0.1.1,1966
vuejs-rails,2.5.13,1073866
vuejs-rails-wrapper,0.0.1,2083
vuejs-webpack-rails,0.0.3,5803
vueonrails,0.3.0,17191
vue_on_rails,0.9.9,9587
vueport,0.1.5,19785
vue_rails,1.0.0,7958
vue-rails,2.2.4,6291
vue-rails-form-builder,0.8.3,43349
vuesfc2js,0.1.1,1344
vuexy,0.1.1,1884
vuf,1.1.0,13327
vufer,1.0.2,4175
vuforia,0.0.1,3500
vulcan,0.8.2,272743
vulcanize,0.1.0,3247
vulcano,0.7.0,10851
vulgata,0.3.7,10405
vulkan,0.0.0,2078
vulkan-ruby,1.3.207.2,2783
vulndbhq,0.1.1,10069
vulnerable-nokogiri,0.0.1,4136
vulneruby_engine,8.0.1,915
vulpix,0.1.2,4880
vultr,1.0.0,27563
vultrlife,0.0.2,6596
vump,2.0.0,10949
vundabar,0.2.0,5169
vundle-cli,0.1.0.0,22049
vundle_migrator,0.2.0,7949
vundler,0.0.4,4512
vuonghello,1.0.0,2185
vurtneTest,0.0.2,6579
vuzitruby,2.1.1,24120
vv,0.0.21,32509
vv5cv,0.1.0,2102
vv5-portfolio,0.1.4,7888
VvanGemert-ar_mailer,2.2.0,7703
vvlad-rack_ext_direct,0.0.5,10444
vvlad-rack-ext-direct,0.0.1,3427
vvm,0.3.0,7302
vvm-rb,1.1.1,83384
vvtool,0.1.6,10471
vwfs-bootstrap,0.1.0,3357
vwo_log_messages,0.7.5,17801
vworkapp_ruby,0.9.1,26884
vwo-ruby-sdk,1.0.1,3882
vwo-sdk,1.40.0,64082
vws,1.2.4,8492
vx-aptly,0.9.0,3400
vx-build_configuration,0.2.0.pre38,23528
vx-builder,0.6.14,308438
vx-common,0.4.0,40211
vx-common-amqp,0.3.8,28903
vx-common-rack-builder,0.0.2,8165
vx-common-spawn,0.0.8,11088
vx-consumer,0.2.0,34452
vx-container_connector,0.5.7,79959
vx_crypt,0.0.1,4297
vx-gitlab_status_service,0.0.1,3511
vxi11,0.1.3,14623
vx-instrumentation,0.1.8,44313
vx-lib-consumer,0.3.4,17149
vx-lib-container,0.6.3,21178
vx-lib-instrumentation,0.1.12,10269
vx-lib-logger,0.3.9,52058
vx-lib-message,0.6.6,6954
vx-lib-rack-builder,0.0.3,4006
vx-lib-shell,0.1.4,12573
vx-lib-spawn,0.1.0,3460
vx-message,0.6.3,50556
vxml-tools,1.0.0,5326
vxod,0.0.2,6087
vx-router,0.2.0.pre38,23514
vx-service_connector,0.4.14,118124
vx-worker,0.2.1,30980
vyapari,0.1.5,27632
vyatta-utils,0.0.1,4606
vycap,1.1.0,6035
vydumschik,0.2.0,29159
vym,0.1.4,2515
vz,0.0.0,4191
vzaar,1.6.2,73370
vzaar_api,2.0.2,37128
vzaar_uploader,0.1.5,10437
vzcdn,0.2.4,49423
vzlimit,0.0.6,21208
