w,0.0.0,4928
w00t_blam_101,1.0.0,2982
w1temp,0.0.4,15452
w1_temperature_parser,0.1.1,10649
w2tags,0.9.69,67910
w2v,0.0.1,3990
w32evol_ruby,0.0.4,14197
w3c_datetime,0.0.4,12441
w3clove,0.8,90251
w3c_rspec_validators,0.3.0,221369
w3css_rails,4.0.0,4473
w3c_validators,1.3.7,2286968
w3c-validator-to-rally,0.1.0,4682
w3map,0.0.2,7330
w3m-autopagerize,1.0.3,15726
w3mrefe,1.0.0,5071
w3-rails,0.1.0,2558
w3scraper,0.0.1,4606
WAAT,1.5.0,11284
wa_bcms_blog,1.1.1,8497
wab_sarvar,0.1.0,2084
wabur,0.7.0,15785
wackamole,0.1.4,42707
wackelkoepfe,1.0.1,7583
wacktrace,1.0.1,3797
wacky,0.1.5,24237
wacky_canvas,0.0.1,4570
wacky_graph,0.1,4565
wa_cloud_api,0.1.1,447
wad,0.2.1,6214
waddell_view_tool,0.1.0,2722
waddup,0.2.2,16313
wadl,0.3.1,62479
wadl_generator,0.1.2,10726
wadling,0.1.10,81757
wadrc-bcp-scripts,0.0.6,4472
wads,0.2.4,11742
waeasyapi,1.0.0,1068
waehrungsrechner,0.1.2,2671
wafer,0.2.0,2458
waff,0.0.7,7910
waffilter,0.0.1,6320
waffle,0.6.0,47473
waffle_api,0.2.0,10972
waffle_cal,0.0.1,3484
waffle-cone,9001.0,2138
waffleiron,0.2.3,26344
waffle-maker,0.2.0,24061
wafflemix,0.0.6,16256
waffles,0.0.1,3668
wafoo,0.0.9,13648
wafris,1.1.10,11789
wag,0.2.1,4105
wagemage,1.0.0,1792
wage_slave,2.0.2,7622
waggit,0.0.013,34773
waggle,0.1.0,3121
waggle_transform,1.0.0,2490
wagglypup,0.0.1,3161
wagn,1.21.1,176073
wagn-dev,0.0.5,13590
wagon,2.0.2,65549
wagon-erpify,0.1.0,3833
wagon_rails,0.5.7,38272
wagons,0.7.0,86234
wahashie,1.2.0,10738
wahlrecht_de,0.2.0,6382
wahrung,0.1.0,2299
wahwah,1.5.1,22134
wahy,1.3.6,10485
waiable,1.0.2,7782
waifu2x,0.3.1,11218
waifu2x-harrisbaird,0.2.2,3969
waigs_dev,0.0.1,4048
wailu_palindrome,0.2.0,3414
waistband,6.3.0,315315
wait,0.5.3,585039
wait_a_minute,0.0.5,16514
wait-dialog,0.0.2,6599
waiter,2.0.5,17845
waiter_,1.0.4,8329
waitest,0.2.4,2890
waitfor,0.1.7,24094
wait_for,0.1.1,22164
waitforit,0.0.1,38577
wait_for_it,0.2.1,13952
wait-for-socket,0.1,24751
waithook,0.3.3,11922
waiting,1.0.0,38179
waiting_on_rails,0.0.4,10787
waiting_rspec_matchers,0.3,59673
waitlist,1.1.2,10513
waitlisted,0.1.1,3755
wait_pg,1.0.8,31409
wait_pid,0.2.0,11851
waitress,0.0.0,3841
waitress-core,0.5.0,33577
waitron,0.0.0,3527
waittcp,0.2.0,5654
wait_until,0.3.1,52218
wait_up,0.1.1,10579
waitutil,0.2.1,2400538
wai-website-plugin,0.2,29341
wai-website-theme,1.9.2,43661
waj-ruby-llvm,2.9.2,4436
wak,0.0.1,3651
wakaba,0.2.0,528
wakabug,0.1.0,3074
wakame,0.5.1,18186
wakame-adapters-tengine,0.0.1,7729
wakame-dolphin,0.0.5,13606
wakame-vdc-agents,11.12.0,14182
wakame-vdc-dcmgr,11.12.0,14140
wakame-vdc-webui,11.12.0,14103
wakari,0.0.3,6883
wakatime,0.2.2,14066
wake,0.1.0,4742
wake-assets,0.3.1,8678
wakeonlan,0.0.3,11568
wake_on_lan,0.1.0,3244
wakeup,2.1,5977
wakiki-spork,0.8.5,4593
wakizashi,0.1.1,6984
wakoopa,0.0.1,4751
wakoopa-bogus_sass_checker,0.1.0,3601
wakoopa-elasticity,1.2.3,4323
wakoopa-rbfnv,0.1.1,12155
wakoopa-trample,0.1.0,4716
waku,0.1.2,4066
wakuwaku_module,0.1.7,13654
waldo,0.1.2,9437
waldorf,0.0.1,2348
walid,0.0.1,3671
walidhalabi-celerity,0.0.6.13,8309
walk,0.1.0,4128
walkash,0.0.0,4430
walker,0.1.0,4694
walker_method,0.0.1,298212
walker_view_tool,0.1.0,2580
walkman,0.1.3,8677
walkon,0.0.2,6231
walkscore,0.0.2,4264
walk_up,1.0.2,15810
walky,0.0.1,4195
wall,0.1.1,5593
wallabee,0.0.1,4019
wallaby,7.0.0,34610
wallaby-active_record,0.3.0,13975
wallaby-cop,0.1.0,2323
wallaby-core,0.3.0,18509
wallaby-her,0.1.0,2473
wallaby-view,0.1.7,15936
wallace,0.0.0,3720
wallbum,1.0.0,3482
wallclock,0.0.1,2941
walle,0.1.0,2519
wall_e,0.1.0,15397
wallee-ruby-sdk,4.5.0,33402
walle-server,0.0.2,3718
wallet,0.0.5,25031
walletkit,1.0,3858
walletone,0.3.0,9743
wallet-pay,0.1.0,287
wallet_validator,0.5.2,21935
wallhaven,1.0.2,10932
wallix_rest_client,0.6.0,9942
wallpaper,0.0.0,4991
wallpapering,0.0.4,11606
wallpapering-rails,0.0.4,11668
wallpapers,0.0.9,20407
walltime,0.1.0,16856
wally,0.0.47,134524
wally-client,1.0.0,11245
wally_palindrome,0.2.0,2774
wallyqs-org-ruby,0.8.0,6824
wallzilla,0.1.0,2284
walmart_open,0.1.3,76913
walnut,0.1.0,6682
WALoeIII-contacts,1.0.12,3467
walrat,0.1,4737
walrus,0.4,14242
walrus-rails,0.0.2,7090
walrus-rb,0.10.1.0,3539
walruz,0.0.16,46272
walruz-rails,0.0.11,24147
walt,0.1.2,8494
Walt,0.1.1,8829
walter,0.0.4,13883
walterdavis-eeepub,0.6.3,7344
walterkasten,0.0.1,6445
walters,0.3.0,22656
waltz,0.0.1,4197
waltz_rb,0.0.3,5881
waluigi,0.1.0,1991
wam,0.1.0,959
wamp,0.0.4,11683
wamp_client,0.2.2,35449
wamp-client,0.0.5,15098
wamp_rails,0.0.2,5012
wamp_server,0.2,6015
wampus,0.0.7,15727
wamp-worker,0.1.1,3328
wamupd,1.1.2,7243
wanabe-definition,0.0.1,3449
Wanakana,1.0.1,9757
wand,0.4,80777
wanda,0.0.1,3774
wandbox,0.1.0,3346
wanderer,0.0.3,5698
wanderlust,0.2.0,7246
wanderung,0.3.0,5377
wando_grid,0.0.2,6151
wandrecities,0.0.3,7379
wanew_client_validate,0.0.16,13136
wanew-client-validate,0.0.6,19300
wangeditor_rails,0.1.1,3702
wangiry,0.0.5,14117
wanglu_client,0.0.8,2364
wangtron,1.0.1,1968
WangTzuHung_voting,0.1.0,2665
wanikani,3.0.0,41379
wan-ip-gen,2.0.2,3006
wankel,0.6.2.1,29599
wanko,0.0.1,3151
wannabe_bool,0.7.1,8946446
wannabeparser,0.1.0,4619
wants,1.0.1,6905
waoc,1.2.5,18084
wapi,1.0.0,3411
wapiti,2.1.0,104382
wapl,0.1,4567
wappalyzer,0.1.3,8772
wappalyzer_rb,0.0.7,22901
waps,1.0.2,11261
waqi,0.0.2,4369
waqi-ruby,1.0.0,155
war,0.0.1,4245
wara,1.1.2,12622
warble,0.1.0,677
warbler,2.0.5,2161596
warbler-exec,0.1.1,16306
warbler-ruby,1.0,3780
warc,1.0.1,6482
warcards,0.0.7,17593
warchat,0.0.10,31078
warchiver,1.1.0,6803
warclight,0.9.0,26879
warcorrespondent,0.2.9,49877
warcraft,0.1.1,3930
warcraft-armory,0.1.1,7841
ward,0.1.0,4512
ward-chicago,0.1.1,4142
warden,1.2.9,199945586
warden-always-authenticate,0.0.2,6808
warden-basic_auth,0.2.1,128344
warden-bootic,0.0.1,4111
warden-browserid,0.8.2,13797
warden-client,0.1.0,14801
warden-cognito,1.0.0,76538
warden_cookie_session,0.1.2.19275,16649
warden_delegated,0.0.3,7274
warden-doorkeeper,0.3.0,9296
warden-github,1.3.2,422585
warden-github-rails,1.3.0,90914
warden-github-rails-thinknear-fork,1.1.0,3680
warden-googleapps,0.1.4,47315
warden-googleapps-rails,0.1.0,3715
warden-hmac-authentication,0.6.4,570725
warden-jwt,0.1.1,7246
warden-jwt_auth,0.8.0,7659522
warden-ldap,0.0.1,6242
warden-line,0.1.0,2483
warden_oauth,0.1.1,30158
warden-oauth2,0.0.1,292135
warden-oauth2-strategies,0.1.2,29077
warden-oauthed,0.0.4,9557
warden_oauth_provider,1.0.7,25350
warden-ocra,0.1.1,6299
warden_omniauth,0.1.0,34654
warden_omniauth-jonrowe,0.3.1,11272
warden-openid,0.1.0,9293
warden_openid_auth,0.1.13,9557
warden_openid_bearer,0.2.2,3116
warden-ory-kratos,0.0.4,1280
warden-passport,0.1.0,2679
warden-protocol,0.1.4,17484
warden-redirect,1.0.0,5997
warden-rspec-rails,0.3.0,212094
warden-salesforce,0.2.0,6689
warden_shared_session,0.0.1.18511,2185
warden_skeleton_key,1.0.1,5735
warden_strategies,0.1.0,6021
warden-token,0.2.0,7905
warden_watch,0.0.1,3827
warden-webauthn,0.3.0,3581
warder,0.3.4,61446
warding,2.0.0,17242
wardrobe,0.1.1,3859
ward_view_tool,0.1.0,2248
warehaus,0.1.1,10274
warehouse,0.1.0,5380
warehouse_items,1.0.0,8549
warehouse_models,0.1.4,8372
warehouse_supervisor,0.0.2,6341
wareki,1.1.0,970027
warekky,0.1.1,7828
warframe,1.0.0,11654
warg,0.1.5,7229
wargaming_api_ruby,0.1.7,16879
warhol,0.0.0,3715
warlley-subtitle_it,0.7.5,160351
warlock,0.1.1,2242
warm-blanket,1.1.0,3879
warm-boot,0.1.1,1882
warm_cloudfront,0.0.1,3158
warming_drawer,0.0.3,10051
warmup,0.6.6.0,28859
warn-deprecated,0.1.0,1951
warner,1.0.2,4920
warn_if,0.0.1,3804
warning,1.3.0,32960476
warning_cleaner,0.0.1,1865
warning_filter,0.0.6,22251
warnings,0.1.1,11385
warningshot,0.9.5,7731
warning-shot,0.9.3,17534
warning_signs,0.7.2,470941
warnings_logger,0.1.1,22280
warnold-selenium-client,1.2.19,4632
warnr,1.0.0,4451
warouz_server,0.0.5,12435
warp,1.5.0,31171
warpaint,0.0.1,4176
warp-clamav,0.3.1,52619
warpcore,0.2.2,16771
warp-dir,1.7.0,26035
warp_drive,0.1.11,37950
warped,0.2.0,367
warpera,0.1.2,5578
warp-thinking-sphinx,1.3.16,18417
warp-ts-delayed-delta,1.0.3,7969
warrant,5.0.0,17771
warranty-check,1.1.5,4235
warray,0.0.2,5371
warren,0.9.2,14962
warren_ipsum,0.1.1,5680
warren_ipsum_safe,0.1.2,5104
warrenseen-gemjour,1.0.1,5699
warsaw_view_tool,0.1.0,2346
war_simulator,0.1.0,9526
warsow,1.0.1,7651
warthog,0.1.0,3897
wary,0.0.2,8120
wasabi,5.0.2,72248130
wasabi-ng-1.6,3.3.0,12307
wasabi_pea,0.4,13227
wasabi-swagger,0.0.1,1934
wasabi_with_adapter,3.2.4,3554
wase_endpoint,0.0.1,7792
wash,0.4.1,11843
wash_away_the_soap,0.2.0,7606
washbullet,0.4.0,39076
washi,0.1.1,4496
washington_hikes,0.1.0,1884
washoe_polls,0.1.1,7115
wash_out,0.12.0,1648011
wash-out,0.10.1,2006
washout_builder,2.0.5,267860
wash_out_fork,0.0.1,2943
wasi,0.0.1,2144
wasify,0.1.2,555
wasko,0.2.3,15153
wasm,0.0.2,4414
wasmedge,0.0.1,2155
wasmer,1.0.0,35352
wasminna,0.0.0,619
wasmrb,0.0.1,2234
wasmtime,18.0.3,102614
was_new_record,0.0.2,7408
wasp,0.2.1,6878
wassenger_client,0.2.1,6912
wasserstand,0.0.11,34317
wassrfeed,0.0.1,4072
Wassruby,0.1.3,43764
wassup,0.4.1,9183
wassup_rubygems,0.0.1,6026
WasThreadStackProcessor,0.1.5,9618
was_tracer,0.0.2,4162
wat,0.0.1,3608
watable-rails,0.0.2,6063
watarase,0.0.4,9031
watcard,0.0.6,12617
wat_catcher,0.10.11,123848
watch,0.1.0,30125
watchable,0.0.1,11261
watch_and_do,0.0.3,9950
watchbuffy,1.0.3,6077
watchbuild,0.5.0,152329
watchcat,0.1.0,3531
watchcow,0.2.12,31861
watchdir,1.0.4,13858
watchdocs-rails,0.11.2,49681
watchdog,0.3.0,21161
watchdoge,0.1.28,89657
watcher,1.2.0,9293
watcher_data,0.0.1,2180
watcher_in_the_water,0.1,4505
watcher_on_the_wall,0.0.2,5430
watchful,0.0.1.1,7196
watchgod,0.0.2,4906
watchit,1.0.0,3723
watch-keeper,0.1.1,3570
watch_list,0.1.4,12416
watchmaker,0.2.2,22057
watchman,0.1.1,25996
watchman-rails,0.2.0,11062
watchman-sidekiq,0.1.0,2290
watchme,0.0.1,4102
watch-me-now,1.9.0,54283
watch_methods,1.0.0,10064
watchmob,0.1.0,3965
watchmonkey_cli,1.12.0,27317
watchotter,0.0.1,4060
watch-paths,1.3.0,19641
watch_point,0.0.1,5895
watchr,0.7,1697329
watchtower,0.0.1,3873
watch_tower,0.0.3,40787
watch-tower,1.0.0,4460
watchtower_job,1.3.0,1993
water,0.8.0,39832
water_cannon,0.1.5,2364
watercooling,0.0.4,10753
water-css,0.1.0,2282
waterdrop,2.6.14,11654278
waterfall,1.3.0,594284
waterfall_bourbon_neat_rails,2.0.2.1,368210
waterfall-client-rb,1.0.1,5427
waterfall_neat_bourbon_rails,0.0.1,3505
waterfurnace_aurora,1.4.8,67470
water_man,0.6.0,1895
watermark_paperclip_processor,0.0.15,11589
waterpig,0.12.1,59933
watership,1.0.0,81159
waterslide,0.1.0,3230
WatersOfOblivion-activeresourceinstanceauthentication,0.0.2,3454
WatersOfOblivion-batnorc,0.0.2,5715
WatersOfOblivion-burn,0.0.3,5778
WatersOfOblivion-coltrane,0.0.0,3456
WatersOfOblivion-dyn-ftp-serv,0.0.0,3474
WatersOfOblivion-easy-matchers,0.0.1,3431
WatersOfOblivion-footpedal,0.0.3,5794
WatersOfOblivion-heychell7,0.0.3,8143
WatersOfOblivion-niceids,0.0.1,3426
WatersOfOblivion-wikipodia,0.0.1,3367
waterspoter,0.1.0,3167
watertower,0.0.1,4483
wateruby,0.0.1,3165
water_wheel,0.2.1,3130
waterworks,0.2.1,10487
watesan,0.1.0,408
watigiri,0.7.0,25113
watir,7.3.0,28668525
watir_angular,0.4.1,48282
watir_api,0.2.1,8027
watir-browser-factory,0.0.6,13450
watir-capybara-helpers,0.0.1,3481
watircats,0.2.5,8139
watir-classic,4.3.0,286729
watir_crawler,0.0.2,6153
watir_css,0.2.0,4175
watircuke,0.0.1,4557
watir-customize_elements,0.0.6,10893
watir-device,1.0.0,10554
watir-dom-wait,0.4.0,643974
watir_drops,0.7.2,69607
watir-extensions-element-screenshot,0.0.3,62066
watir-for-crawler,0.1.0,2164
watir-formhandler,2.7.0,21515
watir_framework,0.1.7,14373
watir-get-image-content,0.0.4,49046
watir_google_demo,0.0.1beta,2485
watirgrid,1.1.5,81600
watir-hanami,0.1.1,4367
watir_helper,1.0.3,16858
watir_install,0.3.1,5831
watir-jquery,0.0.2,9506
watir_keyword_driver,0.0.0,3570
watirloo,0.0.8,8134
watirmark,5.29.4,84942
watirmark_email,1.3.2,16485
watir_model,0.5.8,41200
watir-ng,2.1.1,175110
watir-nokogiri,1.0.0,32667
watir-or,1.0.0,13906
watir-page-helper,1.0.3,12478
watir-performance,0.9.4,39490
watir-proxy,0.0.2,7760
watir_pump,0.4.8,37360
watir-rack,0.1,2667
watir-rails,2.3.0,794567
watir_robot,0.1.8,22972
watir-rspec,5.0.0,357721
watir-schema,0.0.2,3670
watir-screenshot-stitch,0.8.0,452950
watir-scroll,0.4.0,1719978
watir-search,0.0.4,9489
watir_session,0.2.3,11941
watir_setup,0.0.2,3924
watir_shot,0.0.2,5589
watirsome,0.2.2,371771
watirspec,0.1.9.1,34293
watirsplash,2.4.4,133775
watir_testframework,0.0.3,4641
watir_testlink_framework,0.0.7,16583
watir-timecop,0.1.2,120027
watir_visual_diff,0.0.3,5842
watir-wait_with_refresh,0.0.1,6173
watir-webdriver,0.9.9,4588112
watir-webdriver-page-object,0.1.4,11204
watir-webdriver-performance,0.2.4,388321
watir-webdriver-rails,0.0.8,26836
watir-webdriver-utils,1.1,7452
watizzle,0.1.0,2477
watnow,0.0.2,7355
watobo,0.9.23,292753
wa_trail_runs,0.1.0,1878
watsbot,1.0.0,2278
wat-shell,0.0.1,2878
watson,0.0.2,4889
watson-acts_as_ferret,0.4.8.2,4175
watson-api-client,0.8.2,29981
watson-assistant,1.0.8,13624
watson-assistant-chatbot,0.1.3,7314
watson-client,0.1.3,7644
watson-conversation,1.0.7,32304
watson-developer-cloud,0.1.1,3895
watson-language-translator,0.0.1,2470
WatsonNLPWrapper,1.1.0,3449
watson-personality-insights,0.1.1,3952
watson-ruby,1.6.3,84011
watson-scss,0.0.2,5858
watson-tone-analyzer,0.0.0,2612
watson_tts_asr_client,0.1.0,2426
watson_view_tool,0.1.0,2308
watterson,0.0.1,3781
wattics-api-client,0.1.6,10757
watts,1.0.5,37975
wattsense-api-client,0.4.1,11596
watu_table_builder,0.3.0,341093
watwa,0.0.4,5608
waughkevxmas,0.0.1,3847
wav2cas,0.0.1,1823
wave,0.0.1,4288
waveapps,0.1.7,10486
wave_box,0.4.1,6236
wave-box,0.3.2,6595
wavecell_otp_and_sms,1.1.0,5411
wave_client,0.1.0,2315
wavecrest,0.0.22,46362
wavedash,0.1.2,45698
wavefile,1.1.2,844538
waveform,0.1.3,196984
waveform_data_js_rails,1.5.1.1,13278
waveformjson,0.1.0,10383
wavefront,0.1.2,17217
wavefront-chef-handler,0.0.2,2146
wavefront-cli,10.0.1,149452
wavefront-client,3.6.2,288971
wavefront-obj,1.0.2,6591
wavefront-sdk,8.0.1,729714
waveguide,0.1.3,6443
waveinfo,0.0.5,114068
wave_int,1.0.0,5342
wavelabs_client_api,0.3.5,10726
waves,0.9.3,58256
waves-edge,2009.03.10.13.14,3431
waves-filebase,0.3.10,8064
waves-js-rails,0.7.5,18280
waves_lib,0.1.0,426
waves-rspec,0.2.0,4493
waves_ruby_client,0.1.5,10457
waves-stable,2009.3.10,5767
wavesurfer,0.0.2,6880
wavesurfer-rails,0.1.22,19038
WaveSwissKnife,0.5.0.20131217,22073
wave_to_json,0.1.0,3430
wav-file,0.0.3,39935
wav-mp3,0.0.4,7651
wavspa,0.4.3,9515
wavtool,0.1.0,2267
wavy,0.0.5,12748
waw,0.3.1,10872
wawka,0.1.1,3478
wax,0.9.7,11384
waxeye,0.7.0,14444
wax_iiif,0.2.0,15393
waxseal,0.0.8,23216
wax_tasks,1.1.6,40654
wax_theme,1.1.0,4583
waxx,0.1.4,5923
waxy,0.1.1,11048
way,1.2.0,30960
way2sms,0.0.2,5801
wayback,0.3.1,16601
wayback_archiver,1.4.0,45979
wayback_machine_downloader,2.3.1,287075
wayfarer,0.4.6,17068
wayfarer-jruby,0.0.3,5529
wayfinder,0.1.1,15415
wayforpay,0.1.7,13276
wayland-scanner,0.1.0,2684
waylon,0.3.0,11536
waylon-core,0.3.0,11287
waylon-db2docs,0.1.0,868
waylon-dice,0.1.0,917
waylon-jokes,0.2.0,1536
waylon-slack,0.1.2,2195
waylon-wordle,0.3.1,2413
wayneeseguin-dynamic_reports,0.0.4,8026
wayneeseguin-rvm,0.0.47,63634
wayne-friendly,0.5.1,4482
wayne_uniquify,0.1.0,4471
way_of_working,1.0.0,443
waypoints,0.1.2,5262
waypoints_rails,4.0.1,1035525
waypoints-rails,0.1,7522
ways-and-means,0.0.3,9264
waysms,0.0.1,3460
way_to_sultan,0.0.1,1535
waz-blobs,0.1.1,8348
waz-cmd,0.4.2,19174
wazirx,1.0.4,3174
wazirx_official,2.0.1,731
wazowski,0.2.2,25058
waz-queues,0.1.0,4867
waz-storage,1.3.6,326027
waz-sync,0.0.3.9,36052
wazuh-rb,0.2.3,6674
wazuh-ruby-client,0.3.6,50542
wb,1.1.0,8663
wbapi,0.0.1,5820
wbase,0.3.20,88991
wb-bropages,1.0.1,5017
wbconfigurator,0.3.2,2261614
wbdv_packer,0.2,6987
wbem,0.5.1,32870
wbench,1.1.1,55984
wbookstore,0.0.1,2479
wbw20helloworld,0.0.0,3709
wbxml,0.0.2,7782
wbxml-npn47,0.0.2,5953
wbzyl-acts_as_xapian,0.0.2,3395
wbzyl-codehighlighter-middleware,0.1.1,8117
wbzyl-datamapper-tutorial,0.0.11,10346
wbzyl-maruku_template,0.4.0,5701
wbzyl-rack-codehighlighter,0.2.4,26669
wbzyl-rack-htmltidy,0.0.8,5745
wbzyl-rack-math,0.0.3,3400
wbzyl-rack-static-assets,0.0.2,3386
wbzyl-rails3-tutorial,0.0.2,3393
wbzyl-seminarium,0.1.9,17338
wbzyl-sinatra-maruku,0.10.1,15058
wbzyl-sinatra-math,0.0.7,10347
wbzyl-sinatra-rdiscount,0.10.1,22049
wbzyl-sinatra-static-assets,0.2.5,38301
wc,0.99.0,72872
wc3_protocol,0.0.3,687
wcag_color_contrast,0.1.0,76826
wca_i18n,0.4.4,17432
wcapi,0.0.3,7029
wcc,2.3.2,59902
wcc-api,0.6.0,28587
wcc-arena,0.4.0,12130
wcc-auth,0.9.0,38671
wcc-base,0.3.3,35889
wcc-blogs-client,0.7.4,35742
wcc-contentful,1.6.1,52103
wcc-contentful-app,1.6.1,37396
wcc-contentful-graphql,1.2.0,18491
wcc-contentful-middleman,1.6.0,20985
wcc-data,0.4.1,37929
wcc-filelog-notificator,0.0.1,4050
wcc-jsonapi,0.2.0,2181
wcc-jtj-client,0.1.14,5347
wcc-media-client,0.7.5,57011
wcc_ministries_client,1.0.4,4898
wcc-rss-notificator,0.1.1,6954
wcc-scripture,0.1.0,3563
wcc-styles,5.0.0,45934
wcc-text-analysis,0.1.0,7624
wcc-xmpp-notificator,0.0.2,7076
wcdb,0.0.0,1786
wcdma_bb,0.0.3,9199
wc-essentials,0.1.0,62793
wcfrestcontrib,1.0.6.107,28972
wci,0.0.2,1982
wci-bash,0.20181204160710.0,14237
wcid,0.0.1,4447
wck,0.0.5,16237
wckbapi,0.0.3,3544
wc_monitor,0.1.0,1937
wco_email,0.1.1.71,10425
wco_hosting,0.0.0.23,3709
wcolorpicker-rails,2.1.6,55857
wcommon,0.0.1.beta3,2185
wco_models,3.1.0.154,20085
wcr,0.1.1,15796
wcrawler,0.1.1,5513
wc.rb,0.1.0,2354
wcs,0.1.2,8950
wcswidth,1.0.1,5254
wcwidth,0.0.1.1,6738
wcx,0.1.3,14372
wda_client,0.2.0,5880
wda_lib,0.3.1,36061
wday_in_chinese,0.0.5,9919
wdbomber,0.1.4,7580
wdd-ruby-ext,0.6.3,89852
wdevauld-ib-ruby,0.3,5712
wdi,0.0.3,8260
wdi_api_controller,0.1.0,2317
wdiff,0.2.0,14595
wdim,0.2.1,10103
wdi_runas,0.5.2,3557
wdi-submit,0.0.3,7890
wdi_tf,0.0.2,3465
wdk,0.0.1,3477
wdk-view-toolkit,0.0.2,5966
wdm,0.1.1,884390
wdmc,0.1.0,2225
wd_newrelic_rpm,3.5.8,13302
wd_sinatra,2.0.0,61971
wd_sinatra_active_record,1.0.0,10050
wd_sinatra_sequel,0.0.4,11519
wdt,0.0.1,3321
wdt-skywise-forecast,0.1.4,7587
wduck,0.1.5,13221
wdw_frontend,0.1.2,2685
wdw_sources,0.2.3,9431
we,0.0.2,9805
we5-browsercms,3.1.0,16828
we5-pickler,0.1.3,4550
wead,0.1.5,9207
weak_attr_accessor,0.0.2,5493
weakest_link,0.1.0,2087
weak_hash,1.0.1,7725
weak_headers,0.4.0,19906
weakling,0.0.4,83859
weakly,0.1.0,2658
weak_observable,1.0.1,9266
weak_parameters,0.5.0,904534
weakref,0.1.3,204005
weak_swagger_parameters,0.6.0,33181
weak_xml,0.3.1,7452
wealthforge2-ruby,3.0.0,3008
wealthforge3-ruby,3.0.0,444
wealthforge-ruby,2.3.0,25999
wealthsimple,0.1.0,2199
weapon,0.2.4,41270
weapp-cli,0.1.0,2458
wearefair-grpc,1.4.0.fair,17363
we-are-hiring,1.1.1,7412
wearehunted,0.2.0,7792
weary,1.1.3,117143
weasel,3.0.2,29008
weasel_diesel,1.3.0,51390
weasel-the-memory-watcher,1.2.0,23654
weasyl-ruby,0.1.0,1873
weasyprint,0.1.0,33164
weatai,0.1.7,14429
weather,0.0.1,4445
weather_alert_mbj,0.1.0,1930
weather-api,1.4.0,24183
weather_API_Assignment,1.0,1573
weather_api_task,1.0,1541
weather-apps-jekyll,0.1.3,5139
weatherb,0.1.3,5535
weatherbot,0.1.4.3,24774
weather-bot,0.0.1,3124
weatherboy,1.0.2,7541
weatherbug,0.0.10,33155
weather_by_dcq,0.1.3,6460
weather_by_ip,0.5.1,9650
weather_checker,0.1.0,17343
weather_city_forecast,0.1.1,2788
weathercli,0.5.0,5443
weathercom,0.0.1,2502
weather_data,0.0.1,3760
weather-emoji,0.1.1,7049
weatherfetch,0.0.4,4276
weather_fetcher,0.1.5,65959
weatherfinder,1.2,17536
weather_finder,0.1.7,11388
weatherfor,0.2.3,13187
weather_forecast,0.0.1,3621
weather-forecast,0.0.0,1582
weather_forecaster,0.3.0,5318
weather-forecasts,1.2.7,22109
weather_funds,0.0.1,3819
weatherGem,0.1.0,2025
weather_gem_kg,0.32.0,36447
weather_gov,0.1.1,3456
weather_guy,0.0.7,16825
weather_hacker,0.1.7,30735
weatherhacks,0.2.0,11263
weather_handler,0.1.2,3512
weather_hash,0.0.2,5108
weather-icons-for-rails,0.0.0,5568
weather-icons-rails,0.1.1,27875
weather_in_poland,0.0.5,16346
weather_insight,0.0.3,7378
weatherizableAPI,0.1.4,8766
weather_jp,2.0.0,47030
weather_judge,0.1.2,4267
weatherlink,0.1.3,5250
weather_lookup,0.1.0,2513
weatherman,0.0.3,12284
weatherman-rb,0.0.2,3609
weathermatic,0.0.12,12647
weather-mg,0.0.3,8294
weather_noveo,0.1.0,1881
weather_pinpoint_jp,0.0.5,13393
weatherpotato,1.0.1,5367
weatherpup,0.1.3,4139
weatherr,0.1.0,1868
weather-random,0.1.0,5964
weather_report,0.0.4,14411
weather-report,0.4.2,38388
weather-sage,0.1.2,5630
weatherscout,0.3.1,14751
weather-seven-rails,1.0.1,4876
weather_spb,0.1.0,1862
weatherstorm,0.1.0,3151
weather-synopsis,0.0.1,1726
weather_today,0.1.1,290
weatheruby,1.0.0,28977
weather_underground,0.0.5,12771
weather-underground,1.1.1,12596
weather_underground_api,0.0.0.1,3152
weather_usa,0.1.4,1885
weather_weasel,0.1.0,3717
weatherzone,0.8.8,55856
weave,1.0.1,25234
weaver,0.8.10,98472
WeaverBot,0.4.0,5332
weaviate-ruby,0.8.10,20865
weavr,0.1.0,9517
web,0.1.0,27449
web2345libs-core,1.0.3,5181
web2text,0.0.1,3180
web2video,0.0.1,3370
web3,0.4.1,13888
web3-eth,0.2.48,120662
web3ethereum,1.2.0,9135
web3-hpb,0.1.1,4658
web3_lib,0.4.2,2038
web47command,0.1.0,12553
web47core,3.0.6,134975
web4cucumber,0.0.9,18407
web5,0.1.2,972
webaccount,0.3.1,4742
web_admin,0.1.0,7446
web_analytics_discovery,2.0,3410
webandy-ruby-clicky,0.1.3,3498
web_api,2.0.221220,14123
webapi-active-query-builder,1.1.8,5976
webapidoc,0.1.2,33645
webapp,0.0.8,28019
web_app_builder,1.0.8,22599
webapp_raketasks,0.0.3,3749
webappsword_sdk,0.0.1,3953
web_app_template,0.0.2,5930
web-app-theme,0.8.0,142387
web-app-theme-rails,0.1.1,9074
webapp_worker,0.0.3,10118
webarchive,0.1.4,7820
web-archive,0.1.0,2824
webarray,0.1.0,416
webash,0.1.2,5481
web_assets,0.0.9,23034
webauthn,3.1.0,20206695
web_authn,0.6.3,27729
webauthn-rb,0.0.0,1948
webb,0.0.2,6020
web_backend,0.0.1,4228
webbed,0.2.0,10665
webber,0.0.1,3223
webbit-jars,0.4.15,18188
web_blocks,2.1.0.dev,14754
web_bouncer,0.1.0,2338
webbus,0.0.0,3916
webby,0.9.4,92316
webbynode,1.0.5.3,109547
webbynode-blueprint,0.0.5,12667
webbynode-mason,0.1.1,6953
webbynode-mongo_mapper,0.6.4,4538
webbynode-rainbow,1.1.3,6759
webbynode-safe,0.2.5,4623
webcache,0.9.0,48449
webceo,1.1.0,4935
webcheck,0.0.4,3274
web_checker,0.1.21,10444
web-checker,0.5,6561
webcli,0.0.2,4276
webclient,0.2.2,126588
web_client,0.0.6,18972
webcmd,0.0.2,6234
webcms,0.0.2,6924
webcoder,0.0.7,22921
webcomics,3.1.0,22674
webcomics2,1.0.1,4039
webcommand,0.1.4,8068
webcomponentsjs-rails,0.7.12,974099
web_components_rails,3.0.0,18451
web-connect,0.4.17,78490
web-connect-rails,0.4.17,69122
webconsole,0.2.1,48813
web_console,0.5.11,11844
web-console,4.2.1,104891989
web-console-compat,3.5.1,2265
web-console-param,0.0.4,14401
web-console-pry,0.2.1,7227
web-console-rails3,1.0.4,30392
web-console-rake,0.1.0,3245
webco-tuiter,0.0.7,15077
web_crawler,0.5.4,19263
webcream,0.0.1,3672
webdack-uuid_migration,1.5.0,582025
webdav-client,0.0.1,13548
webdav-exporter,0.0.3,11192
webdavtools,0.0.6,14387
webdesign-sopelnik,0.2.1,14681
webdevbrent_view_tool,0.0.1,1931
web-development-kit,0.0.2,5988
webdevreloader,0.6,7645
webdoc,0.0.0,3701
webdriver,0.19.0,168098
webdriver-firefox,0.0.15,169992
webdriver-highlighter,0.1.0,2412654
webdriver_manager,0.6.0,39096
webdrivers,5.3.1,66174331
webdriver-user-agent,7.9,1330916
webdriver-user-agent-randomizer,0.0.1,4356
webdriver_utils,1.0.2,92146
webdrone,1.18.2,105154
web_dump,0.0.2.0,7134
web-editor,0.0.1,3150
webee,0.3.7,34062
webern,0.4.1,9507
webex,0.0.3,7183
webex_api,0.1.1,29003
web-ex-events,1.0.2,6290
web-ext-native-app-packer,1.0.3,6947
webex_xml_api,0.1.1,7235
webface_rails,0.1.7,4475
web-facter,0.1.2,16115
webfeed,0.0.3,9370
web_fetch,0.5.0,15170
webficient-browsercms,3.0.4,10409
webficient-capistrano-recipes,0.3.0,8021
webficient-rack-coderay,0.2.0,5741
webficient-rack-tidy,0.2.0,5756
webficient-twilio,2.4.0,21974
webfinger,2.1.3,41774895
webfinger-jrd,0.0.2,6622
web_fixtures,0.1.0,4323
webfleet_connect,0.2.6,2343
webflow,0.0.1,4114
webflow_cap,0.3.2,36275
webflow-rb,1.1.1,728
webflow-ruby,1.2.1,130432
webflow_sync,8.0.0,29979
web_font,0.2.0,52018
webfontloader,1.6.28,236629
webfont-select-rails,0.5.1,19248
webfontspecimen,0.4,12870
webformsmvp,0.9.7.4.20100820,4382
webformsmvp-unity,0.9.7.4.20100820,4357
webformsmvp-windsor,0.9.7.4.20100820,4303
webfx,0.0.8,20118
webg,0.4.0,7665
web-gem,1.0.0,3007
webgen,1.7.3,181112
webgen-content_processor_emoticon-bundle,1.0.0,3667
webgen-font_awesome-bundle,1.0.0,3734
webgen-sass_twitter_bootstrap-bundle,1.0.0,3615
webgen-templates-bundle,1.0.0,4149
webgen-tipue_search-bundle,1.0.0,3712
webgen-zurb_foundation-bundle,1.0.0,3744
webget,0.2.5,12874
webget-action_controller_mock,1.0.2,5752
webget-action-controller-mock,1.0.0,3386
webget-active_record_extensions,1.0.0,3431
webget-activerecord_memoize_class_methods,1.0.0,4329
webget-active_record_memoize_instance_methods,1.0.0,3391
webget-active_record_mock,1.2.2,3387
webget-array_extensions,1.2.6,5671
webget_commander,1.0.1,4465
webget-current_user,1.2.2,3422
webget-current_user_id,1.1.2,3378
webget-email_address_pattern_match_validation,1.0.0,3390
webget-enumerable_extend,1.1.2,3378
webget-erb_util_extensions,1.0.2,3396
webget-football,0.1.2,5245
webget_gemini,1.2.3,4477
webget-hash_rolldown,1.1.3,3414
webget-hash_rollup,1.1.2,3374
webget-html_output,1.0.2,3418
webget_netica,1.0.6.0,7814
webget-password_text,1.1.5,3399
webget-password-text,1.1.3,5699
webget_ramp,1.7.1.8,27388
webget-random_token,1.0.0,3398
webget_ruby_colorful,1.0.8,7899
webget_ruby_commander,1.0.2,4395
webget_ruby_dsl_error,1.0.4,4432
webget_ruby_dsl_methods,1.0.4,4498
webget_ruby_dsl_reader,1.0.4,4347
webget_ruby_erb_util_extensions,1.1.8,14679
webget_ruby_hash_more,1.2.8,4579
webget_ruby_html,1.1.0,7947
webget_ruby_password_hash,1.2.1,7686
webget_ruby_password_salt,1.2.1,7710
webget_ruby_password_text,1.2.1,7915
webget_ruby_person_name,1.0.2,4563
webget_ruby_rails,1.7.4,4535
webget_ruby_ramp,1.8.2,30879
webget_ruby_secure_random,1.2.1,11371
webget_ruby_secure_token,1.2.1,7876
webget_ruby_spreadsheeting,1.0.6,7682
webget_ruby_unaccent,1.0.0,11075
webget_ruby_vital,1.0.2,4381
webget-securerandom,1.1.0,3426
webget-secure_token,1.0.0,3428
webget_spreadsheet_import_export_helpers,1.0.3,4418
webget-string_extensions,1.0.4,8071
webgit,0.1.1,10056
web_git,0.1.0,10400
webgothon,0.1.0,1886
web_grep,1.2.0,17501
webhdfs,0.11.0,8135008
webhdfs-rlz,0.8.0,3391
webhdfs-with-krb5,0.6.2,6331
webhook,1.0.0,73623
webhookapp,0.0.5,3555
webhook-cli,0.0.2,5928
webhookd,0.0.9,7749
webhookdb,1.2.2,1849
webhookdump,0.0.5,584
webhooker,0.5.0,19366
webhook_handler,0.4.0,11064
webhook_manager,0.3.0,8984
webhook-parcel,0.0.1,3448
webhook-payload,2.0.0,12251
webhookr,0.3.0,48410
webhook_recorder,0.1.3,34284
webhookr-mailchimp,0.1.0,28146
webhookr-mandrill,0.0.1,7309
webhookr-recurly,0.1,17507
webhookr-stripe,0.0.1,4568
webhookr-vero,0.0.1,3108
webhooks,0.0.1,3521
webhooks-rails,0.1.0,2131
webhook_stopwatch_client,0.1.3,9187
webhook_system,2.4.1,68389
webhook_trigger,0.2.1,6291
webhook_up,0.0.0,2511
webhoseio-ruby,1.0.0,2880
webhostinghub-glyphs-rails,0.0.9,43596
webidl,0.2.2,95846
webify,0.3.1,15971
webify_ruby,0.1.3,30301
webim,5.8,12862
web_image_compare,0.0.3,9207
web_images,0.0.0,31727
webinarjam_api,1.0.2,5027
webinfo,0.1.2,5694
webink,3.1.1,50286
webinkforms,1.0.2,3671
webink_r,0.4.0,3532
webinspector,0.5.0,24145
web_invoice,0.0.2,7126
webirr,1.0.0,3489
webistrano_cli,0.0.8,20334
webistrano-resource,0.1.0,4057
webkit2-gtk,4.2.2,91952
webkit-gtk,4.2.2,137936
webkit-gtk2,3.4.3,109965
webkit_remote,0.6.0,38290
webkit_remote_unstable,0.1.3,11062
webkit-rspec-formatter,2.0.2,11111
weblet,0.4.1,21557
weblicate,0.0.8,23469
weblinc-modernizr-rails,2.0.0,170354
weblinc-wysihtml5-rails,1.0.0,146258
weblink,1.2.0,5773
webload-client,0.18.0,27728
web_loader,1.7.0,2839
webloc,0.2.0,5222
weblog,0.1.0,3980
weblogic-jmx4r,0.1.9,1654
weblogin,0.5.0,3234
weblog-parser,0.1.1,3354
weblog_utils,0.0.1,3614
webmachine,2.0.1,261906
webmachine-actionview,0.0.3,9275
webmachine-sprockets,0.2.0,10417
webmachine-test,0.4.0,19345
web-magick,0.1.3,10854
webmail,0.0.1,3486
webmail_provider,0.9.2,51255
webmake,1.1.0,4313
webmaniabr_nfe_ruby,1.0.1,9054
web-mapping,0.1.7,13806
web-mapping-leaflet,0.2.1,11039
webmaster,0.1.0,3762
webmaster_tools,0.1.9,34030
webmat-capture_fu,0.0.1,3424
webmat-delayed_job,1.7.2,5749
webmate,0.1.6,19011
webmate-client,0.1.3,6168
webmate-sprockets,0.1.2,8810
webmat-git_remote_branch,0.3.0,17436
webmat-local_config,0.2.1,8031
webmat-mini_facet,0.0.1,3383
webmat-tweet,0.0.5,5713
webmat-woulda,0.1.7,3372
webmention,8.0.0,40491
webmention-cli,3.0.1,12767
webmention-endpoint,2.0.3,16015
webmention-verification,6.0.2,20207
web_merge,1.0.3,200672
webmeter,0.0.1,4147
web_methods,0.0.3,7719
webminer,0.0.2,9835
web_minion,0.3.0,4615
webmock,3.23.0,254507577
webmock-disabler,0.0.2,10794
webmockdump,0.0.0,781
webmock-fixtures,0.1.0,3834
webmock-graphql,0.1.0,773
webmock_method,1.2.5,25127
webmock-net-http-pipeline,2.0.0,8231
webmock-resources,0.0.7,20901
webmock-rspec-helper,0.0.5,50910
webmock-server,0.2.0,28047
webmock-symbol-http-status,0.2.0,3686
webmock-twirp,0.5.1,1613529
webmoney,0.0.15,67529
web-monitor,0.9.1,3943
webmove_view_tool,0.1.0,2159
webnames,0.4.0,10812
webnovel_clickbot,0.1.6,1695
web-object,0.5,17076
web_optimizer,0.0.7,18233
webotrack,0.1.0,1663
webpack,0.4.2,12351
webpack2-rails,2.2.1.1,3947
webpack4r,0.1.0,2544
web_package,0.4.1,12418
web_package-rails,0.1.0,3818
webpackandmock,0.1.0,2195
webpack_assets,0.0.5,15176
webpack-assets,0.3.5,802541
webpack_driver,0.4.1,23290
webpacked,0.3.1,19044
webpacker,5.4.4,78355328
webpacker_cli,0.9.4,6410
webpacker_config_shower,0.1.1,3348
webpacker_ejector,0.1.0,1896
webpacker-electron,0.1.4,8812
webpacker-for-component,1.1.0,3710
webpacker_helpers,3.0.0.beta.1,1633
webpacker-jets,3.2.101,3485
webpacker-legacy,0.1.2,8864
webpacker_lite,2.1.0,128154
webpacker-manifest_remote,0.1.0,2335
webpacker-manifest_s3,0.4.0,7133
webpacker-pnpm,1.2.3,8068
webpacker-preact,0.1.0,2269
webpacker-pwa,0.1.0,14228
webpacker-react,0.3.2,1683379
webpacker-react-on-rails,2.0,3795
webpacker-remote,0.3.1,8546
webpacker-routes,0.1.5,68766
webpacker-svelte,1.0.0,32504
webpacker_toppings,0.1.0,2839
webpacker_uploader,0.7.1,16331
webpack-helpers,0.1.3,6323
webpack_integration,0.2.0,10136
webpack_integrator,0.1.0,1967
webpack_manifest,0.2.4,70325
webpack_manifest_plugin,0.1.2,5473
webpack_native,0.5.8,27246
webpack_on_rails,0.1.0,7339
webpack-pipeline,0.3.0,7729
webpackrails,2.0.0,17956
webpack_rails,2.0.1,30422
webpack-rails,0.9.11,5790426
webpack-rails-helper,0.3.0,7357
webpack-rails-react,1.0.14,35343
webpack_react_on_rails,1.0.5,11016
webpack_stats,1.0.5,12828
webpage,0.0.11,32035
web-page-archiver,0.0.7,9559
webpage-archivist,0.0.3,10116
web-page-parser,1.2.2,22624
webpager,0.0.1,3417
webpagetest,0.0.1,264769
webpage_update_checker,1.4.0,7502
web_parser,0.0.4,8681
web-parser,0.2.1,3681
webpay,3.2.3,280580
webpay_by,0.0.1,2741
webpay_interswitch,2.0.0,9158
webpay-mock,0.3.0,44688
webpay_rails,1.1.1,15390
webpay-scaffold,0.0.1,3690
webpconverter,0.1.0,1648
web_performo,0.2,7601
webp-ffi,0.4.0,500616
webpilot,0.1.2,9884
web_pipe,0.16.0,31064
webpoke,0.5.0,23962
web-potato,0.0.6,2042
web_power_switch,0.0.2,7142
webpro_view_tool,0.1.0,1947
webproxy,0.1.1,7633
web-puc,0.4.4,33012
webpulser-habtm_list,0.1.3.1,14757
webpulser-jrails,0.6.0,7251
webpulser-sortable_pictures,1.1.0,3392
web-puppet,0.2.0,13111
webpurify,1.0.2,69613
webpurify_api,0.2.0,14238
webpush,1.1.0,11550496
web_push,0.1.2,8752
web-push,3.0.1,637144
web-push-notification-rails,0.2.2,11195
webr,0.0.8,13386
web_randomizer,0.3.0,4078
webrat,0.7.3,3820422
webrat-rspec-rails,0.1.1,11180
webrat-scraper,0.1.4,4643
webrazzi,0.1.1,4984
webrc,1.0.2,5414
webrelais,0.0.1,3334
webrelay_scheduler,0.7.0,16572
web-repl,0.10.2,27502
web_reptile,0.1.0,3254
web_resource_bundler,0.0.23,32659
webrick,1.8.1,221853423
webrick-high-performance,1.0.0,5335
webrick_httpreverseproxyserver,0.1.2,10964
webrick_httpreverseproxyserver-FlipPath,0.1.2,4421
webricknio,0.6.0,3917
webrickroll,0.0.2,6280
webrick-route_servlet,1.2.12,40802
webrick-webdav,1.0,7460
webrick-websocket,0.0.3,7546
we_bridge-auto_view_helper,0.0.10,23026
we_bridge-exceptions,0.1.1,5950
we_bridge-html_builder,0.1.7,13339
we_bridge_rails_engine_langs,0.1.8,19807
we_bridge_rails_engine_nations,0.1.3,8977
we_bridge_rails_engine_orgs,0.1.16,35553
we_bridge_rails_engine_users,0.1.10,22871
webroar,0.7.0,38352
webrobots,0.1.2,27594399
webrocket,0.0.1,3509
web_router,0.3.0,17368
webrtc,0.0.1,3798
webrtc_rails,0.0.2,5777
webrtc-rails,0.3.14,44834
webrtcvad,0.2.4,4457
Web_rubbish_code,1.0.2,1103
webruby,0.9.3,27824
web_rules,0.0.2,6538
webs,0.3.5,168822
web_safe_filename,0.0.2,5352
webs-allocine,0.3.0,3393
web_sandbox_console,0.6.0,8332
websautotest,0.1.3,13078
webscale,2.0.0,3825
webschema,0.0.1.0,2371
webscour,0.1.1,7557
webscraper,0.0.0,277
web_scraper,1.0.2,5810
web-scraper,0.0.6,7228
webscraper_framework,0.1.735,62684
webscraping_ai,3.1.3,6089
web_scraping_helper,0.5.1,3157
web_scraping_hw3,0.1.4,6304
web-scrapper-gems,1.0.0,1524
webscript,0.0.1,1764
webserver,0.0.1,3820
web_server_config_generator,0.1.3,44054
web_server_report,0.1.0,998
web_server_uid,1.0.2,93235
webservice,0.7.0,21783
web_service_documenter,0.0.4,13177
webservice_tester,0.2.0,17015
web_service_uri,0.1.2,5453
webservicex_stock_quote,0.0.1,3719
webshellruby,0.0.1,4049
web_shield,0.1.1,5757
webshims-rails,1.16.0,506819
webshooter,0.0.6a,13497
webshot,0.1.2,173119
websin,0.0.6,8149
websitary,0.5,17678
website,1.0.1,5549
website_builder_engine,0.0.5,16104
website_information,0.6.2,34582
website_inspector,0.0.4,3577
website_screenshot,1.0,4309
website-status,0.2.0,4986
WebsiteTools,0.2.4,11847
website_worth,0.3.9,2550
websitiary,0.1.0,4468
websms,0.0.3,8237
websmsby,0.1.2,20970
websnap,0.1.5,19862
websnapshot,0.1.0,13126
websocker,0.0.3,6997
websocket,1.2.10,86855063
WEBSocket,0.1.1,19442
websocketable,0.0.3,4467
web_socket_chat_server,0.0.9,20490
websocket-client,0.2.0,33232
websocket_client_lite,0.1.2,972
websocket-client-simple,0.8.0,5314309
websocket-connection,1.0.0,2909
websocket-controller,1.0.2,5093
websocket-driver,0.7.6,373699849
websocket-driver-kontena,0.6.5,6761
websocket-driver-ruby,9001.0,2409
websocket-echo-io,0.1.0,380
websocket-eventmachine-base,1.2.0,457486
websocket-eventmachine-client,1.3.0,432469
websocket-eventmachine-server,1.0.1,35338
websocket-extensions,0.1.5,357293142
websocket-extensions-ruby,9001.0,2382
websocket-gui,0.0.4,10616
websockethook,0.2.02,15825
websocketio,0.0.2,5124
websocket_messaging,0.0.1,3590
websocket-native,1.0.0,586347
websocket_parser,1.0.0,154954
websocket-pipe,0.0.1,3758
websocket-protocol,0.0.0,7976
websocket-rack,0.4.0,90568
websocket-rack-noodles,0.4.3,10535
websocket-rails,0.7.0,315056
websocket-rails-js,0.0.1,25070
web_socket_rb,0.1.2,4208
web-socket-ruby,0.1.0,10793
websocket-ruby,9001.0,2559
websocket_sequential_client,1.0.1,5366
websocket-server,1.2.0,1973
websocket-td,0.0.6,17792
websolr,0.0.0,12228
websolr-acts_as_solr,1.3.3.1,50296
websolr-rails,2.4.0,66844
websolr-sunspot4heroku,1.0.0,3611
websolr-sunspot4heroku-cis,0.0.2,6594
websolr-sunspot_rails,1.2.1.0,74466
websolr-sunspot_rails_geoding,1.0,3991
webspeak,0.0.1,4387
webspec,0.1.2,11907
webspicy,0.26.0,187840
webspinne,0.0.1,3808
webstalker,0.1.0,4352
webstart,0.3.0,3398
web_stat,0.6.0,83800
webstats,0.1.0,4772
webster,0.5.0,16954
webstract,0.0.4,10269
webstub,1.1.6,63518
web_symbols_liga,0.0.2,3528
webtagger,1.1.1,17089
webtail,0.0.5,15286
webtask,0.2.0,4119
web_task_runner,0.0.7,13748
webtester,0.2.3,34144
WebTitle,1.0.0,268
webtodo,0.1.0,1902
webtoken,0.0.5,37790
webtopay,1.6.1,12872
webtractor,0.0.3,8380
web_translate_it,3.0.2,1542312
webtranslateit-hpricot,0.9.0,134
webtranslateit-payday,1.6.5,7413
webtranslateit-safe,0.4.11,3415
web_translate_it_server,0.0.5,15202
webtranslateit-version_fu,1.6.5,7470
webtrap,0.1.1,7318
webtrekk_connector,0.0.3,3037
webtrends,0.0.4,12339
webtrends-rails,0.0.2,7492
web_tsunami,0.3.0,4651
webtube,1.1.0,4829
webui-popover-rails,1.2.18,14820
webull,0.0.1,1561
web-under-construction,0.1.1,2045
webuntis,0.0.2,5680
web_update_checker,0.0.3,7479
web-utils,0.1.5,19993
webvac,0.1.6,6837
webvalve,2.0.0,474297
web_video,1.2.0,16773
webview,0.1.6,9696
webview-ffi,0.1.1,2266
webview_ruby,0.1.2,2516
webvtt,0.0.3,42410
webvtt-editor,0.0.0,2308
webvtt-ruby,0.4.0,292076
WebWordSorter,0.1.4,8494
webxtractor,0.0.5,4770
weby,0.0.3,5425
we-call,0.12.1,251692
wechat,0.17.3,219267
we_chat,0.5.17,5390
wechat-access_token,0.1.1,1972
wechat-adapter,0.0.3,8158
wechat-api,0.4.3,17087
wechat_app,0.1.0,2023
wechat-auth_client,1.0.0,3549
wechat-bot,0.1.3,3475
wechat-bot2,0.1.5,7607
wechat-callback,1.1,12362
wechat_client,0.1.1,3844
wechat-client,0.1.0,1875
wechat-core,1.1,17169
wechat_data_crypt,0.0.1,1984
wechate,0.1.9,16070
wechater,0.1.0,2401
wechat-gate,0.1.6,12076
wechat-gate-updater,0.1.6,2249
wechat-handler,2.1,12544
wechat-jsapi,1.1,15077
wechat_kit,0.2.2,11767
wechat_mp,0.1.0,6316
wechat-omniauth-web,0.0.3,7935
wechatpay,0.0.2,3233
wechat_pay,0.3.0,12843
wechat-pay,1.1.0,11759
wechatpay-api,0.2.1,2879
wechat_payment,2.1.3,21558
wechat-pay-next,1.2.1,439
wechat_public,0.1.6,33181
wechat_public_api,0.2.0,12662
wechat-rails,0.1.1,6056
wechat-rb,0.1.0,3513
wechat-shake_around,1.1,25902
wechat-sns,2.1,16633
wechat_template_content_parser,0.1.0,2703
wechat_template_message,0.2.0,4193
wechat-test,0.0,3304
wechat-utils,0.2.0,13721
wechat-validation,1.1,9774
wechat-validator,1.1,15200
wechat_work,0.1.2,3536
wechat_work_webhook,0.1.0,1805
wechselkurse,0.1.0,3283
weconnect,0.1.0,155
wector,0.0.4,8873
wedding,0.0.3,9156
wedding_on_rails,0.0.2,5381
wedding_registry_scraper,0.0.7,15980
wedeploy,0.1.0,2477
wedge,0.2.8,245396
wedgeio,0.0.1,3135
weditor-loader,0.1.13,7672
wedjat,0.0.2,5845
wee,2.1.0,42167
weeb,0.1.0,4807
weebly,1.1.0,8467
weeblybundler,0.1.1,4242
weeblycloud,1.0.0,2522
weechat,0.0.5,18545
weechat-relay-helper,1.0.3,10460
weed,0.0.0,3447
week,0.0.3,10317
week_calc,0.0.6,8372
week_calendar,0.0.3,5923
weekday,1.0.4,16282
weekday_calculator,1.0.0,4459
weekdays,1.0.2,310609
weekdone-cli,0.1.2,2895
weekdone-sdk,0.3.3,5362
Weekend,0.2.0,5618
weekends,0.1.1,4076
weekend_warrior,1.0.0,4411
weekling,1.0.3,12777
weekly,0.0.1,3162
weekly_calendar,0.0.1,3730
weekly_commits,1.2.2,12690
weekly_planner,0.4.3,28658
weeklyplanner_template,0.1.4,8751
weekly_snippets,0.0.2,8167
week_of_month,1.2.6,941595
weeksago,0.1.0,2346
week_sauce,0.0.2,12414
week_to_date,0.1.4,8502
weel,1.99.113,197723
weeler,2.1.0,39067
wee-pm,0.1,4438
weeps,0.0.1,793
weer,0.1.1,5563
weese,1.0.2,4831
weesked,0.0.3,6059
weeter,0.19.4,34789
weexbuilder,0.0.4,6149
weft-qda,1.0.1,14417
weget,0.1.6,10056
wegift-ruby-client,1.10.2,30173
we-github-stats,0.1.0,2641
wego,0.2.2,19432
wego-friendly,0.5.1,4490
wegolint,0.0.4,9625
wego-money-bank,0.1.0,9274
wei-backend,0.1.4,27371
wei_blogVote,0.1.0,2441
weibo,0.0.14,49799
weibo_17up,0.4.7,6862
weibo2,0.1.0,4851
weibo_2,0.1.7,60446
weibo2_plugins,0.0.6,17968
weibo2s,0.1.1,6663
weibo_api,0.1.3,8364
weibo_focus,1.1.5,34851
weibo_oauth2,0.0.5,13049
weibo_sina,0.0.2,6205
weichat_rails,3.0.0,9901
weidian_open,0.0.3,3254
weigh,0.1.2,16639
weighable,1.5.0,59148
weighflow_cli,0.2.11,18361
weight,1.0.0,8705
weight_conversion,0.2.0,4667
weight_converter,1.0.3,11187
weighted_average,2.0.2,43657
weighted_distribution,1.1.0,17311
weighted_graph,0.1.2,4113
weighted_list,0.8.2,22496
weighted_list_rank,0.3.0,1082
weighted_lottery,0.1.0,781
weightedpicker,0.1.2,17260
weighted_rand,0.1.0,455
weighted_random,0.1.1,16123
weighted_randomizer,0.1.2,484587
weighted_random_selector,1.0.0,2009
weighted_sample,1.0.0,42920
weighted_sampler,1.1.1,11056
weighted_score,0.0.1,4187
weighted-select,1.0.0,3050
weighted-selection,1.0.0,3151
WeightedSelection,1.0.1,7772
weighted_shuffle,0.2.0,6406
weightlifting,0.0.6,12429
weight-recorder,0.1.10,19606
weimark,0.1.0,1862
weinre-rails,1.1.0,7080
weird,0.0.4,10034
weird_interactor,0.0.1,1895
WeirdSearch,0.1.0,1675
weitest,0.1.1,2407
weixin,1.0.0,3323
weixin_advanced_interface,0.0.1,3469
weixin_authorize,1.6.4,98826
weixin_authorize_905,1.6.5,2253
weixin_authorize_superayi,1.6.5,3303
weixin_js_sdk,0.0.3,12861
weixin_message_encryptor,0.1.0.1,4380
weixin_pam,0.0.1,2944
weixin_pay,0.2.0,3125
weixin_public,0.0.3,8784
weixin_rails_middleware,1.3.3,46677
weixin_rails_middleware_uxinji,1.0.4,3552
weiyanwu1,0.0.3,2450
weka,0.8.0,19305
welaika-suspenders,3.0,108568
welcome_application_record,1.0.4,8847
welcome_css,0.95,85861
welcome_cycle,0.0.4,4267
welcome_gem,0.1.0,350
welcome_to_hogwarts_cli,0.0.1,1729
welcome_to_the_grid,0.0.1,3514
welcu,0.1.5,6914
weld,0.0.1.dev.20100408,7755
welder,0.1.1,3504
weld-js-rails,0.0.2,4145
welements,0.1.3,9455
welike-geography,0.0.8,14946
well,0.1.0,2780
well_actually,1.0.1,5803
well-actually,0.2.2,6897
wellcar,0.0.3,4150
wellcome,0.0.2,5865
wellness,2.0.1,44160
wellread,0.0.1,1829
well_read,0.0.3,4466
well_read_faker,0.2.0,4346
well_rested,0.6.0,4072
well_rested-core,0.1.0,11949
wells_fargo,0.3.4,19372
wells_fargo-api,0.1.0,1831
welltreat-store-framework,0.2.3,9502
wellwellwell,0.0.1,4100
welo,0.1.1,13277
weloveiconfonts_rails,1.1.1,13500
wemo,0.0.7,8633
wemo_device,0.1.0,1928
wemo_switch,0.0.1,3273
wemote,0.2.3,12290
wemux-pair,0.0.2,6098
wena,0.0.2,2796
wenbo_ruby_extendsions,2.2,3523
wendell-puma,2.9.2,3346
wendy,0.0.2,8468
wendyandfanny_vote_gem,0.1.1,4163
weneedfeed,0.20.0,126975
wenjuan_api,0.0.1,2650
wenlin_db_scanner,0.2.1,6875
wentling_view_tool,0.1.0,2239
wenyan_test,0.1.0,3340
wepawet,0.1.5,15838
wepay,0.4.0,304783
wepay-api,0.2.1,10975
wepay_client,0.0.4,6499
wepay-rails,2.6.0,395875
wepay-signer,1.1.1,7601
wepo,0.1.0,3146
weppos-google_analytics_on_rails,0.1.1,3392
weppos-helperful,0.5.1,19685
weppos-tabs_on_rails,0.8.0,10422
wepredict,0.3.2,16034
we-rack,0.0.0,5007
wercker_api,1.0.8,16445
wercker-bundle-update-pr,0.1.1,4775
werd,0.0.2,5587
werewolf,0.0.0,4450
were_wolf,0.3.1,9152
werk,0.0.3,4350
wers,0.0.1,3677
we-rspec,0.0.0,4880
werther,0.1.0,2178
wesabe,0.0.3,4484
wesabe-keyword_search,1.4,3413
wesabe-robot-army,0.1.7,8055
wesabe-wesabe,0.0.2,5655
wesabot,1.1.2,13164
wes-cloudkit,4.2.0,25731
wes-data-api,14.3.2,208263
wesender,0.0.3,5069
we_ship_client,1.2.0,8715
wesi,0.0.3,9899
we-sinatra,0.0.0,4891
weskit,0.3.6,30836
wesm,0.1.8.8,7443
weso,0.1.1,1531
wesrog-itunes2rss,1.1.1,5741
westarete-activerecord_null_object,0.1.0,8044
westarete-capistrano-helpers,0.1.1,8021
westarete-skylinecms,3.0.8.20100330,7797
westarete-tracker-tools,0.3.0,4133
wested-rack-bug,0.2.2.1,4465
westfield_paginator,1.0.7,17146
westfield_swagger,1.2.6,25696
westpointrealtors-theme,0.0.3,18648
wet-command_bus,0.3.0,4374
wet-health_endpoint,0.2.0,104265
we_the_people,0.0.6,11458
wetransfer,0.4.4,24592
wetransfer_style,3.0.1,62097
wettr,0.1.3,5150
wetube,0.0.2,6137
wet-winobj,0.1,7119
weui-rails,1.1.3,37455
we_whisper,0.0.2,5016
wewoo,0.1.7,5947
wework,1.2.8,59384
wework-next,1.2.6,153
weworkremotely,1.3.3,3393
we_work_remotely_jobs,0.1.2,2751
wexpr,0.1.6,11473
wf,0.0.1,4955
wf4ever-rosrs-client,0.2.0,6565
wf4ever-transformation-client,0.4.0,15452
wfa,0.2,5749
wfarr-ciunas,0.0.3,3695
wfarr-github,0.4.2.1,11073
wfhcli,0.5.0,9728
wfl_file_base,0.0.3,5347
w_flow,0.13.0,11712
wfl_paginate,0.0.2,3196
wfl_simple_activity,0.1.26,25841
wflt,0.1.0.8,5496
wf_node_api,0.7.0,5235
wformat,0.3.2,7053
wfq,0.0.1,3277
wf-rails3-jquery-autocomplete,1.0.4,3961
wfreq,0.1.1,5362
wfrey_palindrome,0.3.0,4698
wfrmls,0.3.2,11908
wfs_rails,0.3.0,10474
wfstatus,0.0.3,8552
wg,0.2.0,12939
wg-admin,0.0.3,3410
wgibbs-rest-client,1.0.5,4463
wgibbs-trample,0.1.1,4520
wgibbs-xpath,0.1.4,4150
wgif,0.5.4,26567
wgit,0.11.0,55098
wgs84_distance,0.0.1,10204
wg_view_tool,0.1.0,1923
wh2600,0.2.0,10665
whacamole,1.2.0,89825
whack-a-node,0.0.2,7148
whale,0.4.0,9329
whaler,0.1.1,8198
whales,0.1.13,26458
whales_actions,0.1.13,26380
whales_orm,0.1.13,28437
whalestack_sdk,1.0.0,290
whally,0.1.3,9371
whaly,1.0.4,535
whammity_blam,1.0,3143
wharel,1.0.0,11402
wharf,0.0.1,3433
wharfie,0.0.1,3486
what,0.4.1,99436
what3words,3.0.0,35586
what_a_world,1.0.0,14748
what-a-world,1.1.0,2265
whatbug,0.0.3,4981
whatcd,0.3.0,21487
what_cd,0.0.6,7681
whatconverts,0.2.1,5978
what_date,0.1.4,7573
what_day,0.1.2,3354
whatdidconsole,0.2.0,3302
what_does_this_error_mean-merb,0.0.3,10942
what_dya_return,0.2.1,935
whatever,0.0.3,15897
whateverman,0.0.2,3466
what_have_i_done,0.0.1,2910
whathor,0.0.2,3316
whatimean,0.2.0,5030
whatis,0.0.1,2124
what_is,2.2.0,29669
what_is_best,0.0.0,1990
what_is_it_about,0.1.3,9253
whatismyip,1.0.1,7897
whatisquiz,1.0.7,14241
what_is_the_next_name_of_node,0.1.0,1872
what_is_this,1.0.0,2465
what-is-your-programming-language,0.0.0,4060
whatlang,0.1.6,6635
whatlanguage,1.0.6,2375390
whatmask,1.0.8,2580
what_methods,1.0.1,122392
whatnot,1.0,3126
whatnow,0.1.0,2453
what_now,0.0.6,12290
whatoption,0.3.3,1920
whatpulse,0.0.2,6018
whats,0.1,4184
whatsa,0.4.1,25555
whatsapp,1.0.0,15661
whatsapp_bot,1.3.2,10287
WhatsappBot,1.0.0,2570
whatsapp_cloud_api,0.1.0,523
whatsapp-ruby-sdk,1.0.0,965
whatsapp_sdk,0.12.1,35645
whatser,0.6.1,26040
whats-for-dinner,1.0.0,2911
whatsnew,1.0.1,12397
whatson,2023.0.0,9060
whats_on,0.1.0,3258
whats-on-netflix,0.1.7,10558
whats_the_next_rer_a_in_joinville,0.1.1,2187
whats_up,1.2.2,21854
whats-up-adhearsion,0.1.9,30952
whats_up_doc,0.0.2,18237
whatsup_github,1.0.1,24347
whats-wrong,0.2.0,4936
what_the,0.0.3,7009
whatthegem,0.0.4,5907
whatToDo,0.0.1,3507
what_to_run,1.0.2,9503
what_to_watch,0.4.0,8996
what_to_watch_today,0.1.0,1506
whatup,0.3.5,18005
what_weve_got_here_is_an_error_to_communicate,0.0.8,23968
what_you_say,0.6.7,23526
whatzapper,0.0.2,5846
whcal,0.1.0,2096
whd_ticket,0.2.9,10673
whedon,0.0.3,182897
whee,0.1.2,2215
wheelbarrow,0.0.2,5625
wheeler,0.5.2,6841
wheelhouse,1.0.pre,3622
wheelhouse-admin,1.0.pre,2452
wheelhouse-banners,1.0,3200
wheelhouse-blog,1.0.7,21232
wheelhouse-core,1.0.pre,2277
wheelhouse-editor,1.0.pre,2300
wheelhouse-forms,1.2.2,12957
wheelhouse-google-analytics,1.2,8124
wheelhouse-media,1.0.pre,2282
wheel_of_wisdom,1.0.4,6124
wheels,0.1.30,240349
wheels_routes,0.0.1,4323
when,0.1.0,4200
whenauser,0.7.1,45832
whence,0.1.0,2621
when_committed,0.9.0,6319
when-cron,1.0.3,10607
when-do,2.0.2,34402
when_easter,0.3.1,21712
whenever,1.0.0,58620665
whenever-benlangfeld,0.9.6,4461
whenever-delorean,0.2.1,11550
whenever-eb-shipoffers,1.0.3,2997
whenever-elasticbeanstalk,1.1.6,133242
whenever-elasticbeanstalk-hd,1.1.5,6063
wheneverize-bundler-audit,0.1.1,4770
whenever-rails4-mod,1.0.2,11483
whenever-ray,0.3.7,3293
whenever_roles,0.0.1,4210
whenever_systemd,0.0.2,1221
whenever-test,1.0.1,2259769
whenever-web,0.0.5,24086
when_exe,0.5.0,43153
when-files-change,0.2.3,11707
whenhub,0.1.1,3902
whenissunrise,0.0.3,6181
wheniwork,0.0.5,6299
when-i-work,1.0.0,7573
Wheniwork-api,0.0.1,3594
wheniwork_ext,0.0.15,23718
wheniwork-ruby,1.1.0,5982
whenkani,0.1.0,2432
whenner,0.2.0,5920
when_sun,1.0.1,25413
whenum,0.0.0,3514
when_was,0.2.0,7365
whenyouneedme-handsoap,1.1.4,4419
where,0.0.2,7281
whereable,0.2.0,5200
whereabouts,1.0.1,39636
where-am-i,0.0.2,4171
where_any,0.1.2,6623
where-are-my-dependencies,0.0.1,3226
where_are_you,0.0.2,5698
where_builder,0.0.2,5912
whereby-ruby,1.0.0,20003
where_chain,0.5.0,25053
where_conditioner,1.1.2,71757
where_exists,2.0.4,973738
whereis,1.1.4,19080
where_is,0.4.0,36245
where_is_ISS,0.2.4,8889
where_is_nil,0.1.1,5409
where-is-rails,0.3.0,2165
whereistand,0.0.4,13810
whereisthis,1.3.0,5946
wherelink-matchers,0.0.1,3693
wherelizer,0.0.5,13876
where_lower,0.3.4,16691
where-or,0.1.6,1184354
where_row,0.1.3,920
wheres_my_weekend,0.1.7,9070
where_streets,0.5.1,646
where_to,1.1.0,38074
wheretocard,0.1.2,5043
where_to_cli,0.1.10,22038
wheretz,0.0.6,1504955
whereuat,0.1.0,32283
where_unless_blank,1.1.0,3826
wherever,0.0.1,6270
wherever-positions,0.5.1,63793
where_was_i,0.0.5,9444
wherewolf,0.8.0,25113
wherex,1.1.1,27805
whi-cassie,1.3.4,27620
which,0.0.2,10819
which_browser,0.2.3,26710
which_cheese,0.1.0,2547
which_command,0.0.2,4634
which_day,0.1.2,5656
whiches,0.0.2,6286
whichlang,0.1.5,242
which_osx,1.0.8,25932
whichr,0.3.6,82162
whichruby,0.2.0,1942
which_ruby,0.0.3,10946
which_time,1.0.4,9740
which_twitter,0.0.2,5990
which_works,1.0.2,780830
whiff,0.0.1,3485
whimsy-asf,0.0.77,163700
whimsy_str,1.0.3,1409
whiny_attr_accessible,0.1.0,7783
whiny_destruction,0.0.1,4474
whiny_hash,0.0.2,11168
whiny-mass-assignment,0.2.2,40999
whiny_rendering,0.1.1,7582
whinytasks,0.1.0,10966
whiny_validation,1.1,569407
whiplash_api,1.3.0,20876
whiplash-app,0.9.6,23970
whiplash-batches-api,1.0,1838
whipped-cream,0.1.1,21067
whirl,0.0.4,6832
whirled_peas,0.13.0,22164
whirlpool,0.1.0,1605
whirlwind,0.1.8,26888
whirly,0.3.0,229746
whisk,0.3.1,36359
whisk_deploy,0.6.26,7384
whiskers,0.0.3,4437
whiskers-es,0.1.2,55936
whiskey,1.0.0,3709
whiskey_disk,0.6.24,220102
whisk-rails,0.4.1,9014
whisky,0.0.1,3714
whisper,0.0.1,4996
whisperblog,0.6,4213
whispercpp,1.2.0.2,1054
whisperer,0.0.2,5554
whispers,1.0.1,3404
whispir,0.0.0,3129
whispler-signature,0.1.2,11041
whispr,0.2.0,15819
whistle,0.1.1,7865
whistleblower,0.0.1,3347
whistlepig,0.12,46290
whistler,0.0.1,4549
whistle_view_tool,0.1.0,1902
whitby3001-paperclip-cloudfiles,2.3.8.1,4131
white,0.2.1,7148
whiteblog-theme,0.0.10,4441
whiteboard,0.0.2,5710
white_castle,0.1.1,7269
WhiteCloth,0.0.5,10367
whitecms_news,0.0.4,9122
whitedown,0.0.0,3667
white_gold,0.0.4,776
white_hare,0.2.2,5496
white_horseman,1.3,4671
whitehouse,0.2.0,9951
whiteknight,0.0.0,3973
white-knight,0.0.1,3905
whitelabel,0.4.0,33721
white_label,0.1.0,1806
whitelabelmachinename-ruby-sdk,3.2.1,5749
whitelist,0.0.1,4733
whitelisted-record,0.1.0,2048
whitelister,0.0.0,2269
whitelist_mail_proxy,0.5.0,33900
white_list_model,1.0.0,4710
whitelist_recipients,0.1.3,1721
whitelist_scope,0.1.4,11192
white_noise,1.1.2,13412
whiteorblack-rails,0.0.1,3476
whiteout,0.2.4,21289
whitepages,0.0.1,4423
white_pages,0.0.2,6939
whitepagespro,0.0.3,5394
whitepages_pro,0.1.1,6222
whitepaper,0.0.4,11685
white_payments,2.0,5594
whiteprint,0.1.1,4206
white_rabbit,0.0.2,6744
white-rabbit,0.1.0,1867
whitesimilarity,0.0.2,54014
whitespace,2.1.3,25545
whitespace-ruby,1.0.0,2512
whitestone,1.0.2,9985
whitewash,2.1,6377
whit_li,0.0.1,4059
whittle,0.0.8,107166
whiz_client,1.0.1,5622
whmcs,1.1.1,9786
whmcs_api,1.0.0,3360
whmcs-api,0.1.2,9676
whmcsor,0.0.3,5970
whmcs-ruby,0.0.1,4595
whm_xml,0.3.2,4417
who,0.0.1,3832
whoa,0.9.0,14423
whoahbot-dm-redis,0.0.2,3395
whoahbot-dm-redis-adapter,0.0.5,8068
who_am_i,0.0.6,10144
whoamid,0.2.0,4649
whoapi,0.1.0,3108
whoaz,2.0.2,9006
who-broke-my-app,0.0.3,6988
who_called_me,0.1.1,7332
who_can,0.3.5,9397
who_comes_first,0.0.2,7288
whodat,1.0.1,3327
who_delegated,0.5.1,1896
whodump,0.1.0,4161
whodunnit,0.0.5,8957
whoiam,0.0.1.pre,2133
whois,5.1.1,11778497
whois7,0.1.0,1940
whois-arin,0.1.0,4483
whoiser,0.0.1,3722
who_is_it,0.0.1,4377
who_is_online,0.1.1,4213
whois-parser,2.0.0,6744763
whois_rb,0.1.0,1679
whois_slacking,0.0.6,11810
whoisthis,1.0.0,4000
whoisxmlapi,0.3.1,29429
whoisxmlapi2,0.2.1,6354
wholable,1.2.0,2100
wholefoods_recipe,0.1.0,1820
whole_history_rating,0.1.2,11533
whole_number,0.1.1,4590
who_loaded_me,0.01.04,2745
who-needs-wp,0.7.0,33992
whoop,1.3.0,8743
whoopee-cushion,1.0.1,11471
whoops,0.5.5,97065
whoopsie,0.0.2,2679
whoops_logger,0.1.4,22781
whoops_notifier,0.0.4,16190
whoops_rails_logger,0.1.18,57260
whoops_rails_notifier,0.0.2,7131
whoopsy,0.1.2,8744
whoosh-ruby,0.1.5,1532
whorm,0.4.0,4731
whoru,0.0.3,12158
whos,0.3.0,24913
whos_dated_who,1.0.4,40974
whos_got_dirt,0.0.5,9905
whos_in,0.0.4,10170
whosup,0.0.3,8783
whos_using_what,1.1.4,106748
whotowho,0.2.0,7982
whowas,0.2.2,8436
whowish_word,1.0.0,104600
whoxy,0.1.0,2435
whtml_sprockets,0.0.3,9824
whtt-eric-beet,0.6.11,7121
whuffiebank,0.2.0,7763
whurl_engine,2.2.0,33281
wh-vagrant-vsphere,1.5.0,2922
whv_nz,0.1.1,3963
why,0.0.0.ceta,1909
why_are_there_images_in_my_terminal,1.0.1,3616
why-bloopsaphone,0.4,3403
whydoiwork,0.0.1,3451
why-hpricot,0.7.229,16816
why_im_broke,0.1.0,2161
whynot,0.0.4,10327
why_not,0.0.4,10936
whysoslow,1.0.1,12231
why_test,0.0.1,4150
whyvalidationssuckin96,1.6.4,68264
wialon,2.0.1,23816
wialon_api,0.0.8,18203
wibble,0.0.3,3519
wibblewobble,0.2.0,4967
wice_grid,4.1.0,505966
wice_grid_mongo,6.2.4,4083
wice_grid_mongoid,6.2.3,51171
wice_grid_ms,3.6.2,6249
wichr,0.0.1,4425
wick,0.1,3710
wicked,2.0.0,7741742
wicked-always_renderable,0.1.0,1837
wicked-focused,0.2.2,9527
wicked_pdf,2.8.0,53730221
wicked_pdf_capybara,0.1.0,1882
wicked_pdf_rails_2,0.7.9.1,4268
wicked_pdf_standalone,0.0.3,9236
wicked-pipeline,0.1.2,2382
wicked_witch,0.0.3,8731
wicked-with-previous-support,0.2,6925
wicked-wizard-validations,0.0.3,7071
wicket,0.1.2,13178
wicky_kuaidi100,1.0.0,8063
wicoris-postman,0.13.0,45056
wideact,0.0.3,2498
widen,1.0.0,3767
wideopenspaces-acts-as-taggable-on,1.0.4,6440
wideopenspaces-flickraw,0.5.3,6464
wideopenspaces-flickry,0.2.1,15742
wideopenspaces-gstats,0.1.2,4103
wideopenspaces-wicked,0.3.1,8762
wide_receiver,0.0.1,3488
widescreen,0.1.1,10034
widgeo,0.0.3,6241
widgeon,1.1.4,5503
widget,0.0.5,15775
Widget2,0.0.2,3652
widget_builder,0.1.2,8377
widget_bundler,0.0.10,26844
widgetify,0.0.1,3959
widget_list,1.3.7,102592
widget_list_theme_blue_sky_basin,0.0.1,3766
widget_list_theme_cruddy,0.0.1,3691
widgets,0.2.3,27515
widgets_api_client,1.0.1,41269
widgets-api-client,0.0.2,3101
widget_wrapper,0.0.1,5048
widgetz,0.0.2,8064
widgit_accounts_sdk,0.0.6,1812
widow,0.2.1,7324
wield,0.0.1,5925
wielder_of_anor,1.0.3,35381
wieldymarkup,0.2.0,3776
wielga_devcamp_view_tool,0.1.0,1932
wienerlinien,0.0.1,3533
wiesenberg_gem_building_practice,0.1.1,4016
wifiddler,0.0.1,3475
wifidiag,0.1.0,2217
wifi_geo_location,0.1.0,3012
wifi_location,0.0.6,18351
wifi_login,0.0.4,12691
wifimap,0.2.2,5815
wifi-wand,2.17.0,21896
wifi-watch,1.0.2,5008
wifly,1.0.0,16225
wigle_api,1.0.0,3901
WII,0.0.1,4003
wii4r,0.5.0,4019
wiimagickcam,0.1.5,14986
wiimote_morsecode,0.2.0,3836
wiimote_sps,0.4.0,14805
wiired24_palindrome,0.4.0,5385
wii-robotic-arm,0.1.5,17381
wijet-bluepill,0.0.33,4462
wijet-launchy,2.0.6,4858
wijet-thor,0.14.10,25435
Wijmo,0.0.2,6677
wik,0.1.0,2385
wiki,0.1.0,6619
Wiki2Go,1.24.0,59522
Wiki2GoEditor,1.0.0,4462
wikiable,0.0.0,2495
wikian,0.2.4,22805
wiki-api,0.1.2,9177
wikiavro,0.0.2,5343
wikibot,0.2.4.3,17438
Wiki_Category_Extractor,0.0.1,3660
wikicloth,0.8.3,22176941
wikiconvert,0.2,3453
WikiCreole,0.1.3,15148
WiKID,3.2.3,10291
wikidata,0.0.3,10503
wikidata-client,0.1.0,636966
wikidata-diff-analyzer,2.0.2,1601
wikidata-fetcher,0.19.1,34834
wikidata_position_history,2.3.0,21920
wikidatum,0.3.3,3194
wikidot-api,0.0.6,22323
wikifacts,0.1.1,6040
wikifari,0.3.0,13516
wiki_fetch,0.0.2,14534
wikify,0.0.1.pre,2082
wikihow,0.1.3,5839
wikihow_tech_topics,0.1.0,1993
wikiki,0.0.1,3593
wiki_languages,0.1.0,2043
wiki_lib,0.1.0,7765
wikilink-converter,0.2.4,15806
wikiloc,0.1.0,6940
wikimd,0.4.2,14665
wiki_md,0.9.1,56406
wikimedia-commoner,1.0.0,3261
wikimindcards_directory,0.4.0,8277
wikimovia,0.0.5,14728
wikinotizie,1.0.2,4520
wikio,0.0.1,2117
wiki_on_this_day,0.2.2,10873
wikipaddle_api,1.1.8,4429
wikipaddle_cartographer,0.1.2,2120
wikipaddle_internal_api,1.0.1,554
wikipedia,0.2,7339
wikipedia-api-fork,0.1.2,7215
wikipedia-client,1.17.0,352790
wikipedia_parser,1.2.1,22920
wikipedia_rest_client,0.1.4,8301
wikipedia_twitterbot,0.2.0,3600
wikipedia-vandalism_detection,0.1.0,5882
wikipedia_wrapper,0.1.0,3157
wikiplex,1.4.0.232.1,7580
wikipond-jekyll,0.1.1,2486
wikiquik,0.0.9,13061
wikiquote,1.0.1,6423
wikiranger,0.2.0,3832
wikirate4ruby,1.0.0,442
wikirb,0.1.1,443
wikirofs,0.1.6,11970
wiki_scraper,1.0.0,1847
wikiscript,0.3.2,14879
wikiscript-parser,0.0.1,1563
wikisnakker,0.9.1,398438
wikisys,0.5.1,14412
wikitext,4.8,169191
wiki_tips_post,0.0.4,10720
wikitop,0.0.3,10445
wiki_top_page_views,0.0.0,3295
wikitree,0.0.1,1571
wikitxt,0.1.9,1053
wikiwah,0.1.4,23182
wikiwhat,0.1.0,6039
wiki-yggdrasil,0.4.0,9639
wikk_aes_256,0.1.8,15881
wikk_configuration,0.1.3,9033
wikk_ipv4,0.0.2,1483
wikk_json,0.1.5,8584
wikk_password,0.1.3,6940
wikk_sql,0.2.1,8869
wikk_web_auth,0.1.6,8613
wikk_webbrowser,0.9.8,8744
wiktionary,0.1.1,5269
wikyd-fancy-buttons,0.5.5,16169
wikyd-lemonade,1.0.0.beta.3,6934
wilbur,0.0.2,6243
wilco,0.1.0,3449
wilco-datetimespan,0.1.1,3819
wildbit-newsberry,1.0.0,3407
wildcard,0.0.1,4466
wildcard-dnsd,0.1.1,2461
wildcard_finders,0.2.1,22153
wildcard_matchers,0.9.2,53447
wildcard-pair,0.4.6,5773
wildcard_scopes,0.0.3,7048
wildcat,0.0.1,1904
wildcloud-agent,0.0.3,6994
wildcloud-configuration,0.0.1,4136
wildcloud-git,0.0.1,4076
wildcloud-keeper,0.0.3,9867
wildcloud-logeen,0.0.1,4080
wildcloud-logger,0.0.3,10047
wildcloud-router,0.0.3,7023
wildcloud-runner,0.0.1,4056
wild_dice,0.0.3,4489
wild_duck,0.0.2,2007
wilde-icons,0.0.23,23791
wilderpeople,0.3.0,5685
wildfalcon-skating_system,0.0.1,3408
wildfalcon-skating-system,0.0.2,5707
wildfire,0.0.1,3440
wildland_dev_tools,1.2.0,11491
wildland_herd,0.1.0,3050
wildmat,0.9.0,4195
wildnet-jackson,1.7.3.1,3915
wildnet-netty,3.2.4.2,6880
wildnet-server,0.0.3,9824
wildom,0.0.3,2724
wildsearcher,1.0.5,12274
wildsight,0.1.23,33332
wildsonet-hazelcast,0.0.5,4128
wildsonet-mongodb,2.3.0,4315
wildsonet-netty,3.2.3.1,3989
wildsonet-server,0.2.6,21970
wildsonet-streamer,0.0.2,7449
wild-views,0.1.0,2477
wilkins_view_tool,0.1.0,2236
wilks_calc,0.1.0,2762
wilksformula,0.0.2,5791
will_announce,0.1.0,3560
willbailey-flareshow,0.1.0,5701
willb-mazegen,0.1.0,7237
willbryant-scruffy,0.2.16,4711
will_cache,0.0.9,35193
willcannings-ebb,0.2.0,3445
willcodeforfoo-barbequeue,0.1,3412
will-couchrest,0.33.1,8014
will_doc_project,0.0.1,3482
willey_machine,0.1.0,2465
will_filter,5.1.4,102715
willgemtest,0.99.0,4095
william,0.3.2,6958
williamhill,0.0.1,3908
williams_view_tool,0.1.0,1937
willing_stone,0.1.0,3130
williors,0.1.1,3652
willis_view_tool,0.1.0,1974
will_it_dial,1.0.1,7738
will_it_rain,0.1.0,3199
will_mostly_paginate,2.4.3,7584
willnet-amazon-ecs,0.5.6,5754
willnet_ssl_requirement,0.1.1,4888
willow,0.0.0,4086
willow_run,1.0.0,2483
will_paginate,4.0.0,80120713
will_paginate-bootstrap,1.0.2,6492487
will_paginate-bootstrap4,0.2.2,1263553
will_paginate-bootstrap5,0.2.4,6308
will_paginate-bootstrap-large,0.0.1,4537
will_paginate-bootstrap-style,0.3.0,153118
will_paginate_bootstrp,1.0.0,4121
will_paginate-bulma,1.0.0,64803
will_paginate_couchrest,0.3.1,54184
will_paginate-foundation,6.2.1,459815
will-paginate-i18n,0.1.15,519666
will_paginate_infinite,0.1.3,41374
will_paginate-materialize,1.0.0,45512
will_paginate_mongoid,2.0.1,1822854
will_paginate_page_options,0.0.1,4686
will_paginate-rails3,3.0.pre,4100
will_paginate_renderers,0.0.3,23813
will_paginate_semantic_ui,2.1.0,38706
will_paginate_seo,3.0.4,3343
will_paginate_serial_link_renderer,0.0.7,13797
will_paginate_twitter_bootstrap,1.0.0,7523
will_paginate_ui_kit,0.0.1,3041
will_paginate-without-text,0.0.1,4524
will_paypal,0.1.2,13487
will_pickdate,1.0.0,63402
willpower,0.0.1,1521
will_scan_string,0.1.2,25058
WillsItunesProject,1.0.2,11363
will_sortate,0.0.2,7106
will_toggle,0.0.3,11461
will_you_start_the_fans_please,1.0.0,2104
wilson,1.1.2,16420
wilson_interval,0.1.0,7113
wilson_score,0.1.0,832161
wilson_view_tool,0.1.0,666
wimdu,0.0.12,5331
wimp,1.0.0,3498
wim_parser,1.0.1,82810
win,0.3.27,89595
win2unix,0.1.2,7485
win32-activate,0.0.1,5412
win32api,0.1.0,907745
win32-api,1.10.1,1583002
win32-autogui,0.5.3,61264
win32-captureie,0.2.0,11777
win32-certstore,0.6.16,266864
win32-changejournal,0.3.3,13276
win32-changenotify,0.6.1,26460
win32-clipboard,0.6.4,133043
win32con,0.1.0,2302
win32console,1.3.2,636537
win32-dir,0.7.2,762379
win32-dirmonitor,1.0.1,7537
win32-event,0.6.3,377947
win32-eventlog,0.6.7,632713
win32-file,0.8.2,143601
win32-file-attributes,1.0.4,19880
win32-file-security,1.0.10,44225
win32-file-stat,1.5.5,151088
win32_filetime,0.0.6,22486
win32-input_device,0.0.1,6401
win32-ipc,0.7.0,411153
win32-job,0.1.4,18282
win32-loquendo,1.2.2,27435
win32-mmap,0.4.2,285553
win32-mutex,0.4.3,283770
win32-nio,0.2.2,44216
win32ole,1.8.10,36281
win32ole-pp,1.2.0,37004
win32olerot,0.0.5,31119
win32-open3,0.3.2,153307
win32-open3-19,0.0.2,544076
win32-pdh,0.1.5,7916
win32-pipe,0.4.0,63567
win32-process,0.10.0,2301322
win32rc,0.1.0,7504
win32-sapi,0.2.0,68030
win32screenshot,5.0.0,481094
win32-security,0.5.0,1018904
win32-semaphore,0.4.3,34336
win32-service,2.3.2,1310130
win32_service_manager,0.1.3,25416
win32-shortcut,0.3.0,46786
win32-sound,0.6.2,69286
win32_ssl_init,0.1.3,1416
win32-sspi,0.0.1.rc1,2112
win32-symlink,0.1.3,14442
win32-systray,0.1.0,354
win32-taskscheduler,2.0.4,351633
win32-window,0.2.0.pre,9242
win32-xpath,1.2.0,21163
win_alias,0.1.1,1917
winch,0.0.5,17840
winci,0.0.3,10169
winci-updater,0.0.3,10150
WinCommon,0.1.1,14398
wind,0.1.1,4430
windbag,0.0.1,4034
windcave_rest,0.1.0,30806
windcharger,0.7.0,108746
windclutter,0.0.17,3845
winding-polygon,0.0.14,36764
windirs,0.0.3,10649
windm,0.0.1,1532
windmill,0.9.1,7838
window_blessing,0.0.4,6424
windowpane,9001.0,1970
window_rails,1.0.4,70711
windows,0.0.1,4513
windows-api,0.4.5,978623
windows_backport_process_spawn,0.1.1,7866
windows_chef_zero,2.0.0,16724
windows-cng,0.0.1,3757
windows_com,2.1.1,10657
windows_csv,0.0.9,45905
windows_error,0.1.5,4072816
windows_gui,4.2.2,17446
WindowsInstaller,0.1.29,47752
windows_ionice,0.1.1,11172
windows_live_admin,1.0.2,8396
windowslivelogin,0.1.1,3864
windows-pr,1.2.6,2387269
windows-shutdown-timer,1.0.5,11377
windowstate,0.0.1,3993
windoze,0.0.0,4533
windsor,0.0.8,23490
windsp,0.0.4,9538
windstorm,0.1.0,4037
winds-up-client,0.0.7,10336
wind-theme,0.1.1,1008
wind_up,0.0.3,6076
windward,0.0.8,19837
windy,0.1.2,10200
wine,0.1.1,6738
wine_bouncer,1.0.4,719959
winedb,0.1.6,20469
wine_dot_com_api_request,0.1.0,4495
wine_list,0.1.0,2065
wine-pdf,0.1.1,5032
winery,0.0.1,3459
winescout-redis,0.0.3.3,8093
winescout-redis-rb,0.0.3.2,8087
wine_shipping,1.0.0,2415
wineskins,0.2.2,3929
winever,0.1.7,17805
winevt_c,0.10.2,225728
winewoo_core,1.22.10,4268
winexcel,0.0.1,4338
win-ffi,0.3.2,7281
win-ffi-core,1.0.1,5000
wing,0.1.1,5477
wingalingding,0.4.0,4129
win-gdi32-ruby,0.1.3,7872
WingenderTFClass,0.1.3,8892
wingify_devfest_citd,0.0.3,5194
wingman,0.0.1,4061
wingman_rails,0.0.13,38588
wing.rb,0.1.2,3354
wings,0.0.1,4326
wings-framework,0.1.1,2304
wingtips,0.2.0,5352
win_gui,0.2.21,71948
wink,0.0.1,3654
winkapp,0.0.1,3407
wink-cli,0.1.0,2058
winker,0.0.15,14228
WinkerAI,0.0.05,13379
winkle,0.0.0,3535
wink_scheduler,0.0.7,15038
winlnk,0.0.4,7133
win_lotto,0.1.0,1942
winner,0.0.1,5303
winner_sports,0.1.0,2014
winnie,0.0.10,32217
winningest,0.0.1,3427
winnow,0.0.1,5929
win-path-utils,0.2.0,6054
win_print,0.1.1,2409
winprofile,0.0.3,7581
winr,1.2.0,2761
winrm,2.3.6,17603425
winrm-cli,0.0.4,13328
winrm-elevated,1.2.3,7846794
winrm-fs,1.3.5,13596550
winrm-s,0.3.6,147508
winrm-transport,1.0.4,64494
win-service,0.1.1,7722
win-service-manager,1.0,3946
winsize,2.0.0,9810
winsome_wolverine,0.0.1,3808
winston,0.0.2,14836
winstone,0.3.3,16156
winston_mongodb_rails,0.1.0,12056
winsub_cli,0.1.1,3938
winter,0.1.0,11282
winterfell,1.0.0,3627
winter_rakeutils,1.0.1,15317
winterslow,0.1.71,115817
winton-active_wrapper,0.2.0,26600
winton-acts_as_archive,0.1.3,8007
winton-acts_as_relationable,1.1,10361
winton-admin,1.0.2,5692
winton-app_helpers,1.0.2,7996
winton-attachment_fu,1.0.6,6634
winton-authentication,1.0.2,8054
winton-background_cache,0.1.1,3425
winton-captcha,1.2.1,21951
winton-cookbook,1.1.0,12603
winton-externals,1.0.2,22011
winton-fetcher,0.1.2,5721
winton-rails_widget,1.1,10307
winton-rbackup,0.1.3,10276
winton-secret_key,0.1.0,3382
winton-sum,0.1.1,5704
winton-ubistrano,1.2.7,12660
wintr,1.1.0,14190
win_user32_ruby,0.1.0,4501
win-user32-ruby,0.1.7,20259
winwindow,0.4.1,7945
wio,0.0.2,3844
wiot-agent-hd,0.1.4,8963
wiot_parser,0.1.7,5547
wiot-sdk,0.1.5,7360
wip,0.2.0,24288
wip_api,0.1.0,1957
wip-bootstrap,1.2.0,11258
wip-cli,1.4.1,6455
wipe_clean,0.1.0,1143
wipe_out,1.1.0,9669
wiper,0.0.1,2284
wipit,0.1.1,13118
wipple,0.11.1,31992
wip-runner,0.4.1,21076
wir,0.0.1,195
wirb,2.2.2,1363234
wirble,0.1.3,5908400
wire,0.1.2,10209
wire2air,0.3.5,22003
wire4_auth,1.1.4,24365
wire4_client,1.1.4,25812
WireAPI,0.5,10960
wirecard,0.0.3,7663
wirecard_checkout_page,0.1.0,27937
wirecard-elastic,0.2.2,9183
wirecard-elastic-api,0.0.1,2460
wirecard_giropay,1.0.2,12656
wirecardmapper,0.10.1,25253
wirecard-rails,0.1.4,9355
wirecard_sepa,0.1.7,45556
wirecard_subscriptions,1.3.6,2370
wire_client,0.4.1,15994
wirecss_rails,1.0.0,1951
wired,0.3.0,31559
wire-edit,0.0.0,3971
wireframe,0.1.0,4422
wireframe-acts_as_stripped,0.1.1,3372
wireframe-apn_on_rails,0.3.0.20130122094500,41171
wireframe-backgrounded,0.3.0,5657
wireframe-haml,2.1.1,5704
wireframe-jira4r,0.4.2,13731
wireframe-notify_if_invalid,0.1.0,3430
wireframe-rack-bug,0.3.1.2,10121
wireframe-rails3_acts_as_paranoid,0.0.4a,2685
wireframe-resque_unit,0.4.1.1,4091
wireframe-rpm_contrib,2.1.8.2,35458
wireframe-sass-rails,3.1.0.1,8664
wireio,0.0.1,3703
wireless,0.1.0,4964
wireless_model,0.1.1,4411
wiremock_mapper,3.0.1,82744
wirer,0.5.2,14372
wires,0.6.2,121285
wires-cluster,0.0.1,3626
wires-icalendar,0.0.0,3653
wires-inotify,0.9.0,6130
wires-ircbot,0.1.1,6088
wires-test,0.2.2,35781
wiretap,0.11,11278
wire_tap,0.0.3,10003
wire_transfer,0.0.3,9482
wireway,202101191029,12587
wiring_lmk,2.0.0,2923
wiringpi,2.32.0,34016
wiringpi2,2.0.1,8192
wiringpi-ruby,2.1.5,12087
wirispluginengine,7.17.0.1426,12974
wiscale,0.2.1,24767
wisconsin-benchmark,0.1.0,477
wise,0.1.3,11278
wisebedclientruby,0.0.50,6567
wise_gopher,0.3.2,7424
wiselinks,1.2.1,352485
wiselinks-artirix,1.3.0,4722
wiseml-ruby,0.0.3,9614
wise_omf,0.9.4,13151
wisepdf,1.4.0,161064
wiser_chat,0.1.4,11672
wiser_date,0.3.0,20072
wiserespond,1.0.1,13185
wiser_sms,0.1.2,6014
wiser_timezone,0.2.0,24636
wiser_trails,2.1.0,8970
wiser-wine,0.1.0,2289
wish,0.0.2,5228
wishbone,0.1.0,2896
wishdev-rio,0.4.3.1,3413
Wishky,2.0.1,3457
WIshMailer,0.11.25,4443
wishsimple,0.0.1,3945
wiskey,0.0.9,26493
wisp,0.1.0,4001
wisper,2.0.1,49008263
wisperable,0.2.1,5228
wisper-activejob,1.0.0,706485
wisper-activejob-broadcaster,0.3.1,52585
wisper-activerecord,1.0.0,783568
wisper-activerecord-publisher,0.2.0,72411
wisper-active_tracker,0.1.3,8860
wisper-async,0.1.0,6984
wisper-bubbleable,0.1.0,2094
wisper-celluloid,0.0.1,64856
wisper-compat,4.0.0,3078
wisper_interactor,0.1.0,2996
wisper_kafka,0.1.0,7000
wisper-minitest,0.0.3,120948
wisper-mongoid,0.1.0,4340
wisper_next,0.1.0,15443
wisper_plus,0.1.6,12001
wisper-que,0.1.0,3391
wisper-resque,0.2.0,714857
wisper-rspec,1.1.0,7374367
wisper-rspec-compat,2.1.0,1683
wisper-sequel,1.0.1,8025
wisper-sidekiq,1.3.0,2101600
wisper-sidekiq-compat,2.1.0,2721
wisper_subscription,0.2.0,5635
wisper-testing,0.1.0,42801
wisper-testing-compat,2.0.0,1376
wisper-visualize,0.0.1,3444
wispro,0.1.3,7358
wisp-schema,1.18.6,187513
wist,0.6.0,75520
wistia,0.1.0,2973
wistia-api,0.2.3,489773
wistia-uploader,1.1.0,19070
wit,7.0.1,135223
wit_ai,7.0.0,2014
witai-charyf,0.2.3,7876
wit_bot,0.5.7,47747
witch,0.0.4,7445
witchcraft,0.1.0,3439
witch_doctor,0.7.1,24651
witei_web_api,0.2.8,18325
with,0.0.5,17530
with_accounts,0.1.5,1101
with_action,1.0.0,66927
with_advisory_lock,5.1.0,14600443
with_anybar,0.2.0,5384
withardry,0.2.2,7191
with_clean_rbenv,0.1.0,10087
withclouds-api,0.0.2,5818
with_clues,1.2.0,4158
with_connection,0.4.0,81541
with_cred,0.0.3,6326
with_default_value,0.1.0,3202
with.dot,0.0.0,3373
with_else,0.0.1,2183
with_embedded_assets,0.2.0,5935
with_env,1.1.0,39899827
with_env-rb,9001.0,2389
with_events,0.1.12,2594
with_filled_field_scope,1.0.2,11528
with_filters,0.1.2,9783
with_form,0.2.1,4695
with_git_repo,0.3.0,6441
withings,0.0.1,3340
withings_api,0.1.0,2347
withings-api,0.0.3,4902
withings-sdk,0.2.1,11692
within_named_scope,0.2.2,3618
with_last,0.3.0,8686
with_lock,0.1.1,7847
with_locking,1.0.2,65177
with_lock_version,0.1.3,6964
with_model,2.1.7,3791186
with_object,0.0.1,3924
with_order,0.1.0,4049
with-or-without-www,0.0.2,6921
without,0.1.0,5305
without_accents,0.9.1,79461
without_instanciation,1.0.0,4050
without-rails,1.2.3,12500
with_pid,0.1.5,20720
with_popup,0.1.0,16193
with_probability,0.0.1,24312
with_process_lock,1.0.1,14601
with_progress,1.0.1,153767
with_public,1.0.0,1907
with_rate_limit,0.1.2,4948
with_record,0.1.0,2700
with_refinements,0.5.0,7688
with_resources,0.1.0,2221
with_retries,0.0.3,71876
with_retry,0.0.1,3503
with_reverse_lookup,0.0.1,4343
with_role,0.2.0,4932
with_statement,0.2.0,7474
with_tax,0.1.20200414,1821
with_template,0.2.0,93842
with_timed_cache,0.0.2,5949
with_transactional_lock,2.2.0,7531
with_uid,0.0.1,3376
with_uuid,0.3.0,8570
with_validations,0.5.0,4065
with-version,0.2.0,3323
wit-importer,0.1.1,3474
witness,2.1.2,13629
witness_protection,0.0.1.pre2,5038
wit_ruby,1.1.1,17956
wit-ruby,0.0.2,6257
wit-ruby2,0.0.3,3049
wits,1.2.0,20501
witsml,0.0.0,3279
witt,0.3.0,5230
wittsend_studio_game,1.0.0,3746
wittyflow,0.1.0,1927
wix,0.0.5,12460
wixanswers,0.0.5.1,5297
wix-apps,1.0.0,16747
wixgem,0.113.0,163153
wix-hive-ruby,1.0.1,16605
wi_xirr,1.0.0,2803
wixy,0.0.2,7117
wizard,0.0.1,4993
wizard2007_gem,0.1.0,2429
wizard_controller,0.1.8,14307
wizarddev-heroku,0.0.2,5416
wizardly,0.1.8.9,8023
wizardly_gt,0.1.8.9,4567
wizard_machine,0.0.0,4405
wizard_of_awes,0.0.2,7030
wizardry,0.0.3,9504
wizards-castle,0.0.5,9099
wizard_steps,0.1.4,14088
wizardwerdna-pluggable,0.3.0,12662
wizardwerdna-pokerstats,2.0.0,61021
wizardz,2.0.1,23965
wizdog,0.2.2,10144
wize_upgrader,0.0.6,15426
wiziq-ruby,0.0.5,15726
wizport,0.1.6,44308
wizrb,1.1.2,5687
wiz_rtf,0.6.9,14630
wizypay-api-client,0.3.2,23865
wj-em-rubyserial,0.0.7,4055
wjessop-rack-noie6,1.1.0,3404
wj_eventmachine,1.3.2,4376
wjimenez5271-chef-handler-mail,0.2.1,8727
wj-jquery-rails,4.2.2.1,2108
wj-mailgun-ruby,1.1.7,2118
wj-mongoid-elasticsearch,0.0.9,13295
wjordan213-csvlint,0.2.8,2928
wjordan213.csvlint,0.2.8,2981
wjordan-mixlib-install,0.8.0.fork.7,4615
wj-payuindia,0.1.1,2114
wkcheck,0.2,27627
wkhtml,0.0.1,2966
wkhtml-bin,0.0.2,3388
wkhtmltoimage-binary,0.12.5,2875684
wkhtmltoimage-x86_64,0.12.3,4156
wkhtmltoimg_binary,0.0.1,4233
wkhtmltopdf,0.1.2,434298
wkhtmltopdf_32_amd64,0.0.1,5553
wkhtmltopdf-amd64,0.0.0,5491
wkhtmltopdf-bin,0.12.13,2760
wkhtmltopdf_binary,0.12.3.2,189014
wkhtmltopdf-binary,0.12.6.6,46093634
wkhtmltopdf-binary-11,0.1.0,63865
wkhtmltopdf-binary-aml,0.12.2.1,41120
wkhtmltopdf-binary-arm64,0.12.6.8,472
wkhtmltopdf-binary-cf,0.12.3,16891
wkhtmltopdf-binary-deliv,0.12.5.3,5928
wkhtmltopdf-binary-edge,0.12.6.0,7560585
wkhtmltopdf-binary-edge-alpine,0.12.6.3,325262
wkhtmltopdf_binary_gem,9001.0,2415
wkhtmltopdf-binary-kde-neon-fork,0.12.6.7,669
wkhtmltopdf-binary-macos-stretch,0.12.5,4280
wkhtmltopdf-binary-ng,0.12.6.6,16134
wkhtmltopdf_binary_provider,0.12.0,7839
wkhtmltopdf-binpath,0.0.1,27076
wkhtmltopdf_for_rails,0.0.7,19215
wkhtmltopdf-heroku,2.12.6.0,5106241
wkhtmltopdf-heroku-edge,0.12.2.1,6475
wkhtmltopdf-hooks,0.0.2,9294
wkhtmltopdf-installer,0.12.6.3,134224
wkhtmltopdf-osx,0.1.1,7677
wkhtmltopdf_runner,0.6.0,11029
wkhtmltopdf-windows,0.0.1,2684
wkhtmltox,0.12.0,13547
wkhtmltox-bin,0.12.0,3813
wkhtmltox-binaries,0.12.3,15705
wkhtmltox-rails,0.12.4,5697
wkimeria-rack-attack,4.1.2,3326
wku-ruby-rets,2.0.7,3549
wl,0.0.6,16642
wlang,3.0.1,88856
wlapi,0.9.0,45068
wlbs,0.0.2,6859
wlc,0.1.0,996
wlc_snmp,0.1.1,3911
wliconfig,1.0.0,3234
wlog,1.2.2,24403
wloger,0.1.0,10622
wlparams,0.0.3,8748
wlsearchscraper,0.0.3,8232
wlt,0.1.0,2055
wltodb,0.0.1,3655
wlvalidate,0.3.10,25046
wlw_seeds_client,0.0.2,2094
wmainfo-rb,0.8,21516
wmap,2.8.3,52305
wmata,0.2.1,10887
wmci-viewpoint,0.1.27,4252
wmctile,0.2.0,10445
wmd-rails,0.0.7,19369
wmernagh-rubycas-server,0.7.1.1,5723
wmi-lite,1.0.7,35340125
wml_action,0.0.4,8067
wmls,1.0.2,47849
wmm,0.0.3,5506
wm_okta_helper,0.2.10,33666
wmp_sdk,0.1.1,1692
wms,0.0.4,10796
wms_getcapabilities,0.1.0.6,26165
wms_location1,0.0.6,15708
wms-widget-timespentlocation,0.0.3,8335
wms-widget-wifissid,0.0.3,8379
wnck,0.1.0,4342
wnck3,4.2.2,30185
wndrlst,0.0.5,9136
wnm_support,0.0.8,20024
wntlpdawotaiddoqaiblggazodvtwtuerncdsetygavokojzue,0.4.0,1618
wnw_permissible,1.0.0,7882
wnw_show,1.1.3,19811
wo,0.0.6,13577
woah,1.2.4,19867
woahdae-consumer,0.8.2,5682
woahdae-units,1.1.1,10352
wobaduser,1.0.0,2095
wobapphelpers,4.2.0,11246
wobauth,6.0.1,22836
wobble,1.1.0,14832
wobbly,1.0.0,4937
woccur,0.1,7012
wocker,0.3.11,26189
wocket,0.0.1,3780
wod,0.0.4,13296
wode,0.0.1,4013
wode2,0.0.1,3782
wodehaha,0.1.0,396
wodify,0.0.3,5612
woefoo,1.0.0,21918
woff,1.1.0,13681
woff2_encoder,9001.0,2244
wohnung,0.0.1,3386
wohnung_mongodb,0.0.1,3367
wojtekmach-cli,0.3.0,15892
woke,0.0.0,2116
wol,0.4.1,41329
wolas_channel,0.1.11,25339
wolas_submission,1.1.0,4210
wolcanus-simple_captcha,0.1.6,13303
wolf,0.1.0,4542
wolfe,1.3.1,11473
wolfpack,1.0.4,18748
wolfram,0.3.0,19601
wolfram_alpha,0.0.1,4549
wolfram-alpha,0.3.1,14563
wolframarnold-google-spreadsheet-ruby,0.1.4,11007
wolfram_databin,0.1.9,20361
wolftrans,0.2.1,13035
woli,0.0.1,6329
wolke,0.0.1,3609
wololo_formatter,0.2.0,14153
wolologger,0.0.1,3865
wolverine,0.3.5,668144
womanizer,0.1.1,8717
womb,0.0.2,5069
wombat,3.0.0,204709
wombat-cli,0.7.3,28998
wombleton-holidays,0.9.9,14236
wompi,0.0.1,2080
wondeclient,0.1.3,22377
wonder,0.0.4,10514
wonder_credentials,1.0.0,3593
wonderdog,0.2.0,14713
wonderfl,0.2.0,7611
wonderful_simple_forms,0.1.8,9235
wonderland,0.1.0,3299
wonder_navigation,0.1.4,11632
wonder_oracle_database,1.4.0,6540
wonder-ruby-style,0.71.0,16855
wonder_scrape,0.1.1,3141
wonder_ways,1.0.0,3226
Wondy_palindrome,0.1.0,1878
wongi-engine,0.4.4,470765
wonk,0.1.0,2508
wonkavision,0.6.0,26468
wonki,0.0.10,34046
wonko9-i_can_daemonize,0.8.0,17147
wonko_the_sane,0.1.6,11485
wontomedia,1.0.7,42302
woo,0.2.0,36386
woocommerce,0.0.3,7449
woocommerce_api,1.4.0,588003
woocommercerb,0.1.1,2034
wood,0.1.1,3370
woodchuck,0.0.1,4111
woodchuck-json-event,0.0.2,6529
woodcutter_story,1.0.0,3168
woodhouse,1.0.0,11421
woodhull-gruff,0.3.5,3371
woodlock,0.0.1,3188
woodpecker,0.1.4,19302
woods-is_paranoid,0.0.3,5672
woodstock,0.0.1,3271
woodstock1,0.0.1,3247
woodstove,1.1.0,25834
wood-stove,3.2.9000,3193
woods_view_tool,0.1.0,2098
woodwing_elvis,0.0.3.1,10264
woody,0.4.1,60353
woody-decorators,12.2.1,202289
woody.rb,0.2.10,35137
woof_util,0.0.18,28287
wooga_docopt,0.6.0.1,2374
wooga-kafka-rb,0.0.8,7106
wooga_uvm,1.0.0,5643
wooga_wooget,2.6.2,15739
wookie-translator,0.1.1,7178
wool,0.5.1,4297
woolen_common,0.0.14,24848
wo_oo_util,1.0.1,6826
woople-session,0.0.4,12743
woople-theme,0.10.0,385739
woopra_rails,1.2.1,60723
woopra_track,0.1.5,9973
woopra_tracker,1.2,23783
woops,0.0.1.alpha,2964
woopy,0.3.2,41786
wooster,0.0.4,10099
woot,0.1.0,30892
woothee,1.13.0,5274136
wopen3,0.3,109209
wor,0.0.6,8688
worats,0.0.0,3393
wor-authentication,0.2.2,8712
wor-batchifier,1.0.0,12866
word,0.2,7283
word2html,0.0.1,4618
word_2_quiz,1.1.4,9660
word2vec,0.1.1,2760
word2vec-rb,0.5.0,8297
wordai,1.0,3938
word_aligner,0.1.2,6316
word-bloom,0.1,3989
wordbot,0.1.2,12373
word_bunny,0.0.2,3615
word_censored,0.1.9,12590
wordchuck,0.0.16,5187
wordcloud,0.0.11,27470
wordcount,1.0.0,4458
word_count,0.0.1,3625
word_count_analyzer,1.0.1,78370
word_counter,0.3.0,17731
word-count-validator,1.0.0,36471
wordcram,1.0.2,10156
wordcut,0.0.5,7382
wordcuta,0.3.0,4156
wordexp,0.2.0,6597
wordfilter,0.2.6,3070
word_filter,0.1.1,27246
wordfilter_client,0.0.2,6032
wordfinder,0.0.2,6473
wordfor,0.1.0,9301
wordfreq,0.1.4,3914
word_games_test,0.0.1,398
word-games-theme,2.7.8,179120
wordgen,0.1.0,2236
word_gen,0.0.4,9834
word_generator,1.0.0,2087
wordgit,0.0.1.pre.alpha,1579
wordgrid,0.0.5,15479
word-guesser,0.1.0,4083
word_handler,0.0.1,3512
wordhash,0.0.2,3528
wordhop,0.0.4,7412
wordict,0.0.2,5303
wordify,0.1.1,7728
wordify_amyeisenmenger,0.1.1,2891
wordify_arialledye,0.1.1,2863
wordify_barela,0.2.0,3929
wordify_becz,0.2.0,3904
wordify_cef2010,1.1.0,5044
wordify_colin_anderson,0.1.1,2878
wordify_coreyrugino,0.1.1,2916
wordify_djungst,1.1.0,5057
wordify_djungst2,1.1.1,7039
wordify_hmentz,0.1.0,654
wordify_jakemsorce,0.2.0,3918
wordify_jakesorce,0.1.1,2864
wordify_jbaguley,1.1.0,5048
wordify_jimibue,0.1.1,2876
wordify_juniorb,0.1.1,2855
wordify_kait_anderson,0.1.1,2858
wordify_laddlaulusa,0.1.1,2897
wordify_larkin,0.2.0,3914
wordify_liquid,2.5.1,3675
wordify_lovelandnoah,0.1.1,2900
wordify_natashamays,0.1.1,2894
wordify_samhammer,0.1.1,2860
wordify_schard,1.1.0,5028
wordify_sorce,0.1.0,2895
wordify_spencer_christopherson,0.1.1,2891
wordify_stuckiest,1.1.0,5023
wordify_tdvs,0.2.0,3905
wordify_tslater,1.1.0,5060
wordify_wright,0.2.0,3922
wordify_wulfman97,1.1.0,5013
wordify_zimmerman,0.1.0,2324
wordini,0.1.2,12331
wordjelly-auth,1.6.0,92085
wordle,0.7.0,8491
wordle_cli,1.0.0,1210
wordle_decoder,0.1.7,7034
wordlelike,0.0.1,3472
wordless,2.2.0,43690
wordlist,1.1.1,20036
word-look-up,0.0.9,7458
wordl-solver,1.4.0,13968
wordmap,0.3.0,5888
wordMatch,0.0.0,467
wordmix,1.0.0,2039
word_mix,0.1.2,10011
wordmove,5.2.2,320501
wordmove-sshbump,0.2.2,56765
wordnet,1.2.0,41784
wordnet-defaultdb,2.0.1,24095
wordnet_japan_diagram,0.1.3,471
wordnik,4.12,149917
wordnik_ruby_helpers,0.1.9,56978
word_parsing,0.0.1,4230
wordplay,0.0.3,7988
word_play,0.0.1,3504
wordpress,0.1.7,11766
wordpress_api,0.1.26,12199
wordpress-api,0.1.1,9631
wordpress-capistrano,0.5.0,24935
wordpress-capistrano-v2,1.0.0,1641
wordpress_client,2.0.1,35244
wordpress-client,0.2.4,37451
wordpress-com,0.0.1,26478
wordpress_config_parser,0.12.0,9692
wordpress-deploy,1.0.2,25316
wordpress-exporter,0.2.0,9671
wordpress-formatting,0.1.0,2026
wordpress_import,0.0.1,2877
wordpress-json-api,0.1.3,5196
wordpress-rails-connection,0.1.0,2357
wordpress_resource,0.0.1,4032
wordpress-scaffold,0.0.1,5745
wordpress-starter,0.3,9342
wordpress_theme_finder,0.0.2,5031
wordpressto,0.1,4966
wordpress_tools,1.4.1,27494
wordpress-tools,0.0.1alpha1,2521
wordpresstrano,0.2.6,14603
wordpresstrano-ext,0.0.4,3170
wordpress_util,0.2.0,128091
wordpress_v2_api,0.0.2,11520
wordpress-wxr,0.73,20291
wordpress-xmlrpc,0.0.11,33631
wordpress-xmlrpc-api,0.0.1,3970
wordprss,0.0.0.2,3456
wordrapper,0.1.0,1813
wordref,0.0.8,13305
word_reference,0.0.1,3891
word_replacer,0.1.0,2137
words,0.4.6,44106
words2dotdat,0.1.1,925
word_salad,2.0.0,81770
word-salad,1.0.0,36684
words_and_idioms,0.2.2,7026
wordsapi,0.1.0,1864
word_scoop,2.2.1,17470
words_counted,1.0.3,321382
words-counter,0.1.0,3107
word_scramble,0.1.0,18463
words_djungst,0.1.1,2236
wordsdotdat,0.2.0,6538
wordsearch,1.0.0,3538
word_search,1.3.0,15888
word_searcher,2.1,7620
wordsearch-puzzle,1.0.0,3554
words_filter,0.0.1,3157
words-filter,0.0.1,3143
words_matrix,0.0.1,2790
wordsmith,0.0.6,9352
wordsmith-ruby-sdk,2.0.0,15318
wordsoup,0.1.6,12353
words_ruby_sdk,18.6,1954
wordstats,1.0.3,8313
word_stats,0.0.1,3859
words_to_image,0.0.3,5127
words-to-numbers,0.2.0,505
wordstream,0.1.0,4445
wordstream_client,0.0.5,13006
wordstress,0.70.0,27531
words_with_adam,0.3.0,2138
words_with_dave,1.0.0,3718
words_with_jared,0.2.0,2132
words_with_kris,0.3.0,2133
words_with_smurf,0.3.0,2134
words_with_thomas,0.1.1,3611
words-wordnet,0.4.6,5126
word-tokens,0.0.1,4258
word-to-markdown,1.1.8,147758
wordtree,0.5.0,28643
wordtriez,0.1.6,19035
word_up,0.0.4,9493
wordwiki,0.2.3,4050
wordwise,1.0.4,14564
wordword,1.0.0,1850
wordwrap,1.0.0,4579
word_wrap,1.0.0,64022178
word_wrap_gem,0.1.0,2278
wordWrapGem,0.1.0,1998
word_wrap_limiter,0.1.0,1991
wordwrapper,0.1.1,3192
word_wrapper,0.5.0,7757
word_wrapping,0.1.1,1967
word_wrap_ting,0.1.0,1815
wordy,1.1.0,10922
wordy_number,0.1.1,4227
wordy-ruby,0.3.0,21814
wordywrapper,0.1.1,3899
wordz,0.2.0,5159
word_zoo,0.1.1,1699
worf,1.0.0,2152
work,0.2.0,7583
workable,2.2.0,70292
workable_json_assertions,0.1.2,7792
workable-pact-message,0.6.3,4695
workable-pact-provider-verifier,1.24.5,7770
workado,0.1.0,2342
workaholic,0.0.1,6778
workaholic-cron,0.5,13205
workarea,3.5.27,165230
workarea-a11y,1.2.1,2400
workarea-accordions,3.0.3,4881
workarea-admin,3.5.27,112525
workarea-affirm,1.0.0,1719
workarea-afterpay,2.1.2,6688
workarea-api,4.5.6,24827
workarea-api-admin,4.5.6,16208
workarea-api-storefront,4.5.6,16205
workarea-authorize_cim,2.1.3,7893
workarea-avatax,4.2.1,3586
workarea-basic_auth,1.1.2,17757
workarea-blog,3.5.2,30244
workarea-braintree,1.1.2,19235
workarea-browse_option,2.2.0,8565
workarea-callrail,1.0.3.pre,23424
workarea-cart_sharing,1.0.4.pre,20237
workarea-checkoutdotcom,1.2.0,2121
workarea-circuit_breaker,1.0.3,1906
workarea-classic_search_autocomplete,1.0.0,17560
workarea-content_search,1.1.0,7989
workarea-core,3.5.27,113721
workarea-cyber_source,1.0.3,2318
workarea-email_signup_popup,2.0.1,2608
workarea-emarsys,2.0.1,10846
workarea-facebook_conversion_tracking,1.0.1,4823
workarea-facebook_login,2.1.0,2985
workarea-filter_dropdowns,3.0.2,2227
workarea-flow_io,1.2.1,2053
workarea-forter,1.3.2,10047
workarea-gdpr,1.1.0,14393
workarea-gift_cards,4.0.3,24838
workarea-gift_wrapping,1.3.0,3921
workarea-global_e,1.3.0,3413
workarea-google_address_autocomplete,4.1.1,2398
workarea-google_analytics,2.2.1,20646
workarea-google_customer_review,0.1.1,3031
workarea-google_product_feed,3.2.0,7722
workarea-google_tag_manager,4.3.3,20560
workarea-haven_theme,1.4.0,3438
workarea-hover_zoom,3.0.0,4592
workarea-image_decoration,1.0.0.pre,1433
workarea-inventory_notifications,2.1.5,10077
workarea-jquery_magnify,1.0.0,2423
workarea-jquery_zoom,1.0.0,2422
workarea-klarna,1.1.0,6846
workarea-kount,3.3.1,2829
workarea-legacy_orders,2.0.3,11514
workarea-listrak,5.0.4,6695
workarea-livechat,0.1.0,2009
workarea-magento_data_importer,1.0.0,1921
workarea-magento_migrator,1.0.1,3277
workarea-mail_chimp,3.1.0,20018
workarea-mapp_integration,0.1.1,2152
workarea-margin,1.0.1,3306
workarea-nvy_theme,1.2.1,8422
workarea-one_theme,1.3.1,3470
workarea-orderbot,1.0.2,4573
workarea-package_products,3.4.1,5627
workarea-payeezy,1.0.0,1758
workarea-paypal,3.0.6,23089
workarea-payware_connect,2.1.2,2003
workarea-product_additional_details,2.0.37,20281
workarea-product_badges,1.4.1,9953
workarea-product_bundles,1.0.1,2818
workarea-product_content,0.0.3.pre,7256
workarea-product_documents,1.0.1,3710
workarea-product_grid_content,1.4.0,7899
workarea-product_quickview,2.0.4,6751
workarea-product_videos,1.3.0,8525
workarea-referral_rock,1.0.20,7424
workarea-registries,1.1.0,12744
workarea-reviews,3.1.2,12755
workarea-salesforce_esp,1.0.0,2142
workarea-save_for_later,1.2.0,3912
workarea-search_autocomplete,1.0.2,7670
workarea-segment_analytics,1.0.3,3934
workarea-sezzle,1.0.6,13670
workarea-share,1.3.1,6575
workarea-shipping_estimation,1.1.3,3743
workarea-shipping_message,1.2.1,3673
workarea-ship_station,1.0.1,10828
workarea-sitemaps,2.1.8,13479
workarea-slick_slider,1.0.3,26119
workarea-storefront,3.5.27,112248
workarea-stripe,1.1.2,11941
workarea-styled_selects,1.1.2,15706
workarea-super_hero,2.3.0,17912
workarea-swatches,1.0.6,4968
workarea-testing,3.5.27,112724
workarea-theme,1.1.1,3294
workarea-trustpilot_reviews,1.1.1,24396
workarea-upgrade,3.0.4,5258
workarea-usaepay,1.2.0,28487
workarea-valken-shipping,2.0.2,2888
workarea-variant_list,1.0.3,11792
workarea-wish_lists,3.1.2,9355
workarea-worldpay_xml,1.0.1,2327
workarea-yotpo,1.0.1,3392
workarea-youtube_playlists,0.1.2,14505
workarea-zendesk,1.0.0,2187
workarea-zipco,1.0.0,1891
workarounds,0.0.1,3707
workato-connector-builder,0.0.3.pre,38069
workato-connector-sdk,1.3.10,202348
work_auth_client,0.3.0,4713
work_batcher,1.0.1,4338
workbench,0.4.1,16228
work-bench,1.0.12,51459
workbook,0.8.2,99389
workbook_rails,0.1.1,4983
workbox,0.0.1,3383
work_calculator,1.0.2,7371
work_calendar,1.0.5,14337
work_crew,0.0.1,1604
work_day,2.0.0,28526
workdays,0.1.1,53720
work_days,0.0.4,6451
worked,0.2.0,7865
worker,0.6.0,11487
worker-army,0.6.4,31846
worker-field-active_storage,0.2.0,4337
worker-field-belongs_to_search,0.8.0,4163
worker-field-nested_has_many,0.7.0,11237
worker-glass,0.2.5,87876
workerholic,0.1.2,39828
worker_killer,1.1.0.223443,32030
worker_killer-rufus_scheduler,1.1.0,1355
worker-killswitch,0.1.1,4304
worker_plugins,0.0.6,11165
worker_pool,0.0.1,3997
worker_roulette,0.1.13,51375
worker_ruby,0.5.7,3484
workers,0.6.1,1981151
worker_scoreboard,0.0.5,278588
workers_loader,0.0.5,9870
worker_tools,1.1.1,8332
workety,2.0.3,2320
workflow,3.0.0,5038958
workflow2_types,1.0.4,5341
workflowable,1.0.1,17508
workflow-activerecord,6.0.0,1345990
workflow-archiver,3.0.0,17961
workflow_automations,0.0.0,204
workflow_cli,0.0.1,3149
workflow-cli,0.0.1,3295
workflow_core,0.0.3,5487
workflower,0.2.5,776
workflow_graph_tool,0.0.0,3503
workflow-join,0.3.2,11398
workflow_kit,0.0.8,19689
workflow_manager,0.9.1,105820
workflow_on_mongoid,1.0.0.0,54103
workflow-orchestrator,1.3.1,6946
workflow-rails4,1.1.0,3588
workflow_rb,0.1.3,7430
workflow_rb-db,0.1.1,4050
workflow_rb-mongo,0.1.1,4063
workflows,0.1.1,4594
workflow-sequel,0.2.0,142282
workflow_sequel_adapter,0.0.2,8618
workflow_status,0.0.3,7853
workflow-testing,1.0.7,476
workflow-to-galaxy,0.3.5,24585
workflow_to_hash,0.1.1,3751
workforce,0.3.0,21367
work_guide,1.4.0,16954
workhorse,1.2.17,66616
workhours,0.5.0,19676
workify,0.0.1,4021
workin,0.1.0,2025
working,1.0.1,28167
working_calendar,0.1.1,2879
working_class,0.1.1,3247
working_days,0.0.2,7151
working_hours,1.4.1,1697047
working_hours_ireland,0.1.0,1893
working_man,1.2.0,33568
working-rails,0.2.0,11954
working_set,1.0.2,2999
working-time,0.3.4,4362
working_times,0.7.2,17375
work_in_progress,0.0.1,3495
workinstartups-api,0.0.6,14347
workiq,1.1.0,6623
workit,0.0.2,10116
workitcop,0.5.0,2625
workless,2.2.0,156358
workless_revived,2.3.0,19681
workling,0.4.9.9,14139
workling_delta_indexer,0.1.2,4488
work_list,0.2.2,8275
workload,0.1.1,6192
worklog,0.1.1,3321
work_log,0.0.3,7443
worklogger,2.5.7,7618
workmate,0.1.2,10054
work_md,0.3.5,23771
work-md,0.4.91,17533
workmesh,1.0.7,1872
workon,0.1.2,36865
work-on,0.1.3,18894
workon_rails,0.0.3,8470
workos,4.2.1,855505
workout,0.0.1,3315
workouts,0.1.1,5405
workparty,0.0.2,4392
workpattern,0.6.0,32578
workpile,0.0.4,7089
workplaces,0.0.2,3418
workqueue,0.1.4,28901
work_queue,2.5.4,553275
works,0.0.0,3084
works_cited,0.1.16,20536
worksection-ruby,0.0.402,7057
work_shaper,0.1.3.1,2444
workshop,0.0.1,3657
work_smarter,1.0.3,12252
workspace,2.0.2,36626
workspace-archive,2.0.2,30753
workspace-media,2.0.2,29055
workspace-net,2.0.2,25388
workspace-parse,2.0.2,29932
workspace-pdf,2.0.2,21846
workstream_protocol,0.8.0,35281
work_surfer,0.0.3,9071
work_timer,0.2.4,9560
work_together,1.0.7,34216
worktool,0.1.0,3298
worktrack,0.0.8,19379
worktree,0.3.0,5404
workup,0.1.0,2564
workxp,0.0.1,3366
world,0.0.1,4101
world_airports,1.1.3,85703
world_bank,0.9.0,8201
world_bank_fetcher,0.1.3,50725
worldcat,0.0.1,5554
worldcatapi,1.0.5,16458
worldcup,0.0.1,3556
worldcup-2014,0.1.0,3455
world_cup_cli,0.0.4,8111
worlddb,2.4.0,148145
worlddb-admin,0.1.1,9142
worlddb-compat,0.1.1,7340
worlddb-flags,0.1.0,4497
worlddb-models,2.4.1,30363
worlddb-service,0.1.0,3741
worldfactbook,0.0.4,15815
world-flags,0.6.6,193038
worldgen,0.0.4,7962
world_greet,0.1.0,2480
worldhello,0.0.1,2167
world_in_your_terminal,0.0.4,5596
worldize,0.0.1,5423
worldlite,0.0.4,10457
worldly,1.0.3,33571
worldnet_tps,0.1.0,2450
worldpac_api,1.0.0,909
worldpay,1.2.9,94347
worldpay_cnp,0.1.1,16714
worldpay_iadmin,1.0.2,10962
world_postal_codes,0.5.1,7356
world-postalcodes,1.0.3,5919
worlds,0.0.0,328
worlds-best-restaurants,0.2.0,7390
worlds-terminal,0.1.0,173
world_time,0.1.0,2423
world_time_api,0.1.5,3922
worldtimeengine,0.0.5,14942
world_time_ruby,0.0.1,271
world_top_movies,0.1.9,5455
world_traveler,0.1.1,2836
world_voyager,0.1.0,472
worldwide,0.11.0,127362
worldwise,0.0.1,3695
world_wrap,0.0.5,12434
worm,0.0.2,3696
wormhole,0.1.1,12548
wormholes,0.0.1,3795
wormholio,0.0.2.8,20932
wormly,0.1.1,7065
wormwood,0.0.7,14046
wormy,0.1.0,2147
woro,1.0.0,20342
worochi,0.0.18,38469
woro-gist,0.0.1,3190
woro-s3,0.1.0,5535
wor-paginate,0.3.0,161426
wor-prof,0.2.2,3948
wor-push-notifications-aws,0.1.2,11928
worque,0.3.0,10096
wor-requests,0.1.2,27219
worsemodel,0.2.0,10621
worte,0.0.4,10441
worth,0.0.2,5351
worthen_view_tool,0.1.0,2416
worth_saving,0.0.9,3641
worth_watching,1.0.0,22352
worthwhile,0.1.2,17259
worthwhile-models,0.1.2,8218
wortsammler,2.0.1,34716
wor-weather,0.1.0,2249
wosmvp-ipparse,0.0.1,3424
wosmvp-yac,1.1.3,35660
wot_api,1.2.2,19638
wot-api,1.1.0,8146
wot_api_ru,0.1.2,10355
wotc,0.1.10,10401
wotd,0.1.2,5900
wotusay,0.1.0,2491
wot_xbox_api,0.1.3,6917
wouter,0.0.10,14285
wouter-views,0.0.9,11538
wovnrb,3.11.1,333763
wovn-reverse_proxy,0.1.0,4687
wow,0.0.5,13860
wowapi,1.1.0,21086
wow_armory,0.0.2,9358
wow_community_api,0.2.1,33968
wowecon,0.2.5,30892
wowget,0.4.7,78524
wowheadr,0.0.6,19978
wow_i18n,1.0.0,3262
wow_i18n_rails,1.0.0,3213
wowlog,0.2.0,10348
wowr,0.4.0,27719
wow-rails,0.0.1,107720
wowza,0.0.3,3269
wowza_cloud,0.3.3,13619
wowza_rest,0.2.5,12071
wowza-secure_token,0.0.1,3052
wowzer,0.0.7,16685
wox,0.0.8,25277
woyo-server,0.0.9,22369
woyo-world,0.0.9,24893
woz,0.3.0,9193
wp,0.1.2,3717
wp2hatena,0.2.0,7215
wp2middleman,0.0.3,8026
wp2tumblr,0.1.3,13235
wp2txt,1.1.3,64072
wpa_cli_ruby,0.0.3,9134
wpa_cli_web,0.0.17,40540
wp-api,0.1.6,21898
wp-api-client,0.3.0,44771
wparser,0.1.3,20232
wpb,0.0.6,15371
wp_backup,0.1.5,15344
WPBDC,2016.1.4,49742
wpcap,0.2.6,25929
wp-capistrano,0.3.1,17103
wp-capistrano3,0.0.52,43020
wpcli,0.2.9,39389
wpconv,0.0.1,3406
wp_conversion,0.1.1,6156
wpcrawler,0.0.1,1996
wpdb,0.0.5,10884
wpdb_activerecord,1.06,12547
wpdoc,0.2.22,13404
wp-docker,0.2.1,7152
wpf2006_hello,0.0.0,1998
wp-fire,0.1.0,17124
wpgen,0.0.1,3796
wp-generate,0.2.0,4470
wp-hmac,0.2.5,19431
wpify,0.0.8,7062
wping,0.1.0,7176
wpm,0.2.0,7675
wpmake,0.0.3,9492
wp-move,0.1.0,4078
wpmu,0.0.1,4032
wpns,0.0.2,6993
wpplugin,0.2,6934
wpps,0.3.2,7588
wproot,0.0.2,7171
wp_roster,0.1.0,8406
wp_rpc,0.0.2,7211
wps,0.1.2,4201
wp_scaffold,0.1.2,8434
wpscan,3.8.25,583830
wp-sessioniser,0.2.1,2692
wp-stump,0.1.0,3379
wptemplates,0.0.3,3711
wptools,0.2.0,320
wp-uppercrust,0.0.5,7358
wp_validators,0.0.1,4533
wp_wrapper,0.0.7,11218
wpxf,2.0.1,14200
wpxml_parser,0.0.1,4742
wr0ngway-rubber,1.0.1,5698
wrack,0.0.4,8516
wraith,4.2.4,357992
wraithdb,0.0.7,25544
wrake,0.0.1,3543
wrandom,0.0.2,10251
wrangler,0.1.26,91248
wrap,1.5.2,36997
wrap_attributes,0.1.4,7501
wrap-bootstrap-rails,0.0.3,11059
wrapbox,0.10.0,51272
wrap_dog,0.1.0,1820
wrap_excel,0.1.0,20539
wrap_guard,0.0.3,2132
wrapi,0.4.5,5479
wrapify,0.1.2,3519
wrap_in_module,0.1.0,13466
wrapio,0.0.1,3166
wrapit,0.2.3,10445
wrap_it,1.0.2,25772
wrap_method,0.0.0,4087
wrapomatic,0.3.0,74674
wrapp,1.0.0,34387
wrappable,0.0.5,22410
wrappage,0.0.0,3222
wrapped,0.1.0,12954
wrapped_print,0.1.1,14481
wrapper,1.0.1,17438
wrapper_based,2.0.0,13497
wrappers,0.0.1,2340
wrappers-delight,0.1.0,1847
wrappi,0.2.7,17915
wrapping_words,0.1.0,2287
wrappity_wrap,0.1.1,3911
wrapr,0.0.1,4136
wrapsheet,0.0.4,5651
wrapsquare,0.0.0,3431
wrapt,0.1.7,28423
wraptext,0.1.7,24473
wrapture,0.5.0,23904
wrapup,0.0.2,6835
wrapword,0.1.1,3468
wrap_word,0.1.0,1999
wrap_words,0.1.0,2306
wrap_words_around_lines,0.1.0,2003
wrapybara,0.1.0,4122
wrata_api,1.1.0,161404
w_rate,0.1.3,9399
wrath,0.0.0,3764
wrb,2.0.0,2044
wr_b,1.0.1,10258
wreck,0.0.1,6608
wreckster,1.0.2,11089
wreddit,1.2.1,15980
wref,0.0.9,108327
wren,0.0.4,10882
wrench,0.0.9,19278
wrenchmode-rack,0.1.0,22688
wresque_wrapper,0.1.3,13724
wrest,4.0.1,621431
wrgem,0.0.55,113214
wri,0.1.0,4461
wrichman,0.0.3,6040
wriggle,1.3.0,13989
wriggler,1.5.0,19746
wright,0.5.0,31579
wrike3,0.4.0,13448
wristband,2.3.2,48883
wristwatch,0.0.2,7113
writ,1.0.0,4033
write,0.2.5,20145
write_a_gem,0.1.0,2269
writeas,0.3.1,6973
writecast,0.0.1,4143
writedown,0.1.0,2182
write_down,0.2.2,14509
writeexcel,1.0.9,1810714
WriteExcel,0.2.0,8066
writeexcel_on_rails,0.0.4,7511
write_freely,0.1.0,266
writefully,0.8.2,62995
write_invoice,0.1.83,4496
writeit-rails,0.0.4,10629
write_once,0.1.0,985
writer,0.4.1.1,35052
WriterFileUtils,0.1.3,2809
writers-zone,0.2.1,14445
write_sql_to_file,0.0.3,272
writetheman,0.2.4,10626
writetocsv,0.0.0,3522
write_to_csv,0.0.0,3485
writeup,1.1.0,3236
writev,1.0.2,10313
write_xlsx,1.12.1,9004726
write_xlsx_rails,0.0.3,63385
written,0.4.0,19772
wrkflo,0.1.1,11356
wrnap,1.2.2,43345
wroc_love,0.2.5,22074
wrong,0.7.1,496285
wrong_answer,0.1.0,4481
wrongdoc,1.8.1,43089
wrong_rails,0.0.1,3502
wrtranslate,0.2,4433
wruby,0.0.1,472
wr_vocab_blacklist,0.0.3,3878
wrxer,0.1.3,5365
wry_inject,0.0.2,1595
wry_ruby,0.0.1,355
ws,0.4.0,34583
ws2801,1.1.0,19971
ws2812,0.0.7,11072
wsa,0.1.0,1553
ws-aboutme,0.5.1,4432
wsargent-circuit_breaker,1.0.0,3354
wsato_gem,0.1.0,3014
wsauto,0.4,2405
ws_cee_client,0.1.8,14908
ws_chatter,0.0.1,3058
wschema,0.0.2,4010
wschenk-workstreamer_api,0.1.0,3398
wschenk-ws_api,0.0.0,3381
ws_client,0.2.0,18488
wsc_sdk,1.3.1,11196
ws-demo-gem-mal,1.0.0,2202
ws-demo-gem-non-mal,2.0.0,5165
wsdirector,0.1.1,3889
wsdirector-cli,1.0.3,17802
wsdirector-core,1.0.3,6156
ws_discovery,0.0.4,11336
wsdl-mapper,0.0.7,2064
wsdl-reader,0.0.3,9998
wsdl_validator,0.1.8,108107
wsdsl,1.0.0,75529
ws-dummy,1.5.0,17480
ws-foreigner,1.2.2,4083
wsgame,1.0.0,602
wsio,0.0.5,14397
ws-io,1.1.5,25365
wsl,0.1.6,11104
wslave,0.3.9,46110
wslian_palindrome,1.0.0,907
ws_light,0.4.2,6566
ws_lint,1.1.0,5456
wsman,0.0.3,7923
wsmyth_palindrome,0.3.0,5326
wsnaps,1.0.1,3701
ws-net_documents-use_token,2.1.0,555
wso2_toolbox,0.3.3,33206
wsoc,0.1.4,17502
wspc-rails-extensions,1.0.2,556
wspice,0.0.1,2779
ws_rails_client,0.1.1,5640
wss,0.0.1,3728
wss4r,0.5,16071
wss_agent,18.10.3,117069
wsse,0.0.2,23932
ws-style,7.4.4,345658
ws_sync_client,0.1.2,18541
wst,0.13.0,15887
w-stdlib,0.1.1,13357
wst-parser,0.3.2,15112
wstrip,1.1.0,9051
wsugg_gem,0.0.1,3892
wsui,0.0.0,393
WSWSANE,1.0.3,3165
w_syntax_tree-erb,0.11.0,3846
wt,0.1.0,2248
wta,0.1.2,3120
wt_activerecord_index_spy,0.5.0,45696
wtails,0.2.2,35765
wtapack,1.0.10,32347
WTBuildHelpers,0.3.0,17385
wtc,0.0.1,4498
WTC_,0.0.2,2120
wtch,0.0.2,7615
wt-commit,0.0.2,7565
wtex,0.1.2,10246
wtf,0.0.1,5168
wtf8-fixer,0.1.0,6626
wtf_chord,0.7.1,21347
wtfcleaner,0.1.3,6566
wtfcm,0.0.1,4084
wtf_csv,1.1.0,5141
wtf-doc,0.1.9,18203
wtf_lang,0.4.0,530911
wtf_methods,0.0.4,10710
wtforum,0.8.2,33717
wtfpl_init,0.1.0,3132
wtf_ruby,0.1.2,2080
wtf-tools,1.0.4,128194
wthr,0.0.8,22399
wti_gettext_i18n_rails,1.0.3,14239
wti_tasks,0.1.1,10955
wt-knife-backup,0.0.1,2250
wtnabe-shlauncher,0.0.4,10272
wtnabe-vbox_config_admin,0.0.2,3374
wtnabe-vbox_tools,0.1.1,3352
wt_s3_signer,1.0.2,113067
wtt-core,0.1.17,6839
wtth,1.4.1,10997
wtt-rspec,0.1.15,4887
wubit,0.0.1,3484
wubmail,1.0,7723
wubook_wired,1.0.3,9850
wuclan,0.2.1,8410
wudoc,0.0.2,4006
wuffl,1.0.1,847
wufoo,0.2.0,5528
wufoo_party,1.0.1,14297
wui,0.0.2,5980
wukong,4.0.0,481626
wukong-deploy,0.2.0,14877
wukong-hadoop,0.2.0,15316
wukong-load,0.1.1,9470
wukong-migrate,0.0.5,11199
wukong-storm,0.2.0,14789
wulffeld_authlogic,2.1.3,4441
wulffeld-capistrano,2.5.8.3,10996
wulffeld_capistrano_recipes,0.0.1,4309
wulffeld_kaminari,0.12.4.2,7564
wulffeld_slug,0.0.29,86347
wunder,0.1.5,6378
wunderbar,1.6.0,345921
wunderbread-ar-extensions,0.8.3,3404
wunderfront,0.0.6,14170
wunderground,1.2.0,273303
wunderground_api,0.1.2,4551
wunderground-api,0.2.0,4426
wunderground_forecast,0.1.0,3432
wunderground_ruby,0.3.0,10524
wunderlist-api,1.1.2,39357
wunderlist-cli,0.0.1,3801
wunderlist-rb,0.0.1,4129
wunderlist_to_github,0.1.1,2380
wunder_markdown,0.0.2,3514
wunsh-theme,0.1.11,18129
wuparty,1.4.0,161215
wupee,1.1.4,27967
wurfl,1.3.7,35116
wurfl_client,0.6.0,16925
wurfl_cloud_client,1.1.2,7485
wurfl_cloud_client_light,1.0.0,35242
wurfl_device,0.2.4,51698
wurfl-lite,1.1.5,33587
wurfl-lite-middleware,1.0.7,28047
wurfl_store,0.1.0,4435
wurlinc-rice,1.4.0.4,7155
wurly,2.1.0,21488
wurst,0.0.3,5592
wu_string_extend,0.0.1,4082
wutang,0.0.1,3750
wutbranch,0.0.4,8329
wutiger,0.0.1,7136
wvanbergen-active_olap,0.0.2,3391
wvanbergen-adyen,0.1.5,10289
wvanbergen-clieop,0.1.0,3398
wvanbergen-http_status_exceptions,0.2.0,21671
wvanbergen-request-log-analyzer,1.3.7,87916
wvanbergen-rspec_form_matcher,0.1.0,3382
wvanbergen-scoped_search,2.0.0,30866
wvanbergen-sql_tree,0.0.1,3417
ww,0.4.2,78398
ww21,0.0.6,2429
wwdc,1.1.1,12123
wwdcdownloader,20.18.1,38155
ww_finder,0.1.0,1701
wwine,0.7,28441
wwj_hello_world,0.1.3,8616
wwl-websocket-rails,0.7.3,7659
wwmd,0.2.20.3,4504
wwo,0.3.10,36079
wwood-bioruby,1.2.11,3401
wwood-rarff,0.2.5,20005
wwood-reach,0.3.0,16104
wwood-rsruby,0.5.1,3383
wwpass-ruby-sdk,0.1.1,5137
ww-postcodeapi,0.0.3,8204
wwrkgreet,0.1.0,528
WWT,0.0.3,10081
wwtd,1.4.1,554183
www,0.0.4,11098
www_app,2.3.0,28881
WWWCHtmlConverter,0.0.4,6314
www-delicious,0.4.0,15698
www-favicon,0.0.6,15878
wwwjdic,16.1.0,22311
www_redirect,0.0.1,4228
www-redirect,0.0.3,8212
wwwsec_hola,1.0.0,3232
wwwtf,0.0.1,3885
www-tvtropes,0.0.2,4166
wwwtxt,0.0.4,8781
wx,0.0.0,4891
WxAlert,0.1.0,3331
wxapi,1.0.9,951
wx_ext,0.2.5,46788
wxgtk,0.0.0,4027
wxianfeng_simple_captcha,0.5.0,14697
wxjsapi,0.1.3,3483
wxl_console,0.1.0,4661
wxl_function,1.0.3,6036
wxl_process_bar,1.1.2,6189
wxm,0.3.1,5491
wxmn-acts_as_mongo_taggable,0.0.2,7538
wx-nobbie,0.0.2,4485
wx_opendata,0.1.2,3211
wxp,0.0.8,7162
wx-pac,0.0.1,4517
wxpay,0.1.0.beta,5024
wx_pay,0.21.0,210231
wx_pay_api,0.2.1,2934
wxrcg,0.3.1,18015
wxruby,2.0.1,254313
wxruby3,0.9.8,10662
wxruby3-shapes,0.9.0.pre.beta.3,276
wxruby64,2.0.1,2806
wxruby-ruby19,2.0.1,52189
wx_runner,0.0.1,4118
wx_sugar,0.1.22,48723
WxVanaClock,1.0.3,11063
wxyz,0.0.2,6402
wycats-merb-core,0.9.9,5685
wycats-moneta,0.6.0,5817
wycats-textmate,0.9.6,10322
wycats-thor,0.11.5,28943
wycats-ufo,0.5.0,3408
wye,0.1.1,15552
wykop,0.6.1,7648
wykoponrails,0.0.4,10142
wylie,0.1.0,3513
wymeditor,0.5.0.rc2,7355
wymeditor-rails,0.0.1,4406
wymeditor-simple_form,0.0.5,12327
wyngle-ripple,0.1.0,3709
Wyns,0.1.0,3323
wyqrb,0.1.0,2264
wyqruby,0.1.0,2374
wyrm,0.4.2,33456
wysia,0.0.5,13420
wysibb,1.0.6,10329
wysihat-engine,0.1.13,51726
wysihtml5_gem,0.3.0,4129
wysihtml5n-rails,0.0.4,14623
wysihtml5_rails,0.1.03,4448
wysihtml5-rails,0.0.5,79140
wysihtml5_with_ps,0.0.1,4095
wysihtml5x-rails,0.4.17,45430
wysihtml-rails,0.5.5,1158432
wysiwyg,0.0.1,4447
wysiwyg-rails,4.2.0,2015761
wysiwyg-rails-qiniu,2.1.1,4829
wysiwyg_rails_simple_form,0.0.3,7816
wz2008,0.1.0,5810
wzcloud-nova,0.9.29,2806
wz_ddd,0.1.3,3489
wz_gem,0.1.5,9630
wzq,0.0.6,3806
