x,633715.0396842106,20,0.14.1,38579,0,https://github.com/sferik/x-ruby
x10-cm17a,1762935.6596666668,4,1.0.1,19913,0,http://x10-cm17a.rubyforge.org
x11,6806805.5345,3,0.0.1a3,9510,0,http://github.com/meh/ruby-x11
x11_client,286459.06666666665,4,0.0.4,14675,0,https://github.com/ayanko/x11_client
x11_recorder,0,1,0.0.1,4025,0,https://github.com/jesg/x11_recorder
x12,0,1,0.1.0,10686,0,http://rubyforge.org/projects/x12-parser/
X12,0.0,3,1.1.0,50084,0,http://www.appdesign.com/x12-parser-and-generator/
x12117137,0,1,1.0.0,4253,0,http://rubygems.org/gems/x12117137
X_123,41.284,2,1.3.0,7441,0,http://rubygems.org/gems
x12edi,45496.274,3,0.0.3,10208,0,http://github.com/aprexis/x12edi
x1c-studio-game,0,1,1.0.0,1472,0,http://example.com
x1-sat-support,117186.94233333335,4,0.0.5,12138,0,http://rubygems.org/gems/x1-sat-support
x2,0,1,0.0.1,4138,0,""
x25519,11716674.659692308,14,1.0.10,267134,0,https://github.com/RubyCrypto/x25519
x25519-termux,0,1,1.1.0,2837,0,https://github.com/tpcowan/x25519
x2c,0,1,0.1,5151,0,
x2ch,13997744.87075,5,0.9.4,15738,0,https://github.com/xmisao/x2ch
x2cs,0,1,1.0,4705,0,http://github.com/agmcleod/x2c
x4ss,15620489.145499999,3,0.2.0,6709,0,https://github.com/jrobertson/x4ss
x5,7495.563666666666,4,0.0.23,11505,0,""
x509,0,1,0.0.1,3216,0,
x509_sleuth,71726.605,2,0.0.4,6308,0,https://github.com/rhenning/x509_sleuth
x86dis,2843.7445,3,0.0.3,11172,0,
xa,0,1,0.1.0,1713,0,https://github.com/okuramasafumi/xa
xaases,25988.13966666667,4,0.2.1,7248,0,https://github.com/myun2/Xaases
xab3r_hello_world,96.559,2,0.1.1,6073,0,https://github.com/xab3r/hello_world
xaba,0,1,0.1.0,277,0,https://github.com/zed-0xff/xaba
xaction,4797.647,3,0.0.3,9812,0,""
xaddgroup,0,1,0.6.2,3198,0,http://rubygems.org/gems/xaddgroup
xagemu,29102.57,2,0.0.2,7968,0,http://rubygems.org/gems/xagemu
xail,127408.7535,3,0.0.3,11002,0,""
xaiml,11819026.7788,6,0.1.5,12863,0,https://docs.xaiml.docomo-dialog.com/
xamarin-automators-calabash,269012.9156875,17,0.1.8,41075,0,http://rubygems.org/gems/xamarin-automators-calabash
xamarin-test-cloud,3421690.92487037,55,2.3.0,371542,0,http://xamarin.com/test-cloud
xamarin-test-cloud-appium,0,1,1.1.1,3572,0,http://xamarin.com/test-cloud
xambassador,198628.405,4,0.0.5,10291,0,http://github.com/ratherblue/xambassador
xamplr,4725230.5896499995,21,1.9.20,68790,0,http://github.com/hutch/xamplr
xamplr-gen,6436456.41175,13,1.9.16,43516,0,http://github.com/hutch/xamplr-gen
xamplr-pp,6699454.4765,3,1.2.0,11703,0,http://github.com/hutch/xamplr-pp
xanderjakeq,3709.412,2,0.1.1,3580,0,https://github.com/xanderjakeq/xanderjakeq_jekyll_theme
x_and_os,1247840.69,3,0.0.3,7072,0,https://github.com/JAdshead/xandos
xan_markup,34166065.52716667,7,0.4.1,18605,0,https://github.com/neubloc/xan_markup
xanthus,8911367.592625,9,0.2.3,13655,0,http://camflow.org
xantora,53996.3155,3,0.2.1,4991,0,https://github.com/niwo/xantora
xaop-exception_notification,4964400.4985,3,1.0.2,11229,0,
xaop-ntlm-http,0,1,0.1.1.2,8432,0,http://www.mindflowsolutions.net
xapi,0,1,0.0.1,4368,0,""
xapian,0,1,1.2.18.2,8150,0,
xapian-core,39994222.48516667,7,1.4.6,19880,0,""
xapian_db,6280649.419707692,66,1.3.11,184368,0,""
xapian-findex,12374.045,4,0.1.3,9333,0,https://github.com/jreinert/findex
xapian-fu,22365920.950666666,16,1.7.0,56263,0,https://github.com/johnl/xapian-fu
xapian-full,6408577.2502,6,1.2.3,52877,0,
xapian-full-alaveteli,24408086.904785715,15,1.4.22.1,100101,0,https://github.com/mysociety/xapian-full/
xapian-indexer,30853689.767333332,7,1.2.20.2,19427,0,""
xapian-rack,45223503.72833333,4,1.2.20.1,12068,0,""
xapian-ruby,21633695.641058825,18,1.4.22,91931,0,https://github.com/garaio/xapian-ruby
xapit,7229891.651333334,10,0.3.0,34906,0,http://github.com/ryanb/xapit
xapix_client,5739803.362,2,1.1.0,5464,0,http://www.xapix.io
xapixctl,5453391.128625,9,1.2.4,14826,0,https://github.com/xapix-io/xapixctl
xapor,2212428.495,24,0.2.2,78919,0,http://github.com/hedtekltd/xapor
xapo_sdk,404831.0023333333,4,0.2.2,10369,0,""
xapp,961215.77125,5,0.3.0,7648,0,
xapper,0,1,0.1.0,4516,0,http://github.com/bbcsnippets/xapper
xap_ruby,131387826.448,2,0.1.1,4694,0,https://github.com/nitrogenlogic/xap_ruby/
xar,0,1,0.0.0,3604,0,https://github.com/adamtanner/xar
xargs,0,1,0.0.1,4870,0,
xarozed_name_generator,11353.671999999999,4,1.0.3,9819,0,https://github.com/alexYer/xarozed-name-generator
xarray,9852.406,2,0.0.2,7485,0,http://rubygems.org/gems/xarray
xash,1454056.005,2,0.0.3,4856,0,https://github.com/long-long-float/xash
xasin-logger,19958077.115,2,0.1.1,4007,0,https://github.com/XasWorks/XasCode/tree/master/Ruby/XasLog
xasin-telegram,8307197.702428572,8,0.3.0,12169,0,https://github.com/XasWorks/XasCode/tree/GEM_Telegram/Ruby/Telegram
xass,1186807.489,13,0.3.1,31035,0,https://github.com/pandora2000/xass
xat,10824.805,2,1.32.2,5755,0,https://github.com/ocke/xat
xat_support,0,1,1.29.3,2940,0,https://github.com/ocke/xat_support
xattr,0,1,0.1,6020,0,http://rubyforge.org/projects/xattr
xautobrowse,8600770.47275,17,0.3.6,25418,0,https://github.com/jrobertson/xautobrowse
xavier,0,1,0.1.0,25402,0,https://github.com/wilsonsilva/xavier
xavier-bouncer,0,1,0.0.1,3596,0,http://github.com/xavier/bouncer
xaviershay-db2s3,1.6656666666666666,4,0.2.5,10478,0,http://github.com/xaviershay/db2s3
xaviershay-kamel,0,1,0.1,3582,0,http://github.com/xaviershay/kamel
xaviershay-rbcoremidi,0,1,0.0.2,3633,0,http://github.com/xaviershay/rbcoremidi
xaviershay-ruby_kml,0,1,0.1,3632,0,http://github.com/schleyfox/ruby_kml
xaviershay-twitter-auth,0,1,0.1.19,3621,0,http://github.com/mbleigh/twitter-auth
xavius-controllers,12519671.935,3,0.1.3,4912,0,https://github.com/xavius-rb/xavius/tree/master/xavius-controllers
xbad,183753.77966666667,4,0.0.4,11146,0,https://github.com/jackdoe/0XBAD
xbar,630226.1993333333,4,0.4.2,13181,0,""
xbd,64466232.91,2,0.1.1,6660,0,https://github.com/Imikimi-LLC/xbd
xbean,22503.564,4,0.0.7,6466,0,https://github.com/hujewelz/bean.git
xbee,0,1,1.0.2,2562,0,https://github.com/IdleEngineers/xbee
xbee-ruby,43645.096,2,0.0.4,6566,0,https://github.com/grappendorf/xbee-ruby
xbel,2625329.8891,11,0.2.7,37968,0,http://github.com/boof/xbel
xbim_aim,2564704.63725,5,2.0.4,4569,0,https://openapi-generator.tech
xbim_comms,2564699.026,5,2.0.4,4583,0,https://openapi-generator.tech
xbim_identity,2564692.818,5,2.0.4,4599,0,https://openapi-generator.tech
xbl_gamercard,0,1,0.0.1,3730,0,https://github.com/hfwang/xbl_gamercard
xbmc,0,1,0.0.1,4822,0,http://github.com/roblingle/xbmc
xbmc-client,5397.244,3,0.1.2,11523,0,http://github.com/colszowka/xbmc-client
xbmc-jsonrpc,1862.602,2,0.2.1,7998,0,http://github.com/re5et/xbmc-jsonrpc
xbmc-remote,257188.775,3,0.0.3,7684,0,https://github.com/SeanHurley/xbmc-remote
xbmc-sql,0,1,0.0.2,3519,0,https://www.github.com/JustinAiken/xbmc-sql
xbm_ruby,0.0,2,1.0.1,8022,0,
xbox_api,0,1,0.1.0,3038,0,https://github.com/maimai77/xbox_api
xbox-api,400879.4022,6,0.2.1,14721,0,https://github.com/audibleblink/xbox-api
xbox_leaders,6894815.6558,6,3.0.0,16567,0,https://github.com/nevern02/xbox_leaders
xbox_live,15988554.465,2,0.3.4,7470,0,https://github.com/greendog99/xbox_live
xbox-live,0,1,0.0.1,4077,0,https://github.com/nicolasiensen/xbox-live
xbox_video,538.143,3,0.1.2,6881,0,https://github.com/piedoom/xbox_video
xbrlware-ce,3867419.85,6,1.1.2,21590,0,http://code.google.com/p/xbrlware/source/checkout
xbrlware-extras,14701845.737666667,4,1.1.2.19.3,12908,0,""
xbrlware-ruby19,8552.190999999999,3,1.1.2.19.2,10752,0,""
xbuild,1739998.177,2,0.2.0,11144,0,https://github.com/guidomb/xbuild
xbuilder,0,1,0.9,4240,0,http://github.com/nikitug/xbuilder
xcactivitylog,34363497.0595,5,0.2.3,7130,0,https://github.com/segiddins/xcactivitylog
xcadaptor,3435587.1622,6,0.0.6,13074,0,""
xcake,3680877.1646065577,62,0.13.0,172915,0,https://github.com/jcampbell05/xcake/
xcal,79774314.541,4,2.2.0,9460,0,https://github.com/xmisao/xcal
xcal-parktronic,9762882.238,7,1.3.0,18176,0,""
xcanafail,0,1,0.0.12,3573,0,http://rubygems.org/gems/xcanafail
xcapclient,6061663.242571428,8,1.4.1,27925,0,http://dev.sipdoc.net/projects/ruby-xcapclient/wiki/
xcapp,0,1,0.1.1,3053,0,https://github.com/maurobender/xcapp
xcarchive,42590.301999999996,3,1.0.0,7432,0,https://github.com/jaderfeijo/xcarchive
xcassets,182004696.751,2,0.2.0,3676,0,https://github.com/manicmaniac/xcassets
xcassetscop,197266.372,2,0.0.2,15244,0,https://lalacode.io
xcassets_exporter,0,1,0.1.0,3537,0,https://github.com/yoonchulkoh/xcassets_exporter
xcb,0,1,0.0.1,4744,0,http://clockworkninja.co.uk/
xcbootstrap,5925595.507666666,4,0.1.0,11258,0,https://github.com/sgleadow/xcbootstrap
XCBuildFaster,85928.961,3,0.0.3,8197,0,https://github.com/schukin/xcbuildfaster
xcbump,14158741.097,2,0.0.3,5835,0,https://github.com/greenbits/xcbump
xccleanup,3184605.0840000003,4,0.3.3,8952,0,https://github.com/toineheuvelmans/xccleanup
xcconfig,0,1,0.1.0,3319,0,https://www.github.com/jensmeder/xcconfig
xccoveralls,0,1,1.0.0,45987,0,https://github.com/ngs/xccoveralls
xccov-parse,1860162.951,3,0.2.0,5203,0,https://github.com/KazuCocoa/xccov-parse
xcellus,173962.755875,9,2.0.4,13692,0,https://github.com/victorgama/xcellus
xcezx-veoh,0,1,0.0.1,3555,0,http://github.com/xcezx/veoh/tree/master
xcfit,1940072.7220227274,45,10.2.0,86835,0,https://github.com/Shashikant86/XCFit
xcflatter,16378.422,2,1.0.1,5776,0,https://github.com/gregoryvit/flatter
xcflushd,5241875.534000001,4,1.2.0,9259,0,https://github.com/3scale/xcflushd
xcframework_converter,4033735.6589999995,15,0.7.1,34499,0,https://github.com/igor-makarov/XCFrameworkConverter
xchange,0,1,0.1.0,3189,0,https://github.com/acaporrini/xchange
xchange-passgen,0,1,1.0.1.a,1874,0,
xchannel,0,1,0.1.0,3870,0,https://github.com/rpag/xchannel
xchan.rb,7176.209,2,0.16.5,18651,0,https://github.com/0x1eef/xchan.rb#readme
xcharts_rails,44298571.404,2,0.0.3,64536,0,https://github.com/orlando/xcharts_rails
xcharts-rails,7057574.271333333,4,0.1.3,10768,0,""
xc_html_generator,62297.537000000004,9,0.0.9,24848,0,https://rubygems.org/gems/xc_html_generator
xcider,854.315,2,0.1.1,6860,0,https://github.com/cSquirrel/xcider
xcinvoke,14084981.768333333,4,0.3.0,2501599,0,https://github.com/segiddins/xcinvoke
xcjobs,2977419.5782,31,0.10.0,92766,0,http://github.com/kishikawakatsumi/xcjobs
xcjobs-crittercism-oauth2,699.687,2,0.1.1,10047,0,https://github.com/ukitaka/xcjobs-crittercism-oauth2
xcjobs-testfairy,14660616.117,2,0.0.2,10386,0,https://github.com/ukitaka/xcjobs-testfairy
xcknife,11498357.439461539,14,0.13.0,24509,0,https://github.com/square/xcknife
xclarity_client,7664811.036272728,23,0.6.9,253374,0,https://github.com/lenovo/xclarity_client
xcli,317.515,2,0.0.2,7164,0,http://rubygems.org/gems/example
xclient,0,1,0.0.2,2907,0,https://github.com/gilderlanbraz/xclient
xclinter,0,1,0.9.0,2307,0,https://github.com/num42/xclinter-ruby
xclisten,343200.2212857143,8,0.0.8,21415,0,https://github.com/mneorr/xclisten
xclocalize,659.737,2,0.0.3,5756,0,""
xcmake,4111.4490000000005,3,0.1.2,4889,0,https://github.com/k-motoyan/xcmake
xc_metrics_aggregator,580.666,2,0.2.0,5668,0,https://github.com/yahoojapan/XCMetricsAggregator
xcmonkey,416305.9863333333,10,1.3.1,4164,0,https://github.com/alteral/xcmonkey
xcmt,0,1,0.1.0,3609,0,https://github.com/dtinth/xcmt
xcmultilingual,87924.72207692309,14,0.3.1,29982,0,https://github.com/morizotter/xcmultilingual
xcmv,3572229.9798,6,1.3.1,171041,0,https://github.com/elliottwilliams/XcodeMove
xcocoapods,0,1,1.5.3,2515,0,https://github.com/CocoaPods/CocoaPods
xcode,38088946.50128571,8,0.1.6,30172,0,https://github.com/toy/xcode
xcode-archive-cache,9267920.09290909,12,0.0.13,66837,0,https://github.com/sweatco/xcode-archive-cache
xcode_assets_gen,0,1,0.1.0,2525,0,""
xcode_barber,1011.31,2,0.1.1,3524,0,https://github.com/michaeleisel/barber
xcodebuilder,2061890.025375,41,0.1.13,99647,0,http://github.com/olarivain/xcodebuilder
xcodebuild-helper,3001026.8495714287,8,1.2.5,17069,0,https://github.com/xlr8runner/xcodebuild-helper
xcodebuild_rake,0,1,2.2.5,2301,0,https://github.com/ApplauseAQI/xcodebuild-rake
xcodebuild-rb,6687978.96,3,0.3.0,99035,0,http://github.com/lukeredpath/xcodebuild-rb
xcode-build-times,213035.247,2,0.1.1,53513,0,https://github.com/PaulTaykalo/xcode-build-times-rendering
xcodebump,178721.054,4,0.0.5,10388,0,https://github.com/intermark/xcodebump
XcodeCI,0,1,0.0.1,3437,0,""
xcodeide,0.0,2,0.1.1,6893,0,http://xcodeide.rubyforge.org/
xcode-install,3755887.2906721313,62,2.8.1,13819632,0,https://github.com/neonichu/xcode-install
xcode-install-citrus,0,1,2.5.0,2504,0,https://github.com/neonichu/xcode-install
xcode-installer,1399827.1798235294,18,0.3.1,45674,0,https://github.com/phatblat/xcode-installer
xcode_log_parser,0,1,0.1.0,2585,0,https://fastlane.tools
xcode_make,3952543.208,2,0.0.2,6863,0,https://github.com/torarnv/xcode-make
XcodePages,4444849.5540000005,9,0.1.1,27953,0,https://github.com/royratcliffe/XcodePages
xcode-pristine,5766457.402,3,0.1.4,7481,0,https://github.com/sgleadow/xcode-pristine
xcodeproj,2792782.599492754,139,1.24.0,129787045,0,""
xcodeproject,6586395.718916667,13,0.3.13,43592,0,https://github.com/manifest/xcodeproject
xcode-project-renamer,0,1,0.0.1,4240,0,""
xcodeproject_swift,67.866,2,0.3.14,5272,0,https://github.com/manifest/xcodeproject
xcodeprojfiler,114696.81433333333,4,0.4.0,5248,0,https://github.com/YK-Unit/Xcodeprojfiler
xcodeproj_merge,0,1,0.1.0,2861,0,https://github.com/treehouse/xcodeproj_merge
xcodeproj_setting,0,1,1.0.0,14858,0,http://www.github.com/FutureWorkshops/XcodeProjSetting
xcodeproj-sort,12859408.721,2,1.0.2,4654,0,https://github.com/noahsark769/xcodeproj-sort
xcodeproj_utils,114072.1846,11,0.2.3,27638,0,https://github.com/taichino/xcodeproj_utils
xcoder,1723045.1522285715,36,0.1.18,125406,0,https://github.com/rayh/xcoder
xcoderake,4451848.142166667,7,0.3,23619,0,
xcode-result-bundle-processor,0,1,1.0.0,3210,0,https://github.com/americanexpress/xcode-result-bundle-processor
xcode_server,4458.444,2,0.1.1,5330,0,https://github.com/venmo/xcode_server
xcodesnippet,1628939.418,2,0.0.2,5943,0,http://mattt.me
xcodesnippets,24143.5045,3,0.2.1,10529,0,http://lukeredpath.co.uk
xcode_template_maker,86692.8715,3,0.0.3,9937,0,https://github.com/ericmeyer/xcode_template_maker
XcodeTemplates,0,1,0.1.0,3009,0,https://github.com/zhzenghui/XcodeTemplates.git
xcode_trash_remover,11159344.9368,6,2.0.3,10184,0,https://www.github.com/FrankKair/xcode-trash-remover
xcode-utils,45353.101571428575,8,1.0.6,10267,0,https://git.linecorp.com/abc/xcode-utils.git
xcode-yamlizer,28518.137333333332,4,0.0.4,12152,0,https://github.com/darvin/xcode-yamlizer
xcody,7322059.40275,9,0.4.5,17310,0,https://github.com/KazuCocoa/xcody
xcoed,4762425.375857143,8,1.0.1,13215,0,https://github.com/igor-makarov/xcoed/
xconsul,0,1,0.2.0,1998,0,https://github.com/zhchsf/xconsul
xcop,8419970.5965,19,0.7.1,172998,0,http://github.com/yegor256/xcop
xcopen,0,1,0.0.5,2583,0,http://github.com/madson/xcopen
xcov,4154176.854913044,47,1.8.1,8053052,0,https://github.com/fastlane-community/xcov
xcpdeproj_setting,0,1,1.0.0,2348,0,http://www.github.com/FutureWorkshops/XcodeProjSetting
xcperfect,63951.868,2,0.0.3,43223,0,https://github.com/mkchoi212/xcperfect
xcpfix,12662543.493,2,0.0.2,6076,0,http://rubygems.org/gems/xcpfix
xcpgigigo,0,1,0.1.1,2565,0,""
xcplayground,0,1,0.0.1,3337,0,https://github.com/sammyd/xcplayground
xcpretty,4928966.110733333,31,0.3.0,72402642,0,https://github.com/supermarin/xcpretty
xcpretty-actions-formatter,785.723,3,0.1.2,16005,0,https://github.com/sinoru/xcpretty-actions-formatter.git
xcpretty-azure-formatter,4893.819,5,0.2.1,13048,0,https://github.com/lasseporsch/xcpretty-azure-formatter
xcpretty-azure-pipelines-formatter,0,1,1.0.0,2461,0,https://github.com/jon889/xcpretty-azure-pipelines-formatter
xcpretty-bb,1948065.5846923077,14,0.1.12.bb14,236636,0,https://github.com/supermarin/xcpretty
xcpretty-buildkite-formatter,943.899,2,0.0.2,139567,0,https://github.com/BlakeMesdag/xcpretty-buildkite-formatter
xcpretty-custom-print-formatter,0,1,1.0.0,1716,0,https://github.com/frozenrainyoo/xcpretty-custom-print-formatter
xcpretty-json-formatter,36771317.833,3,0.1.1,4280771,0,https://github.com/marcelofabri/xcpretty-json-formatter
xcpretty-junit-formatter,0,1,0.1,2215,0,https://github.com/faken/xcpretty-junit-formatter
xcpretty-pmd-formatter,11070.572,4,0.0.4,7687,0,https://github.com/szigetics/xcpretty-pmd-formatter
xcpretty-profiler-formatter,0,1,0.0.1,3029,0,https://github.com/PicnicSupermarket/xcpretty-profiler-formatter
xcpretty-security-patched,3175157.658,2,0.3.2,612,0,https://github.com/hdsenevi/xcpretty-security-patched
xcpretty-teamcity-formatter,893251.388,3,0.0.4,19328,0,https://github.com/XappMedia/xcpretty-teamcity-formatter.git
xcpretty-travis-formatter,36820317.3278,6,1.0.1,67456854,0,https://github.com/kattrali/xcpretty-travis-formatter
xcpretty-travis-formatter-security-patched,62574.731,2,1.0.3,455,0,https://github.com/hdsenevi/xcpretty-travis-formatter-security-patched
xcpretty-travis-profiler-formatter,831.204,2,0.0.2,7270,0,https://github.com/dmiedema/xcpretty-travis-profiler-formatter
xcpretty-warning-counter,6816200.5495,3,1.2.0,8004,0,https://github.com/jlyonsmith/xcpretty-warning-counter
xcpretty-yandex-money-formatter,139287.552875,9,1.0.9,13602,0,https://github.com/yandex-money/xcpretty-teamcity-formatter
xcpretty-yoomoney-formatter,0,1,1.0.8,1678,0,https://github.com/yoomoney/xcpretty-teamcity-formatter
xcprofiler,8001661.3104545465,12,0.6.3,239171,0,https://github.com/giginet/xcprofiler
xcres,9515431.87642857,8,0.6.1,22072,0,https://github.com/mrackwitz/xcres
xcresult,6448401.252666667,4,0.2.1,6926494,0,https://github.com/fastlane-community/xcresult
xcresultscrapper,0,1,0.2b,233,0,https://github.com/SergeyPetrachkov/XCResultScrapper
xcrowdin,750017.0766666667,4,0.1.3,7126,0,https://github.com/yoonchulkoh/xcrowdin
xcselect,2764039.0443157894,20,0.1.11,59244,0,https://github.com/bigkm/xcselect
xcsim,8952571.002,3,1.0.2,7551,0,https://github.com/wanderwaltz/xcsim
xcskarel,172949.40717647062,18,0.16.1,37760,0,http://github.com/czechboy0/xcskarel
xcsv,78906.99475,5,0.3.2,7500,0,
xctasks,3346172.1893636365,12,0.6.0,39364,0,http://github.com/layerhq/xctasks
xctester,3514.1535,3,0.2.1,6532,0,https://github.com/Nonouf/xctester
xctest_list,7495690.800916667,13,1.2.1,3830850,0,https://github.com/lyndsey-ferguson/xctest_list
xctest-runner,131971.7864,6,1.0.3,15911,0,http://github.com/tokorom/xctest-runner
xctoken,20738550.22,2,0.1.1,51574,0,https://github.com/Shashikant86/XCToken
xctools,93329.223,2,0.0.2,6103,0,https://github.com/antlypls/xctools
xctracker,7427.325,2,0.1.1,4058,0,https://github.com/giginet/xctracker
xcube,0,1,0.0.0,3507,0,http://rubyxcube.com/
xcunique,0,1,0.0.1,3395,0,https://github.com/paulsamuels/xcunique
xcurl,13261.932818181818,12,1.0.11,3120,0,https://github.com/andrewaguiar/xcurl
XCUtils,3847717.1316666664,7,0.2.3,17398,0,https://github.com/elchbenny/XCUtils
xcv,0,1,0.0.1,1841,0,https://github.com/redding/xcv
xcvm,10715683.4395,5,1.0.2,11338,0,https://github.com/jaderfeijo/xcvm
xdan-datetimepicker-rails,2371852.2702666665,31,2.5.4,8210876,0,https://www.github.com/shekibobo/xdan-datetimepicker-rails
xda-projects-listings,782045.334,2,0.0.2,4460,0,https://github.com/RMcNeely/xda-rom-listings-gem
xdata,40929.0035,3,0.1.2,5880,0,http://waag.org
XDCC-Fetch,0.0,2,1.409,8567,0,http://xdccfetch.sourceforge.net
XDDCrawler,9167.988,2,0.0.1.1,5484,0,""
xdelivery,6896667.785647059,18,2.0.3,26612,0,https://github.com/superlanding/xdelivery-ruby
xdg,8020169.58462069,59,8.3.0,1634643,0,https://github.com/bkuhlmann/xdg
xdg_test_gem,69.558,2,0.0.2,927,0,https://github.com/rubygems/rubygems/pull/3545
xdissent-less,1.696,2,1.0.0,5647,0,http://www.lesscss.org
xdite,5482057.135461539,14,1.5.1,33051,0,https://github.com/tonytonyjan/xdite
xdo,7046767.107600001,6,0.0.4,238000,0,http://github.com/Quintus/Automations/tree/master/xdo/
x_do,11484913.868999999,3,0.1.2,10407,0,http://github.com/pwnall/x_do
x_do_bindings,2441.144,2,0.2.1,5351,0,https://github.com/NSinopoli/x_do
xdojava,51052.91414285714,8,1.0.8,21679,0,""
xdomain-rails,2309592.7770000002,5,1.0.4,17869,0,https://github.com/methyl
xdotcommer-rspec-custom-matchers,0,1,0.1.1,3405,0,http://github.com/remi/rspec-custom-matchers
xdr,21675014.002899997,11,3.0.3,2601656,0,https://github.com/astroband/ruby-xdr/tree/v3.0.3
xdrgen,24863001.759999998,3,0.1.1,6726,0,http://github.com/stellar/xdrgen
xdrp,8099443.6398,6,0.2.2,7737,0,https://github.com/jrobertson/xdrp
xdry,106118.23899999999,3,0.1.2,10175,0,http://andreyvit.github.com/xdry/
xdt,246305396.865,2,1.0.6,5643,0,http://levinalex.net/src/xdt
xduration,8937031.819666667,4,3.0.0,105816,0,http://github.com/kristianmandrup/xduration
xebec,3483721.6643333337,16,2.7.0,55028,0,http://github.com/jamesarosen/xebec
xe_client,30446475.196,7,1.1.1,84430,0,https://github.com/bloom-solutions/xe_client-ruby
xe_currency,0,1,0.0.1,2537,0,https://github.com/degica/xe_currency
x-editable-rails,8676135.082388889,19,1.5.5.1,1526915,0,http://github.com/werein/x-editable-rails
x-editable-rails-bs4,0,1,1.5.5.2,2102,0,https://github.com/werein/x-editable-rails
xednese,1045852.555,3,0.1.0,8379,0,http://github.com/hawx/xednese
xeicon-rails,922.8544999999999,5,2.3.1.4,8595,0,https://gitlab.aritte.me/ari/xeicon-rails
xelnex,1153.55,2,0.0.2,5683,0,""
xelor,291260.99875,5,0.1.5,10625,0,http://avecchio.github.io
xembly,35784871.633857146,8,0.5.0,15253,0,http://github.com/yegor256/xembly-gem
xeme,15573885.350428572,8,2.0,7565,0,https://github.com/mikosullivan/xeme
xen,0.0,3,0.1.2.1,9971,0,
xenapi,460193.41866666666,4,0.2.11,44102,0,http://github.com/geoffgarside/xenapi
xenapi-ruby,0,1,0.1.29,4612,0,http://www.locaweb.com.br
xencap,227143.15366666668,4,1.2.1,10829,0,https://github.com/plainlystated/xencap
xencoder,73520721.945,2,0.2.0,2740,0,https://github.com/xiaohui-zhangxh/xencoder
xenda-nifty-generators,0,1,0.3.2,4542,0,http://github.com/xenda/nifty-generators
xenda-typhoeus,0,1,0.2.4,4142,0,http://github.com/xenda/typhoeus
xendeploy,2147.1567307692308,27,0.20,89791,0,http://github.com/xentek/xendeploy.git
xendify,0,1,0.1.0,480,0,https://rubygems.org/gems/xendit
xendit,0,1,1.0.0,9647,0,https://github.com/xendit/xendit-ruby
xendit_api,59576523.174,3,0.3.0,9231,0,https://github.com/galliani/xendit_api
xendit-client,5965200.9893333325,7,0.5.2,2398,0,https://github.com/nasrulgunawan/xendit-client
xendit-rails,357323.119,3,0.0.3,4584,0,http://github.com/bekicot/xendit-rails
xendit-ruby,0,1,0.0.0,2288,0,https://mensfeld.pl
xenon,7754116.5385,5,0.0.5,12274,0,https://github.com/gregbeech/xenon
xenon-http,12623943.082,2,0.0.5,4968,0,https://github.com/gregbeech/xenon
xenon-routing,12623942.314,2,0.0.5,5054,0,https://github.com/gregbeech/xenon
xenos-enigma,0,1,1.0.0,2003,0,http://github.com/hkraji/xenos-enigma
xenrec,969026.226,2,0.1.3,7921,0,http://github.com/visfleet/xenrec
xen-ruby,1185380.9123333334,4,0.7.2,13213,0,http://github.com/foexle/ruby-xen
xenum,236755.9775,5,0.1.4,1234,0,
xeon,0,1,0.0.0,283,0,https://github.com/hyperscalegr/Xeon
xerb,0,1,0.1.0,1748,0,https://github.com/ofk/xerb
xero,2370128.726,7,0.0.7,24112,0,https://github.com/mattbeedle/xero
xero-api,64890855.851,3,2.0.0,4240,0,https://github.com/minimul/xero-api
xero-cli,1146538.531,3,0.0.3,5003,0,http://xenon.io
xero_exporter,0,1,1.3.0,462,0,https://github.com/krystal/xero_exporter
xero_gateway,11782054.017695652,24,2.7.0,301693,0,http://github.com/xero-gateway/xero_gateway
xero_gateway-float,432903.55987500004,9,2.1.7,25470,0,http://github.com/latentflip/xero_gateway
xero_gateway-n8vision,0,1,2.0.20,3974,0,http://github.com/tlconnor/xero_gateway
xeroizer,8590707.414846154,40,3.0.1,2200285,0,https://github.com/waynerobinson/xeroizer
xeroizer-3-pre-beta,0,1,3.0.0.pre.beta,1498,0,https://github.com/waynerobinson/xeroizer
xeroizer-float,1134026.950411765,18,2.15.5.2,47994,0,http://github.com/waynerobinson/xeroizer
xero-min,0,1,0.0.9,4225,0,https://github.com/thierryhenrio/xero-min
xero-ruby,1960216.848358209,68,5.0.0,1309054,0,https://developer.xero.com
xes,32135069.628,3,0.1.3,9605,0,https://github.com/jrobertson/xes
xettercap,0,1,1.5.7xerob,1710,0,
xezat,23380996.633249998,13,0.3.1,21086,0,https://github.com/fd00/xezat
xf,2518029.3772,6,0.1.2,10355,0,https://www.github.com/baweaver/xf/xf
xfabricator,303583.55525,5,1.1.0,8731,0,https://github.com/nicholascross/xfabricator
xfcc_parser_ruby,22671.558875,9,0.1.2,2822,0,https://github.com/Frederick888/xfcc_parser_ruby/
xfel-timew-jira,18460565.160666667,4,0.1.3,3278,0,https://github.com/fernando-jascovich/xfel-timew-jira
xferase,4727967.416,6,0.1.4,5050,0,https://github.com/rlue/xferase
xfers,2504002.191,3,1.2.0,20736,0,http://docs.xfers.io
xfetch,0,1,0.1.0,1927,0,https://github.com/Kache/xfetch
xf-generators,672.942,2,0.0.2,7151,0,""
xfiles,671.544,3,1.6.2,8708,0,http://github.com/r2dr/xfiles
x_files,445199.184,2,1.1.0,5066,0,""
xfiredb,147763.484,2,1.1.0,5077,0,http://git.bietje.net/xfiredb/xfiredb
xfn_stone,3440838.913,7,0.0.8,23047,0,http://github.com/donpdonp/xfn_stone
xforge,0.0,18,0.4.0,51122,0,http://xforge.rubyforge.org
xforms,1368914.9443333333,4,0.0.4,13426,0,https://bitbucket.org/instedd/ruby-xforms
xforum,566107.6072857144,29,0.0.391,69275,0,https://github.com/bobbdelsol/xforum
xfrtuc,17090792.700083334,13,0.0.13,63205,0,https://github.com/heroku/xfrtuc
xftdim,0,1,0.0.1,4359,0,http://github.com/shurizzle/ruby-xftdim
xftp,602695.365,10,0.5.0,21939,0,https://github.com/vyorkin/xftp
xftp-rails,1242287.37275,5,0.5.0,11758,0,https://github.com/vyorkin/xftp-rails
xfyun-spark,112724.80033333333,4,0.1.3,973,0,https://github.com/chaucerling/xfyun-spark/blob/main/CHANGELOG.md
xgamerx-cap-recipes,1.812,14,0.1.4,33244,0,http://caprecipes.rubyforge.org
xgb,6776786.659947368,20,0.8.0,123470,0,https://github.com/ankane/xgboost-ruby
xgboost,6851716.906,3,0.2.1,5533,0,https://github.com/paironair/xgboost-ruby
xgem,11025.579,2,0.0.2,6872,0,https://github.com/charliesome/xgem
xget,12904437.5024,6,2.1.5,12240,0,https://github.com/takeiteasy/xget
xgt-ruby,274466.732,4,0.1.4,7278,0,https://github.com/gather-com/xgt-ruby
xh5-tweetstream,0,1,1.1.0,4430,0,http://github.com/erichurst/tweetstream
xh5-twitter-stream,0,1,0.1.0,4483,0,http://github.com/erichurst/twitter-stream
xhash_client,2893939.3726250003,9,0.3.8,15441,0,https://rubygems.org/gems/xhash-ruby
xheditor,0,1,0.1.0,4149,0,http://github.com/zires/xheditor
XHg4NFx4QzdceDE4cFx4QzRceEM5XHhGRVx4MDBceEVDXHg5Q1x4RUZceEI5XHhDMGlceEFFfkNOXGVcdlx4OTNceEE5XHhDNw,0,1,0.1.0,4222,0,https://github.com/ISS-Leimen/XHg4NFx4QzdceDE4cFx4QzRceEM5XHhGRVx4MDBceEVDXHg5Q1x4RUZceEI5-nXHhDMGlceEFFfkNOXGVcdlx4OTNceEE5XHhDNw
xHire-activerecord-tableless,0,1,0.1.1,3363,0,
xHire-validates_as_email,0,1,0.6.0,3411,0,http://github.com/xHire/validates_as_email
xhive,530367.5937619047,22,1.6.7,54241,0,http://github.com/frozeek/xhive
xhochy-rainpress,0,1,1.1.0,3372,0,http://rainpress.xhochy.com/
xhochy-scrobbler,0,1,0.2.14,3360,0,http://scrobbler.rubyforge.org
xhochy-scrobbler-notify,0,1,0.0.1,3371,0,http://github.com/xhochy/scrobbler-notify
xhp,0,1,0.1.0,2700,0,https://github.com/xmisao/xhp
xhr,0,1,0.2.0,5486,0,http://github.com/
xhr_flash,13364474.454,3,0.0.3,8973,0,http://github.com/ungue/xhr_flash
xhtml,862678.263,2,0.0.4,5525,0,http://rubygems.org/gems/xhtml
xhtmldiff,0,1,1.0.0,8953,0,http://theinternetco.net/projects/ruby/xhtmldiff
xhtml_report_generator,7714994.664217392,24,4.0.3,47966,0,https://github.com/lumean/xhtml-report-generator
xhttp,0,1,0.1.0,1992,0,https://github.com/codebrk/xhttp
xhummingbird,6549090.784000001,7,0.1.6,11179,0,https://github.com/xmisao/xhummingbird/xhummignbird_ruby/
xhyve,0,1,0.1.0,2372,0,https://github.com/attilagyorffy/xhyve-ruby
xhyve-ruby,519614.99840000004,6,0.0.6,14721,0,http://rubygems.org/gems/ruby-xhyve
xi,563.888,2,99.99,7440,0,http://github.com/pmq20/xi
xiacc,0,1,0.1,4239,0,
xiami,909056.02275,5,0.1.0,12262,0,https://github.com/forresty/xiami
xiami_cloner,0,1,0.0.1,3629,0,http://github.com/isundaylee/xiami_cloner
xiami_radio,4948841.291,9,1.1.11,14081,0,https://github.com/IvanChou/xiami_radio
xiami_sauce,43886558.1805,3,0.0.3,8417,0,https://github.com/ranmocy/xiami_sauce
xianghorse_view_tool,0,1,0.1.0,2351,0,https://github.com/bsoung/rails-company-page
xian-test-jasmine,31673.195666666667,4,0.1.3,14380,0,http://github.com/ragaskar/jasmine-ruby
xiaodao_mega_lotto,17551231.264,3,1.0.0,5434,0,http://robot.liuxiaodap.top
xiaohuangji,26487434.497000005,4,0.0.5,10805,0,https://github.com/zhhailon/my-xiaohuangji
xiaomi,0,1,0.1.0,3251,0,http://icyleaf.com
xiaomipush,1089.9575,3,1.1.2,5850,0,https://github.com/guoyoujin/xiaomipush
xiaomi-push,15378901.2458,6,0.3.0,13835,0,http://github.com/icyleaf/xiaomi-push
xiaonei,0.0,3,0.0.4,9715,0,http://xiaonei.rubyforge.org
xiaosheng91_palindrome,1503.513,3,0.2.1,5624,0,https://github.com/xiaosheng91/xiaosheng91_palindrome
xiaoXbao,2915.7075,3,9.5.6,9489,0,http://rubygems.org/gems/hola
xibdiff,0,1,0.1.0,4146,0,https://github.com/igorsales/xibdiff
xibe,0,1,0.0.1,4472,0,http://codesheep.com/xibe/
xib_image_validator,22324.857,2,0.1.1,5171,0,https://github.com/igor-makarov/xib-image-validator
xibtoti,2121.067,2,0.0.2,7280,0,http://github.com/KONDENSATOR/xibtoti
xid,1095192.6154999998,3,0.0.3,15589,0,https://github.com/adzap/xid
xidle,739.5775,3,0.0.3,10074,0,http://github.com/katatsumuri/xidle
xify,5659228.929125001,9,0.6.0,14272,0,
xify-rocket_chat,32375743.53366667,4,0.3.0,7037,0,
xig_installer,857058.716,2,0.0.2,7810,0,http://github.com/wtnabe/xig_installer
xignature,0,1,0.1.8,3076,0,http://github.com/xn/xignature
xignite,1836.132,2,0.1.2,7157,0,http://github.com/heythisisnate/xignite
xignite_synchrony,0,1,0.1.0,3726,0,http://github.com/coddeys/xignite_synchrony
xik,0,1,0.0.1,2646,0,
xiki,531198.7561111111,10,0.6.5,42064,0,http://xiki.org
xi-lang,7234754.2516363645,12,0.2.5,21321,0,https://github.com/xi-livecode/xi
xilence,190727.1265,3,2.0.5,12192,0,http://inem.github.com/xilence.html
xilight,161630.50085714288,8,0.1.9,10667,0,https://github.com/wouterken/xilight
xilinx-provision,0,1,1.0.0,4289,0,http://github.com/csail/xilinx-provision
xilo,0,1,0.0.1,4032,0,http://xilo.rubyforge.org
xim,0,1,0.0.1,3998,0,https://github.com/kbarber/xim
ximate,14032689.294384615,14,0.3.2,39026,0,https://github.com/pioz/ximate
xi-midi,14049646.5102,6,0.2.0,11065,0,https://github.com/xi-livecode/xi-midi
ximobi,1552322.0259999998,3,0.0.3,8348,0,""
xinchao,1716.207,2,0.0.2,3744,0,http://rubygems.org/gems/xinchao
xin_copyright,0,1,0.1.0,1946,0,https://github.com/sindyxin/xin_copyright
xing,1661.525,3,0.0.6,10069,0,http://github.com/elrosa/xing
xing_api,14703730.654857142,8,0.7.1,44383,0,https://github.com/xing/xing_api
xing_api_client,8303904.366666666,4,0.0.4,14757,0,https://github.com/ependichter/xing_api_client
xing-backend,1326062.8304,16,0.0.25,33874,0,http://github.com/xing-backend
xing-backend-specdoc,2075399.0725,3,0.0.2,6665,0,http://nyarly.github.com/xing-backend-specdoc
xing_backend_token_auth,18157167.883,2,0.1.32,6076,0,http://github.com/RDesign/xing_backend_token_auth
xing-cap_gun,8262198.560666666,4,0.3.2,11583,0,""
xing-dev-assets,1782393.301,2,0.0.1,4875,0,http://nyarly.github.com/xing-dev-assets
xinge-for-ruby,1984514.1909999999,3,0.1.15,7292,0,https://github.com/DanielReYin/ruby-for-xinge
xing-framework,468396.07952380955,22,0.3.2,42885,0,""
xing-gearman-ruby,1.83625,5,1.3.1,12525,0,http://github.com/xing/gearman-ruby
xing-root,896448.1584545453,12,0.0.9,24338,0,""
xing-vpim,0,1,0.658.1,3363,0,http://vpim.rubyforge.org
xinput_wrapper,5643213.256235294,18,0.8.1,26505,0,https://github.com/jrobertson/xinput_wrapper
xinput_wrapperplus,12660911.136125,9,0.5.0,13717,0,https://github.com/jrobertson/xinput_wrapperplus
xinuc-indofaker,159153580.746,2,0.0.4,6788,0,http://github.com/xinuc/indofaker
xinuc-sermont,2.0176666666666665,4,0.3.1,10270,0,http://github.com/xinuc/sermont
xio,0,1,1.0.0,3472,0,https://github.com/OTOYInc/xio-rb
xip,4905496.71,2,0.0.1,3243,0,http://github.com/themoonbase/xip
xipai,413083.62275,5,0.0.1,6227,0,https://github.com/magicdrive/xipai
xip-alexa,0,1,1.0.0.pre2,1637,0,
xi_parser,0,1,0.0.1,1787,0,https://github.com/krdprog/xi_parser
xip-facebook,0,1,0.22.0,1578,0,https://github.com/xipkit/xip-facebook
xipio,74263679.53400001,3,1.0.2,70453,0,https://github.com/fphilipe/xipio
xip-luis,4344380.521,2,1.2.2,3660,0,http://github.com/xipkit/xip-luis
xip-twilio,1447566.278,4,1.3.6,6968,0,https://github.com/xipkit/xip-twilio
xirr,14369170.534380952,22,0.7.0,182289,0,https://github.com/tubedude/xirr
xirr_newton_calculator,1726971.4417142856,8,0.0.8,21408,0,https://github.com/jpcolomer/xirr-newton-calculator
xisbn,0.0,3,0.0.4,10645,0,http://www.textualize.com/xisbn
xi-superdirt,567795.627,3,0.2.2,6184,0,https://github.com/xi-livecode/xi-superdirt
xita_mean,0,1,0.1.0,407,0,https://github.com/xitarps
xively_api_client,2849707.097,2,0.1.0,5707,0,""
xively-cli,0,1,0.0.9,3701,0,https://github.com/levent/xively-cli
xively-rb,1760873.86,2,0.2.10,7836,0,http://github.com/xively/xively-rb
xively-rb-connector,468654.5833333333,4,0.1.4,10637,0,https://github.com/jwtd/xively-rb-connector
xiv_lodestone,4634917.624500001,5,0.0.7,12284,0,https://github.com/benjiro/XIV-lodestone
xi_wechat_corp,259959.0650909091,12,1.2.6,26858,0,https://github.com/3pjgames/xi_wechat_corp
xj,0,1,0.0.1,3704,0,https://github.com/haggen/xj-ruby
xjson,141099.731,2,0.1,3419,0,
xkbcommon,23032704.86,2,0.1.1,5055,0,https://github.com/christopheraue/ruby-xkbcommon
xkcd,18709717.115727272,12,1.1.1,38446,0,https://github.com/hemanth/xkcd-gem
xkcd936,40592445.969,2,0.0.2,5727,0,https://github.com/weakish/xkcd936
xkcd_api,0,1,0.0.1,2686,0,https://github.com/schultzy51/xkcd_api
xkcd_calendar_facts,0,1,0.1.0,2077,0,https://rubygems.org/gems/xkcd_calendar_facts
xkcd_downloader,0,1,0.1.0,3430,0,http://rubygems.org/gems/xkcd_downloader
xkcd-gem,0,1,0.0.0,3585,0,http://github.com/ryanpah/xkcd-gem
xkcd_guru,0,1,0.0.1,3595,0,https://github.com/ChrisSherlin/xkcd_guru
xkcd_sfw_generator,1984458.091,2,0.1.0,8476,0,https://github.com/bigohstudios/xkcd_sfw_generator
xkeyrap,53588.83591666666,25,0.0.27,34544,0,https://github.com/teddy-ma/xkeyrap
xkeys,4363622.698833333,7,2.2.0,68335,0,http://rubygems.org/gems/xkeys
xkimo,169406.014,3,0.0.7,9360,0,http://www.railsview.com
xkoon,209225.158,3,1.0.2,5504,0,http://redmine.eresse.net/projects/xkoon/repository
xkpassword,36117480.5135,5,0.3.3,145247,0,https://github.com/jdeen/xkpassword
xlearn,5457704.4991999995,6,0.1.5,9675,0,https://github.com/ankane/xlearn
xlf_importer,57802.80066666667,4,0.2.2,10049,0,https://github.com/diasks2/xlf_importer
xlgrep,19379.00766666667,4,0.0.4,10917,0,https://github.com/groovenauts/xlgrep
xlib,10305888.279666668,4,1.2.0,10328,0,https://github.com/christopheraue/ruby-xlib
xlib-objects,4539294.2118,16,0.7.6,34535,0,https://github.com/christopheraue/ruby-xlib-objects
xlib_ruby,0,1,0.1,4194,0,https://github.com/rkh/xlib_ruby
xlib-xinput2,0,1,1.0.0,3292,0,https://github.com/christopheraue/ruby-xlib-xinput2
xli-dtr,1.9669999999999999,4,1.1.0,10302,0,http://github.com/xli/dtr/tree/master
xliff,13237.555,2,1.0.3,2290,0,https://github.com/automattic/xliff
xliffer,6207061.79225,5,1.0.3,221808,0,http://github.com/fotanus/xliff
xliffle,17820934.192166667,13,0.3.3,31424,0,https://github.com/sr189/xliffle
xli-growling_test,0,1,0.0.1,3395,0,http://github.com/xli/growling_test/tree/master
xli-hickey,1.842,2,0.0.2,5666,0,https://github.com/xli/hickey/tree
xli-mm,0,1,0.0.3,3342,0,http://github.com/xli/mm/tree/master
xlint,3282871.964,4,0.0.6,10662,0,https://github.com/mobile-qa/xlint
XLiveServices,31487002.709,3,0.1.0,7916,0,https://github.com/davispuh/XLiveServices
xlmydsykwnrfbnvjffqcokoorkbskzzhrtgnzxkapmjtffjfkwcvwklmsrzwfiatwigrvmftpbybbeqi,0,1,0.1.0,3130,0,https://github.com/pjump/xlmydsykwnrfbnvjffqcokoorkbskzzhrtgnzxkapmjtffjfkwcvwklmsrzwfiatwigrvmftpbybbeqi.git
xlo,831953.7823636364,12,0.0.4,25024,0,https://github.com/Alpha34587/xlo
xloc,501658.58420000004,6,0.2.4,13125,0,http://www.formbound.com
xlocalize,6768387.643941176,18,0.7.2,30045,0,https://github.com/viktorasl/xlocalize
xlog,11498878.82825,9,0.1.8,25203,0,https://github.com/coaxsoft/xlog
xlogin,1297603.1301456955,152,0.16.10,243076,0,https://github.com/haccht/xlogin
xlogin-apiclient,8618696.568125,9,0.2.6,12186,0,https://github.com/haccht/xlogin-apiclient.
xls,4026.9224999999997,3,0.1.2,9652,0,http://github.com/benbjohnson/xls
xls2csv,0,1,0.2.0,13562,0,https://github.com/kbaba1001/xls2csv
xls2json,0,1,0.0.1,46132,0,""
xls2odat,4973.143,2,1.1.7,7555,0,http://scm.ywesee.com/?p=xls2odat/.git;a=summary
xls_exporter,50734224.5545,3,1.2.0.1,9353,0,https://github.com/uchiru/xls-exporter
xls-file,0,1,0.1.0,243,0,https://github.com/rajnish-jarvis/xls-file
xls_function,6552478.3834999995,7,0.1.6,8271,0,https://github.com/moneyforward/xls_function
xls_html_cleaner,10146.718,2,0.0.2,9447,0,http://github.com/wtnabe/xls_html_cleaner
xls_porter,1388162.386117647,18,1.2.3,47276,0,https://github.com/mr5080att/xls_porter
xls_reporter,0,1,0.0.1,3468,0,https://github.com/facano
xls_sestavy,1523367.5308181818,12,0.3.4,29744,0,https://github.com/doooby/xls_sestavy
xls-split,0,1,0.2,3654,0,http://github.com/ldodds/xls-split
xlstocsv,221730340.407,2,0.0.2,3916,0,https://github.com/viafintech/xlstocsv
xls_to_csv-paperclip-processor,6691082.142750001,9,0.4.5,26272,0,http://github.com/igor-alexandrov/xls_to_csv-paperclip-processor
xls_to_rdf,0,1,0.0.0.1,2448,0,https://github.com/widu/xls_to_rdf
xlsx,30008347.877,3,0.3,13943,0,http://github.com/bwbuchanan/xlsx
xlsx2latex,6573.273,2,0.1.0.rc2,5633,0,https://github.com/knut2/xlsx2latex
xlsx2mysql,27218.343,3,0.3.0,1095,0,https://github.com/coalooball/xlsx2mysql
xlsx2xls,1888.9293333333335,4,1.0.3,6884,0,https://github.com/NguyenThaiHoc/xlsx2xls
xlsx_drone,11674126.2132,6,0.5.0,6648,0,https://github.com/damian-m-g/xlsx_drone_rb
xlsx-DSL,145733.87440000003,6,0.3.0,1915,0,https://github.com/coalooball/xlsx-DSL
xlsx_importer,0,1,0.0.1,3794,0,""
xlsx_to_html,0,1,0.1.0,1881,0,https://github.com/oleksiivykhor/xlsx_to_html
xlsx_to_k8s_network_policy,0,1,0.1.0,2016,0,http://github.com/aisrael/xlsx_to_k8s_network_policy
xlsxtream,7041615.929375,17,2.4.0,6616943,0,https://github.com/felixbuenemann/xlsxtream
xlsxtream_rails,1198619.949125,9,0.8.0,6868,0,https://github.com/ruby-gems/xlsxtream_rails
xlsxwriter,15589565.946714284,15,0.2.2,67052,0,https://github.com/gekola/xlsxwriter-rb
xlsx_writer,7024176.199999999,14,0.4.4,263651,0,https://github.com/seamusabshere/xlsx_writer
xlymian-cijoe,0,1,0.2.1,4463,0,http://github.com/defunkt/cijoe
xlymian-redis-store,0,1,0.3.8,4434,0,http://github.com/xlymian/redis-store
xm,19244.93,4,0.0.5,11410,0,https://gist.github.com/tobeportable/5321932
xmandrill,0,1,0.0.2,3674,0,https://github.com/fredxinfan/xmandrill
xmas,0,1,0.1.0,1638,0,https://github.com/NARKOZ/xmas
xmastree,1870.943,2,0.0.2,6371,0,""
xmas-tree,0,1,1.0.0,1573,0,https://github.com/NARKOZ/xmas
xmatch,330509.014,8,0.3.0,29967,0,http://github.com/pmoran/xmatch
xmfun,772661.3291666666,7,0.0.8,16983,0,https://github.com/ipmsteven/xmfun
xmigra,9823155.67847059,18,1.7.4,37092,0,https://github.com/rtweeks/xmigra
xmimerge,0,1,0.0.1,3610,0,https://github.com/marvinsiq/xmimerge
xmimodel,7666896.032,2,0.2.0,6214,0,""
xmindoc,0,1,0.0.7,4060,0,""
xmk,0,1,0.1.2,1063,0,https://www.tohya.net
xml2csv,15116355.513,2,0.0.2,6176,0,https://github.com/ohnishiakira/xml2csv
xml2go,1081902.1926666668,4,0.0.4,10362,0,""
xml2hash,0,1,0.1.0,6967,0,https://github.com/inossidabile/xml2hash
xml2js,0,1,0.1.1,1865,0,https://gitlab.com/Neener54/xml2js-ruby
xml2json,20321973.511,3,0.4.5,30990,0,https://github.com/monksoftware/xml2json
xml2json-rb,813123.5273333333,13,0.3.1,3409,0,https://github.com/uvlad7/xml2json-rb
xmlable,9729910.375,2,0.0.1,4080,0,https://github.com/zoer/xmlable
xml_active,6544544.6345,5,0.0.6,16690,0,https://github.com/michael-harrison/xml_active
xmlblog-acts_as_versioned,119395376.821,2,0.6.5,6691,0,http://github.com/xmlblog/acts_as_versioned/
xmlbuilder,23395879.1974,6,0.4.2,9446,0,""
xmlcanonicalizer,19079303.605666667,4,0.1.2,852718,0,http://github.com/andrewferk/xmlcanonicalizer
XMLCanonicalizer,0.0,2,1.0.1,731447,0,http://www.rubyforge.org/projects/xmlcanonicalizer
xmlcellent,0,1,0.1.0,4139,0,http://github.com/zachpendleton/xmlcellent
xmlcodec,11797051.98,12,0.3.2,37815,0,https://github.com/pedrocr/xmlcodec
xml_col_finder,947679.3835000001,7,0.3.0,6676,0,https://github.com/jrobertson/xml_col_finder
xml_contacts_extractor,1593.531,5,0.0.5,13203,0,https://github.com/ypendharkar/XML-Contacts-Extractor
xmlconv,11739584.120705882,18,1.1.7,37726,0,https://github.com/zdavatz/xmlconv
xmlconv2,0,1,2.0.0,4350,0,http://scm.ywesee.com/?p=xmlconv2/.git;a=summary
xml_convert,48877.568,2,0.1.0,12997,0,https://github.com/socialceramics/xml_convert
xml_data_builder,0,1,1.0.0,4247,0,http://github.com/odo/xml_data_builder
xml_data_extractor,10896147.657166667,7,0.7.0,20937,0,https://github.com/monde-sistemas/xml_data_extractor
xmldsig,10250296.41024138,30,0.7.0,6864682,0,https://github.com/benoist/xmldsig
xmldsig-fiscalizer,8322.885,2,0.2.5,7577,0,https://github.com/infinum/xmldsig
xmldsign,9670291.8152,6,0.2.0,16560,0,""
xml_dsl,167362.5575,3,0.5.1,7677,0,https://github.com/vladson/xml_dsl
xml-dsl,345216.673,5,0.0.5,9173,0,https://github.com/raviqqe/xml-dsl.rb
XmlEasy,0.0,2,0.0.2,7874,0,
xmlelements,0.0,2,0.1.2,7772,0,
xmlenc,9717099.767884616,27,0.8.0,7491627,0,https://github.com/digidentity/xmlenc
xml_errors_parser,12758.228,2,0.0.2,18377,0,https://github.com/victormartins/xml_errors_parser
xml_escape,25893.181,2,0.0.2,6572,0,""
xml_file_renamer,1452671.1209999998,8,0.0.9,19857,0,https://github.com/sealocal/xml_file_renamer
xml_fixtures,150677.37475,5,0.1.1,17173,0,http://www.github.com/qualitysmith/xml_fixtures
xml-focus,0,1,0.0.1,3700,0,https://github.com/gioele/xml-focus
xml-fu,5381733.377,10,0.2.0,655542,0,""
xmlhash,28405785.146583334,13,1.3.9,96915,0,https://github.com/coolo/xmlhash
xmlhasher,22524760.89607692,14,1.0.7,271026,0,https://github.com/cloocher/xmlhasher
xmlhasher_with_attributes,26816.047,2,1.0.1,3318,0,https://github.com/pblayo/xmlhasher
xml_hate,14515980.899,9,2.1.1,27247,0,http://www.github.com/darrencauthon/xml_hate
xml_in_kdl,0,1,0.1.0,792,0,https://github.com/danini-the-panini/xml-in-kdl-rb
xmlish,0,1,0.0.1,3607,0,https://github.com/joelplane/xmlish
xmlize,0,1,0.1.1,4496,0,http://rubyforge.com/projects/xmlize
xml_jats_resolver,17780159.0642,6,0.3.2,11862,0,https://github.com/growkudos/xml_jats_resolver
xml_jats_resolver2,0,1,0.3.2,1969,0,https://github.com/growkudos/xml_jats_resolver
xml-kit,6942513.3938,21,0.6.0,188036,0,https://github.com/xlgmokha/xml-kit
xml-magic,0.0,2,0.1.1,30137,0,http://rubyforge.org/projects/xml-magic/
xmlmap,0,1,0.1,2414,0,http://rubygems.org/gems/xmlmap
xmlmapper,15056700.699416667,13,0.8.1,7092242,0,https://github.com/digidentity/xmlmapper
xml_mapper,1721954.155923077,14,0.5.8,44656,0,http://github.com/dynport/xml_mapper
xml-mapping,67822004.351,5,0.10.1,2413857,0,https://github.com/multi-io/xml-mapping
xml-mapping_extensions,3430741.504904762,22,0.4.9,72679,0,http://github.com/xml-mapping_extensions
xml_matchers,926.3483333333334,4,0.2.2,6560,0,""
xml_mini,0,1,0.1.0,4231,0,https://github.com/Pouleijn/xml_mini
xml-mixup,11806799.062133335,16,0.2.0,22126,0,https://github.com/doriantaylor/rb-xml-mixup
xml-motor,1913854.8361538462,14,0.1.6,44541,0,http://github.com/abhishekkr/rubygem_xml_motor
xmlmunger,0,1,0.0.6,3480,0,https://github.com/robertzk/xmlmunger
xml_node_stream,44339831.219,2,1.0.2,7449,0,""
xmlobject,0.0,2,0.2,7905,0,http://grtm.rubyforge.org
xml-object,35245527.5185,7,1.0.0,1979870,0,http://github.com/jordi/xml-object
xmlparsable,79470.7237,11,1.5.4,32134,0,https://github.com/kputnam/xmlparsable
xmlparser,83767248.383,2,0.7.2.1,383207,0,http://www.yoshidam.net/Ruby.html
xml_parser,307642.909,7,0.3.3,15619,0,https://github.com/koyupi/xml_parser
xml_patch,700302.345,2,0.2.0,3756,0,https://github.com/iainbeeston/xml_patch
xmlpipe2_indexer,50298.031,2,0.0.2,6871,0,http://github.com/bratke/xmlpipe2_indexer
xmlpretty,0,1,0.1.0,4151,0,http://github.com/smtlaissezfaire/xmlpretty
xml-purifier,19716477.29375,5,0.1.4,15956,0,https://github.com/jrobertson/xml-purifier
xml-registry,10513246.161394738,39,0.9.0,91879,0,https://github.com/jrobertson/xml-registry
xmlregistry_objects,15800473.930133333,16,0.8.0,33354,0,https://github.com/jrobertson/xmlregistry_objects
xml_resource,23473621.239,10,3.1.1,25365,0,http://github.com/mtgrosser/xml_resource
xmlresume2x,0.0,2,0.2.1,7880,0,
XMLROCS,0,1,0.0.1,4497,0,http://yomi.at/
xml_row_finder,146982.286,5,0.3.2,5047,0,https://github.com/jrobertson/xml_row_finder
xmlrpc,32521474.448142856,8,0.3.3,17544444,0,https://github.com/ruby/xmlrpc
xmlrpc_controller,2470.359,6,0.0.7,15134,0,https://github.com/nambrot/xmlrpc_controller
xmlrpc-endpoint,1833.1846666666668,4,0.2.1,14645,0,http://github.com/wkoffel/xmlrpc-endpoint
xmlrpc-rack,0,1,0.0.1,3636,0,""
xmlrpc-rack_server,100357366.262,2,0.0.2,16224,0,https://github.com/ebababi/xmlrpc-rack_server
xmlrpcs,0.0,3,0.1.3,12988,0,""
xmlrpc-scgi,0,1,0.0.1,2967,0,""
xmlrpc-streaming,0,1,0.1.0,6383,0,https://github.com/washu/xmlrpc-streaming
xml_sanitizer,0,1,0.1.0,1702,0,https://github.com/amrrbakry/xml_sanitizer
xml-sax-machines,1925245.954,4,0.4.2,13862,0,http://github.com/shanna/xml-sax-machines
xmlscan,277458.5155,5,0.3.0,15055,0,https://github.com/GerryG/xmlscan
xml_schema,7834556.255857143,8,0.2.0,24196,0,https://github.com/cordawyn/xml_schema
xml_schema_mapper,3912573.387,9,0.0.12,24818,0,""
xml_scrubber,56341.036,2,1.0.0,5718,0,https://github.com/imacchiato/xml_scrubber
xmlsec,12256875.730833335,7,0.0.7,25313,0,https://github.com/friendlyfashion/xmlsec
xmlsec-ruby,2378776.933125,9,0.0.7,30524,0,http://github.com/wonnage/xmlsec-ruby
xmlsec-shim,1979.436,2,1.2.18.2,7149,0,http://github.com/paracycle/xmlsec-shim
xml_security,93816.908,2,0.0.3,6740,0,http://github.com/phinze/xml_security
xml_serialization,19086.714,2,0.1.2,7114,0,http://github.com/alpinegizmo/xml_serialization
xmlservice,6479501.221,3,1.3.3,7527,0,https://bitbucket.org/litmis/ruby-itoolkit
xmlsig,8772121.657,3,0.0.3,10272,0,http://github.com/terriblelabs/xmlsig
xml_signature,0,1,0.1,4575,0,https://github.com/kjellm/xml_signature
xml-simple,21244327.180888887,19,1.1.9,134412481,0,https://github.com/maik/xml-simple
xml-sitemap,7112311.878666666,16,1.3.3,361105,0,http://github.com/sosedoff/xml-sitemap
xml-smart,7701997.432255814,44,0.5.2,99192,0,https://github.com/etm/xml-smart/
xmlsoccer,29708828.01,2,0.1.0,7245,0,""
xml_soccer,8060830.427500001,7,0.0.6,16679,0,https://github.com/nosenseworrying/xmlsoccer
xml_spec,279.468,2,0.1.0,7222,0,https://github.com/boost/xml_spec
xml-spec,510.301,2,0.3.0,6301,0,https://github.com/midas/xml_spec
xml_split,63143.363,2,0.0.2,10348,0,https://github.com/seamusabshere/xml_split
xmlss,11073276.521733334,16,1.0.1,46770,0,http://github.com/redding/xmlss
xmlstats,5754167.556777778,10,1.7.0,25759,0,http://github.com/alexmchale/xmlstats-ruby
xmlstreamin,0,1,0.0.1,5040,0,
xml_stream_parser,0,1,0.3.0,4630,0,http://github.com/mccraigmccraig/xml_stream_parser
xmlstruct,0,1,1.0.0,4517,0,
xml_to_form,12748060.782333331,4,0.0.4,7639,0,https://github.com/nitanshu/xmlToForm
xml-to-haml,14231379.503142858,8,0.1.7,26081,0,https://github.com/jrobertson/xml-to-haml
xml-to-hash,65957.93366666666,4,1.0.3,64693,0,https://github.com/digitalheir/ruby-xml-to-hash
xml_to_json,4977817.8445,3,0.0.2,10941,0,http://github.com/mtodd/xml_to_json
xml-to-json,24814.285,3,1.0.2,59720,0,https://github.com/digitalheir/ruby-xml-to-json
xmltools,0,1,0.1.0,2518,0,http://github.com/madis
xml_to_sliml,35835992.2905,3,0.1.2,5791,0,https://github.com/jrobertson/xml_to_sliml
xml_to_xsl,202924723.031,2,0.2.0,5596,0,https://github.com/jrobertson/xml_to_xsl
xml_tree_viewer,4293460.404,3,0.1.2,4719,0,https://github.com/a6b8/xml-tree-viewer-for-ruby
xmltv,0.0,7,0.8.7,24212,0,http://rubyforge.org/projects/xmltv
xmltv2html,0.0,8,0.8.0,27614,0,http://xmltv2html.rubyforge.org
xml_uglifier,0,1,0.0.2,3583,0,https://github.com/anhnk/xml_uglifier
xmlutils,240.888,2,0.0.3,5888,0,https://github.com/jmcaffee/xmlutils
xmlvalidate,0,1,0.1.0,4471,0,http://github.com/dbrady/xmlvalidate/
xml-write-stream,3806723.456,2,1.1.0,15240,0,http://github.com/camertron
xmms2_utils,643.702,3,0.1.2,6915,0,http://github.com/mwatts15/xmms2_utils
xmodem,130822.003,2,0.1.1,5563,0,https://github.com/exsilium/xmodem
xmonitor,458705.6356666667,4,0.1.3,6621,0,https://github.com/xmisao/xmonitor
xmorph,1363641.2659,11,0.1.16,139321,0,https://github.com/amagimedia/xmorph
xmp,6567355.8815,3,0.2.0,23981,0,https://github.com/amberbit/xmp
xmp2assert,487205.13675,13,14,23444,0,https://github.com/shyouhei/xmp2assert
xmpfixed,0,1,0.2.3,3927,0,https://github.com/eknoop/xmp
xmp_fixed,0,1,0.2.4,4033,0,https://github.com/eknoop/xmp
xmp-fixed_prefix,2456.175,2,0.2.2,6847,0,https://github.com/eknoop/xmp
xmpleton,5180.055,2,0.1.2,7386,0,http://github.com/centresource/xmpleton
xmpp,0,1,0.0.1.alpha1,2885,0,https://github.com/jimmycuadra/xmpp
xmpp4em,43544373.685,2,0.2.3,7500,0,http://github.com/mccoder/xmpp4em
xmpp4log,0,1,0.0.2,4535,0,http://rubyforge.org/projects/xmpp4log
xmpp4r,23977953.94533333,7,0.5.6,3535195,0,http://github.com/xmpp4r/xmpp4r
xmpp4r_facebook,1235.706,2,0.1.1,245833,0,https://github.com/kissrobber/xmpp4r_facebook
xmpp4r-hipchat,32121848.852500003,5,0.1.0,16769,0,https://github.com/bartoszkopinski/xmpp4r-hipchat
xmpp4r-observable,1452825.149,2,0.5.4,7878,0,http://www.nardol.org/
xmpp4r-robot,1327552.8690000002,6,0.3.0,18565,0,https://github.com/godfat/xmpp4r-robot
xmpp4r-simple,0.0,6,0.8.8,91229,0,http://xmpp4r-simple.rubyforge.org/
xmpp4r-simple-19,0,1,1.0.0,9945,0,https://github.com/treeder/xmpp4r-simple
xmpp-agent,18376903.267733335,16,0.3.3,42631,0,https://github.com/jrobertson/xmpp-agent
xmppbot,0.0,3,0.0.3,11005,0,
xmpp_gateway,15805773.316,3,0.0.3.1,10562,0,http://github.com/theozaurus/xmpp_gateway
xmppify,60319.02435714286,29,0.0.62,72277,0,https://github.com/charlieanna/xmppify
xmpp-logger,8557175.33,2,0.1.0,6125,0,http://github.com/WooLionet/xmpp-logger
xmpp_server,0,1,0.0.1,3870,0,""
xmpp_simple,0,1,0.1.0,2675,0,https://github.com/pushwerk/xmpp_simple
xmpr,112055112.125,3,0.2.1,19883,0,https://github.com/sj26/xmpr/tree/v0.2.1
xmpush,462959.35275,9,0.1,20764,0,https://github.com/Ruby-Study/xmpush
xmrto,2987976.5439999998,5,0.4.4,9253,0,""
xm_test_gme,0,1,0.1.0,978,0,https://gitlab.com/songhuangcn/range_list
xmt_froala,0,1,0.3.1,2050,0,""
xmu,0,1,0.1.0,3405,0,https://github.com/arybin-cn/xmu
xmvc,157762.55333333332,13,0.1.12,43974,0,http://github.com/christocracy/extjs-core
xmysql2psql,781.701,2,0.2.1,6124,0,http://github.com/kmizu/xmysql2psql
xn,0,1,0.0.1,3399,0,https://xnlogic.com
xnano,0,1,0.1.0,2102,0,https://github.com/yamboy1/xnano
xnd,7668992.264,5,0.2.0dev8,7289,0,
xn_devise_ldap_authenticatable,0,1,0.8.5,3468,0,https://github.com/LightMesh/devise_ldap_authenticatable
xn_gem_release_tasks,0,1,0.1.32,7385,0,https://xnlogic.com
xnlogic,290645.7056595745,48,1.0.48,105684,0,https://xnlogic.com
xnlogic-transit-ruby,0,1,0.8.572,3014,0,http://github.com/cognitect/transit-ruby
xnm-telegram,1623398.278,3,0.4.2,5127,0,https://github.com/XasWorks/XasCode/tree/GEM_Telegram/Ruby/Telegram
xn-octokit,0,1,0.6.1,4190,0,http://wynnnetherland.com/projects/octokit/
xnode-keystone,219603.923,3,1.0.1,8271,0,https://github.com/xnoder/xnode-keystone
xn.rb,0,1,0.0.2,3467,0,http://www.xnlogic.com/
xn--uh8h,0,1,0.1.0,924,0,https://github.com/partytray/xn--uh8h
xo,2150448.609,3,1.1.0,8429,0,https://github.com/dwayne/xo
xoauth,15047606.517166667,7,0.2.8,15835,0,""
xod_client,0,1,1.0.0,1945,0,https://www.teamsatchel.com
xo_emoji,0,1,0.0.2,17924,0,https://github.com/zekitow/xo_emoji
xoggl,27213272.974000003,3,1.4.0,6018,0,https://github.com/xpeppers/xoggl
xolphin-api,101988397.0915,3,1.9.0,3161,0,https://xolphin.nl/
xolti,7580528.159666666,4,0.2.0,7622,0,https://github.com/RemiEven/xolti
xommelier,6264897.69338889,37,0.1.35,99221,0,https://github.com/alsemyonov/xommelier
Xomponent,0,1,0.1.0,1935,0,https://github.com/myun2/Xomponent
xon,257824.729,3,0.1.2,3994,0,
xooa-sdk,994993.671,2,1.0.2,3364,0,https://github.com/Xooa/xooa-ruby-sdk
xooie,1670810.6792,21,1.0.8,51622,0,http://github.com/Comcast/Xooie
xoopit-cloudquery,1.982,4,0.1.5,10243,0,http://github.com/nbio/cloudquery
xoopit-cloud_query,1.7175,3,0.2.1,7955,0,http://github.com/nbio/cloudquery
xopen,7922446.988666666,4,0.0.4,9398,0,http://github.com/madson/xopen
xoptparse,1495635.4773333333,7,0.6.2,9315,0,https://github.com/ofk/xoptparse
xor,0,1,0.1.0,411,0,https://github.com/creadone/xor
xorcist,31810161.016000003,8,1.1.3,770882,0,https://github.com/fny/xorcist
xoroshiro,7024.361,2,0.2.1,766,0,https://bitbucket.org/paul_j_sanchez/xoroshiro_ruby_gem
xosd,47425302.216,4,1.1.1,4523,0,https://github.com/ynagorny/xosd
xot,10367166.524052633,39,0.2,47298,0,https://github.com/xord/xot
xotelia-ruby,0,1,0.1.1,2663,0,https://github.com/tehPlayer/xotelia-ruby
xoxo,17544020.62475,5,1.2.1,16807,0,http://github.com/rubyworks/xoxo
xoxzo-cloudruby,6424858.108999999,9,0.5.1,18115,0,https://github.com/xoxzo/xoxzo-cloudruby
xp,1787576.2709999997,6,2.0.2,14504,0,http://github.com/JikkuJose/xp
xp5k,12028108.254722223,19,0.0.21,42514,0,https://github.com/pmorillon/xp5k
x-pack,0,1,0.0.1,3559,0,http://www.elastic.co
xpage,565926.5338125001,17,0.6.2,28518,0,http://github.com/assert200/xpage
xpain,0,1,0.0.1,4173,0,
xpanse_2go,9508293.3695,3,0.1.3,5259,0,https://rubygems.org/gems/xpanse_2go
xparams,38198294.669,3,0.1.2,9458,0,https://github.com/jrobertson/xparams
xpath,21477749.625833333,13,3.2.0,211623887,0,https://github.com/teamcapybara/xpath
xpather,22923803.758583333,13,0.1.3,37793,0,https://github.com/abedra/xpather
xpath-simplify,1236269.646857143,15,0.1.6,32685,0,https://github.com/MacroMackie/xpath-simplify
xpath-specs,4492775.7705,3,0.1.0,8289,0,https://github.com/philou/xpath-specs
xpay,185472.171,2,0.0.6,7674,0,http://github.com/vpacher/xpay
xpcomcore-rubygem,118387.36284615385,14,0.6.4,47983,0,http://github.com/gabrielg/xpcomcore-rubygem
xpdf,0,1,3.04,4050,0,https://github.com/josh/ruby-xpdf
xpect,0,1,0.1.0,2059,0,
xpensify-sdk,1247172.441,3,0.0.3,4032,0,https://github.com/Xpensify/ruby-sdk
xpflow,162045.606,2,0.1c,6135,0,http://xpflow.gforge.inria.fr/
xpgrep,7860746.226,2,0.2.0,7558,0,http://bitbucket.org/krbullock/xpgrep
xphase,0,1,0.0.2,2393,0,https://github.com/CoreKit/xphase
xplane,0,1,0.0.1,3598,0,""
xplanner,595909.86,14,0.1.4,38704,0,http://github.com/whoojemaflip/xplanner
xplenty-api,55396864.075666666,4,0.1.2,10886,0,http://github.com/xplenty/xplenty.rb
xplenty-jruby_sandbox,5498538.234600001,6,0.2.9,12416,0,http://github.com/xplenty/jruby-sandbox
xplenty-kensa,31607.560999999998,3,1.4.7,8730,0,http://www.xplenty.com
xploit,149246.095,4,0.1.3,6806,0,https://github.com/owlinux1000/xploitlib
xplore,0,1,0.0.1.alpha,1402,0,
xplosion,0,1,0.1.0,8743,0,http://getquipu.com
xploy,79499.981,2,0.1.1.beta,6990,0,""
xpm,4337057.0578,6,0.0.6,15180,0,https://capi5k.github.io/capi5k
xpool,1393462.1605,9,0.11.0,25009,0,""
xport,11396896.134666666,4,0.3.1,44176,0,
xporter,24265987.742,2,0.2.0,3835,0,https://github.com/madebylotus/xporter
xporter_on_demand,6593151.375888889,10,0.2.4,22943,0,https://github.com/meritec/xporter_on_demand
xpose,383194.85175000003,5,0.1.6,7898,0,https://github.com/yoones/xpose
xpost,4340211.580888889,10,0.1.23,15309,0,http://rubygems.org/gems/xpost
xpring,5206045.181,5,0.2.1,7311,0,https://github.com/ledhed2222/xpring-ruby
xprint,2417353.033181818,12,0.9.52,15905,0,https://github.com/JCabr/xprint.rb
xproc,2543.449,2,0.1.1,5600,0,https://github.com/jnicklas/xproc
XProperties,275647.9255,7,2.0.11,6584,0,https://github.com/DuelitDev/XProperties-Ruby
xproto,0,1,1.4,3782,0,http://infraruby.com/
xproxy,493396.463,2,0.1.0,6744,0,https://github.com/ajjahn/xproxy
xp_ruby_client,153.679,2,0.1.2,3632,0,http://github.com/WeTransfer/xp_ruby_client
xpub,6340697.8915,7,0.0.8,15721,0,https://github.com/Amakata/xpub
xqcoretools,1010014.2769090909,23,0.2.4,59449,0,http://github.com/markslwong/XQ.Core.Tools
xqruby,0,1,1.0.0,3893,0,
xqsr3,5750517.11844186,44,0.39.2,63196,0,http://github.com/synesissoftware/xqsr3
xqsr3-xml,3423818.654,2,0.1.1,3204,0,http://github.com/synesissoftware/xqsr3-xml
xquery,5597882.562,8,0.2.1,19812,0,https://github.com/JelF/xquery
xqueue_ruby,0,1,0.0.1,3171,0,http://github.com/saasbook/x_queue
xrails,1493291.49775,5,0.3.1,16194,0,http://github.com/AlessioRocco/xRails
xrandr,7569402.289666667,4,0.0.5,10026,0,https://github.com/F-3r/xrandr.rb
xrandrb,2044.324,2,0.0.2,7762,0,
xrate,25728.08,2,0.1.3,3383,0,https://github.com/samward/xrate
xray,0,1,1.1,277562,0,http://xray.rubyforge.com
x_ray,469098.8564444444,10,0.0.10,25111,0,https://github.com/tiffling/x_ray
XRay,1.5,3,1.0.3,13797,0,http://xray.rubyforge.com
x-ray-machine,47851.10825,5,1.0.4,12560,0,https://github.com/MadRabbit/x-ray-machine
xray_method_tracer,49550.283142857144,8,0.2.3,1261,0,https://github.com/Taishikun0721/xray_method_tracer
xray-rails,7130498.157923077,27,0.3.2,1815663,0,https://github.com/brentd/xray-rails
xrb,406773554.587,2,0.2.0,4271,0,https://github.com/ioquatix/xrb.git
xrbp,1953062.702722222,19,0.2.8,31032,0,https://github.com/DevNullProd/XRBP
xrc,2565335.2407142855,15,0.1.8,40975,0,https://github.com/r7kamura/xrc
xrd,0,1,0.1.0,4411,0,http://xrd.rubyforge.org/
xre,9024.321666666667,13,0.5.2,1292,0,https://github.com/vagab/xre
xre2,863552.3585,3,0.4.0,430,0,https://github.com/vagab/xre2
x-real-ip,7992380.8586,6,0.2.1,26945,0,https://github.com/55ideas/x-real-ip
xrechnung,30221836.181999996,4,0.2.0,8696,0,https://github.com/digineo/xrechnung
xrefresh-server,187491.2,6,0.3.0,22655,0,http://github.com/darwin/xrefresh-server
xregexp-rails,139394582.782,3,2.0.0.1,10256,0,http://xregexp.com/
xregistry,0,1,1.6.0,2577,0,http://chiselapp.com/user/varro/repository/Xregistry
xrel,0,1,0.1.0,1994,0,https://github.com/Flipez/ruby-xrel
xremap,0,1,0.1.0,2025,0,https://github.com/xremap/xremap-ruby
xremotebot,2909.0914999999995,3,0.1.2,7407,0,https://github.com/fernandolopez/xremotebot-clients
xres2tlx,2196.746,2,0.1.1,1782,0,https://github.com/pinecat/xres2tlx
x_road,7174291.949666667,4,0.2.1,12206,0,https://github.com/jannosiilbek/x_road
xrono,632738.1805,5,1.0.4,14830,0,http://www.xrono.org
xronor,1787576.2333333334,4,0.2.0,29531,0,https://github.com/dtan4/xronor
xross-the-xoul,0,1,0.7.0,1506,0,https://cooltrainer.org
xrp,0,1,0.0.1,1601,0,https://rubygems.org/gems/xrp
xrpc,657961.238076923,14,0.1.7.2,4476,0,https://github.com/ShreyanJain9/xrpc
xrpn,807762.0847027027,38,1.9.5,12296,0,https://github.com/isene/XRPN
xrt,312406.17274999997,9,0.0.9,15875,0,https://github.com/hitode909/xrt
x_runtime,80488.75,14,1.0.2,39982,0,http://github.com/charlescui/x_runtime
xrvg,0.1111111111111111,10,0.0.82,34176,0,http://julienleonard.github.io/XRVG
xs,0,1,0.0.1,4609,0,http://github.com/#{github_username}/#{project_name}
xsay,3233401.3504,6,0.1.5,9345,0,http://www.mokhan.ca/
xs_capistrano_recipes,0,1,0.0.1,3569,0,https://github.com/xronos-i-am/xs_capistrano_recipes
xscreen_usb_unlocker,316312.261,3,0.91.0,9621,0,https://github.com/erniebrodeur/xscreen_usb_unlocker
xsd,1369329.786173913,24,2.7.10,4472,0,https://github.com/ekzo-dev/ruby-xsd
xsd_explorer,0,1,0.0.1,3388,0,https://github.com/driv3r/xsd_explorer
xsdk-scaffold-rails,4320859.399785714,15,0.1.13,19883,0,https://ermes-x.com
xsd_model,23062692.9235,3,0.7.0,5322,0,https://github.com/Masa331/xsd_model
xsd-populator,8343485.0085,3,0.2.1,14612,0,https://github.com/markkorput/xsd-populator
xsd-reader,3563246.00725,5,0.4.0,18999,0,https://github.com/markkorput/xsd-reader
xsettings-ruby,49076495.422,3,0.0.3,8994,0,http://github.com/geoffyoungs/xsettings-ruby
x-signature,41326.725,2,0.1.1,5176,0,https://github.com/MyceliumGear/x-signature
xsl2csv,0,1,0.1,1960,0,https://github.com/devpolish/xsltocsv
xsltgem,0,1,0.0.1,4158,0,""
xslt-morpheus,0,1,0.1,4201,0,http://github.com/DavidMikeSimon/morpheus
xsort,8673353.546933332,16,1.4.3,36540,0,""
XSpear,750175.9491153846,27,1.4.1,72766,0,https://github.com/hahwul/XSpear
xspec,627387.4483333334,4,0.2.0,11814,0,http://github.com/xaviershay/xspec
xspf,0.0,4,0.4.1.1,15141,0,http://xspf.rubyforge.org
xspf2m3u,6813506.158666667,4,0.0.5,12920,0,https://github.com/evrone/xspf2m3u
xspf2spotify,0,1,0.1.0,2898,0,https://github.com/joffotron/xspf2spotify
xspond-delayed_job,0,1,1.8.5,4491,0,http://github.com/xspond/delayed_job
xspond-xapian-ruby,1.976,3,0.1.2,7981,0,http://github.com/xspond/xapian-ruby
xspree,955815.657,3,0.2.0,10198,0,http://github.com/AlessioRocco/xSpree
xsr,3183199.0656666667,7,1.5.0,16405,0,http://github.com/matiasow/xsr
xsrb,0,1,0.0.1,1858,0,https://github.com/joelnb/xsrb
xss,80826.35084615384,14,0.1.3,25179,0,""
xssh,1606161.647,2,0.1.1,2875,0,https://github.com/Gen-Arch/xssh
xssh-aws,1300187.0435,3,0.1.2,4099,0,https://github.com/Gen-Arch/xssh-aws
xss_shield,6266.252,2,2.0.0,7913,0,http://github.com/jamestyj/xss_shield
xss_terminate,13198162.122333333,4,0.22,204787,0,http://github.com/st-granat/xss_terminate
xstatic,0,1,0.1.0,1336,0,https://ecentryx.com/gems/xstatic
xstorename,0,1,0.1.0,1867,0,http://github.com/igneous/ruby-xstorename
xstream,1864573.959,2,0.1.0,3717,0,https://github.com/miscreant/xstream/
xstreamly,705332.556,14,0.7.1,41571,0,http://x-stream.ly/clients/ruby/lib/xstreamly.rb
xstring,57455.4525,3,0.0.7,9917,0,https://github.com/harryhorn/xstring
xsv,3095355.2642307696,40,1.3.0,591558,0,https://github.com/martijn/xsv
xsys,1497663.7357333333,121,0.47.0,240255,0,https://github.com/unformattmh/xsys
xtabbedwindow,18294.90875,5,0.1.4,7518,0,https://github.com/jrobertson/xtabbedwindow
xtc-ops,336.91,2,0.0.2,5788,0,http://xamarin.com
xtctimer,218.732,2,0.0.2,5348,0,http://www.xamarin.com/test-cloud
xtdo,2920498.2725,3,0.2.2,10752,0,http://github.com/xaviershay/xtdo
xteam_schedule,5616340.197,7,0.2.1,21235,0,""
xtendr,0,1,0.1.0,4433,0,http://github.com/ljsc/xtendr
x_tensions,0,1,0.0.1,3790,0,http://rubygems.org/gems/x_tensions
xtf-ruby,697.4385,3,1.0.3,2929,0,https://github.com/jamieorc/xtf-ruby
xthread,768922.475,2,0.1.4.001,7745,0,http://github.com/keiju/xthread
xthreads,14678038.69,8,0.1.7,21772,0,https://github.com/jrobertson/xthreads
xtify,604783.42,2,0.0.2,8008,0,http://github.com/moxiespaces/xtify
xtj,289048.2143333333,4,0.1.3,7150,0,https://github.com/grzegorz-jakubiak/xtj
x_to_json,0,1,0.0.1,4434,0,http://github.com/intridea/x_to_json
xtool,0,1,1.0.0,2524,0,http://172.17.2.44:9527/welcome/index
xtop,0,1,0.0.2,3688,0,""
xtotxt,274790.54214285716,8,0.8,24804,0,http://www.topprospect.com
xtrace,0,1,1.0.1,4110,0,https://github.com/osterman/xtrace
xtractor,5933942.59,3,0.1.1,5432,0,https://github.com/Kamalpaneru/Xtractor-Gem
xtract-sdk,0,1,0.0.3,503,0,https://github.com/xtractapp/ruby-sdk
xtreme-calculator-sdk,0,1,1.0.0,428,0,https://coolmathgames.com
xtrn,15448716.037250001,5,0.1.6,24465,0,https://github.com/medmol/xtrn
xttc,6654567.4995,3,0.2.0,11198,0,http://github.com/jnewland
xuite_blog_to_hugo_gem,0,1,0.0.1,2072,0,https://github.com/yhunglee/xuiteMTtoHugoMarkdown
xultestrunner,368753.67325,5,0.5.0,17827,0,http://github.com/gabrielg/xultestrunner
xumlidot,37135256.75,2,0.2.0,3014,0,http://github.com/os6sense/xumlidot
xunch,1684099.8541666667,13,0.0.12,32073,0,http://www.ximalaya.com
xunitnet,0,1,1.6.0,7309,0,http://xunit.codeplex.com/SourceControl/list/changesets
xunit_viewer,0,1,0.0.1,140856,0,http://github.com/ianfixes/xunit_viewer_gem
xunlei,1783038.5017272728,12,0.0.13,36294,0,""
xupa_emec,205942.3215,5,1.0.5,16954,0,http://github.com/bernardo/xupa_emec
xurrency,0.0,2,002,8493,0,http://rubyforge.org/projects/xurrency/
X_validator,0,1,0.0.2,3615,0,https://github.com/wskongdesheng/rails_validation
xvert,10291.5675,9,0.4.0,2617,0,https://github.com/koki-develop/xvert
xvfb,0,1,1.0.4,651666,0,https://github.com/mits87/Xvfb
xvideos_helper,18193288.828250002,5,0.0.5,12861,0,https://github.com/YuheiNakasaka/xvideos_helper
xvp,0,1,0.1.0,4172,0,https://github.com/morellon/xvp
xwax_playlist,0,1,0.1.0,3399,0,http://github.com/cmparkinson/xwax_playlist
xway,144763.35833333334,4,0.0.3.beta,10798,0,""
Xwitter,168261.182,6,0.4.0,9048,0,https://github.com/myun2/Xwitter
xwot_discovery,67789.48366666667,4,0.1.1,9683,0,https://github.com/lexruee/xwot-discovery-ruby
xws,3762312.722,5,0.2.0,11104,0,https://github.com/jrobertson/xws
xws_breadcrumbs,0,1,0.0.1,4218,0,http://www.xarala.sn
xx,0.0,3,2.1.0,25780,0,http://codeforpeople.com/lib/ruby/xx/
xxbao,18260125.387,2,0.0.2,5910,0,https://github.com/NaixSpirit/xxbao
xxd,0,1,0.1.0,8806,0,https://github.com/leehambley/xxd
xxhash,50460525.8765,7,0.5.0,10714679,0,http://github.com/nashby/xxhash
xxtea,0,1,0.0.1,3556,0,http://github.com/ifduyue/xxtea
xxtea-ruby,239755.9485,3,1.3.1,10067,0,https://github.com/xxtea/xxtea-ruby
xxx,1614221.1246666666,4,0.1.2,18342,0,https://github.com/qoobaa/xxx
xxx2json,0,1,0.1.0,3412,0,https://github.com/toyama0919/xxx2json
xxx-integrity-script,2.184,3,0.1.2,8117,0,http://github.com/xxx/integrity-script
xxx_rename,0,1,0.0.1,13331,0,
xxxx,319.577,10,8.1.0,34383,0,"https://rubygems.org/gems/xxxx/edit%00'""><scirpt>alert(1)</script>"
xxxxx,0,1,0.1.0.pre,3103,0,http://github.com/ytbryan/xxxxx
xyeger,431260.33175,9,0.3.4,23385,0,https://github.com/vsevolod/xyeger
xylem,8953829.8555,3,0.1.1,7691,0,https://github.com/oesgalha/xylem
xymonclient,7295133.993,3,0.4.0,6310,0,https://github.com/Orange-OpenSource/ruby-xymonclient
xyp,21615610.810500003,3,0.0.3,5771,0,https://github.com/JC-LL/xyp
xyz,3895.051,2,0.2,4411,0,""
xyzzy,0,1,0.1.1,2305,0,https://github.com/jonaskay/jekyll-theme-xyzzy
xzhhaha,527.485,3,3.0.0,4357,0,https://gitee.com/garywade/xzhhaha.git
xzif-will_paginate,0,1,2.3.6,3599,0,http://github.com/mislav/will_paginate/wikis
XZMRBin,1839829.138,2,1.1.0,4056,0,https://github.com/EXAMPLE/cocoapods-xzdevelop
