y,0.0.2,6576
y2r,1.0.1,7121
ya,0.3.2,19369
ya2yaml,0.31,3660306
ya2yaml-jomz,0.3.2,7902
yaa,0.0.0,4159
ya_acl,0.0.7,10880
yaaf,2.2.0,113258
Yaak0v_palindrome,0.1.0,2436
yaanno-relaxdb,0.2.2,4055
ya-api-direct,0.2.10,14546
yaarg,0.0.1,3578
yaasql,0.2.0,6471
yab,0.3.2,12558
yab62,1.0.1,15070
yabbie,0.0.6,14226
yabeda,0.12.0,3286245
yabeda-activejob,0.5.0,66759
yabeda-activerecord,0.1.1,242615
yabeda-anycable,0.1.2,113207
yabeda-cloudwatch,0.1.4,2373
yabeda-datadog,0.3.6,89062
yabeda-delayed_job,0.1.0,9436
yabeda-faktory,0.1.0,3534
yabeda-gc,0.3.0,158192
yabeda-grape,0.2.0.1,49852
yabeda-graphql,0.2.3,171476
yabeda-gruf,1.2.0,45972
yabeda-hanami,0.1.1,261
yabeda-honeybadger_insights,0.1.0,438
yabeda-http_requests,0.2.1,1001323
yabeda-kafka,0.1.0,1224
yabeda-karafka,0.0.3,3875
yabeda-latency,1.0.0,21805
yabeda-newrelic,0.2.0,95973
yabeda-prometheus,0.9.1,2584984
yabeda-prometheus2influxdb,0.2.0,10289
yabeda-prometheus-mmap,0.4.0,524377
yabeda-puma,1.1.0,8057
yabeda-puma-plugin,0.7.1,2508240
yabeda-rabbit_messaging,0.0.3,1890
yabeda-rack-attack,0.1.0,14578
yabeda-rack-ratelimit,0.1.1,767
yabeda-rails,0.9.0,2171805
yabeda-schked,0.2.1,17612
yabeda-shoryuken,0.1.2,2387
yabeda-sidekiq,0.12.0,2019975
yabeda-statsd,0.1.2,2998
yabench,0.0.0.1,632
yabfi,0.1.2,5863
yabo_tracker,0.0.2,5922
yac,1.4.6,96211
yacan,0.1.1,7672
yaccl,0.1.5,113091
yacc_shave,0.0.1,3801
yacc-vanity,1.5.1,4626
yacht,0.3.0,30313
ya_circuit_breaker,0.0.3,8922
yack,0.0.2,8607
yacl,1.0.0,4737
yacli,0.3.2,18188
yaconfig,0.0.5,4090
yacp,0.0.1,2270
yacs-cli,0.1.0,2391
yad,0.0.4,5031
yada,0.1.0,2733
yadat,0.0.0,2213
yada_yada,0.1,4308
yaddl,0.1.6,39919
yadecli,0.1.6,9383
yade-common,0.1.2,3714
yade-composer-rest-client,0.1.2,3595
yade-domain-rest-client,0.1.2,3587
yade-project-rest-client,0.1.1,2161
yadi,0.1.0,2498
yadic,0.1.2,11138
yadirect,0.0.1,4533
ya_direct_api,0.0.3,8745
yadisk,0.3.0,9355
yadisk-client,1.11.2,1834
yadm,0.1,3645
yadmin,0.0.1,3455
yadokari,0.1.1,3683
yadoro,0.3.1,5170
yadriggy,1.4.0,9205
yads,0.3.1,22942
yadtfp,1.0.2,3635
yae,1.0.0,948
yael,0.0.3,7503
ya_email_validator,1.0.0,4509
ya_enum,0.1.3,5631
yaesu,1.1.4.beta,79982
yafa,1.0.0,4347
yaffle,0.0.1,3996
yaffles,0.0.1,2639
yafin,0.2.0,6987
ya_finance,0.0.7,1863
yafoy_integrations,1.1.3,8869
yafoy-oembed,0.1.0,2420
yafr,0.0.1,6262
yaframework,0.5.2,22566
yafs,0.0.8,17303
yaga,0.0.1,4685
yage,0.0.3,5519
yagg,0.1.1,4183
yaggo,1.5.10,2590
yaggy,0.1.7,22072
yagni,1.3,7620
yagni_json_encoder,1.0.0,11593
ya_gpio,0.1.0,2585
yagraphlib,1.2.0,4562
yahag,0.0.2,4312
yahl7,0.5.0,18829
yahm,0.2.3,46235
yahns,1.18.0,71355
yahomesick,0.1.1,6840
yahoo,2.0.0,27194
yahoo_ads_estimates,0.1.5,21421
yahoo-answers,0.1.0,8663
yahoo_answers_scraper,0.0.2,3624
yahoo-api,0.1.6,37747
yahoo_content_analysis,0.2.1,18561
yahoo-cookbook_version_helper,0,9749
yahoo_countries_and_provinces,0.0.3,8311
yahoo_currency,0.1.0,6423
yahoofinance,1.2.2,30703
yahoo_finance,0.0.2,14170
yahoo-finance,1.2.1,53756
yahoo_finance_2,1.0.0,3944
yahoo_finance_currency,0.1.4,16332
yahoo_finance_lib,1.0.2,16798
yahoofinance-symbolsuggest,0.1.0,3771
yahoofinance-typhoeus,1.0.0,5103
yahoo_finanza,0.4.8,34568
yahoofx,0.1.2,15154
yahoo_gemini_client,0.2.0,15491
yahoo-geocode,1.1.1,17441
yahoo-geoplanet,0.2.1,8604
yahoo-group-data,1.4.1,24483
yahoo-japan-api,0.1.0,4402
yahoo-japanese-analysis,0.1.2,14410
yahoojp-auction-api,0.0.3,8104
yahoo_jp_transit,0.1.2,11281
yahoo_keyphrase_api,0.1.1,8801
yahoo-local,0.1.4,15405
yahoo_market_calendar,0.0.1,3286
yahoo-music,0.1.0,4874
yahoo_nba,0.0.4,14851
yahoo_news,0.1.2,5165
yahoo_parse_api,1.1.0,8152
yahoo-placemaker,0.0.7,24606
yahoo_quote,0.0.6,19002
yahoo-se,1.1.0,24866
yahoo-search,2.0.0,15724
yahoo_shopping_search,0.1.0,2435
yahoo_site_explorer,0.0.2,7970
yahoo_sports,0.2.1,10880
yahoo_sports19,0.2.1,4121
yahoo_sports_ff,0.0.0,3553
yahoo_stock,1.0.2,5367
yahoo_stocks,0.0.3,8352
yahoo_stock_splits,1.0.4,15886
yahoo_store_api,0.2.6,13442
yahoo_term_extraction,0.2.3,4540
yahoo-video,0.1.0,4693
yahoo_weather,1.2.0,35252
yahoo-weather,1.2.0,23353
yahoo_weather_cli,0.1.0,3683
yahoo_weatherForecast,1.0.0,6213
yahoo_weatherman,2.0.0,75819
yahoo_weatherman_extended,1.2.0,4816
yahoo_weather_widget,1.0.5,3074
yahoo_web_api,0.2.2,16398
yahsort,0.0.3,10985
yahtzee,0.0.3,6226
yahw,0.3.0,4225
yaib,0.0.1,4204
yaih,0.0.3,10350
yaji,0.3.6,495196
yajl,0.3.4,89078
yajl-ffi,1.0.0,110696
yajl-ruby,1.4.3,72993021
yajl-ruby-maglev-,1.1.0,4273
yajl-ruby-zenjoy,1.1.0,4010
yajm,0.0.4,7032
yak,1.0.8,26363
yaka,1.0.2,10454
ya_kansuji,0.2.0,867589
ya_kassa,0.1.7,13245
yakc,1.0.0,9149
yake,1.1.0,32780
yakeen,0.0.3,4862
yakg,0.1.11,40111
yakiniku,0.0.1,3293
yakischloba-drizzle-ffi,0.0.4,8022
yakischloba-em-cron,0.0.1,3423
yakischloba-em-mailer,0.0.2,3418
yakischloba-em-timers,0.0.1,3429
yakischloba-http-parser,0.0.4,7984
yakischloba-ktools,0.0.3,5697
yakischloba-tmail-pure,0.10.10,5700
yakit,0.0.2,3927
yakka,0.0.2,7160
yakovenko_riverbattle,0.1.5,11352
yakr,0.2.4,12198
yaks,0.13.0,150491
yaks-html,0.13.0,100353
yaks-simple,0.0.1,3389
yaks-sinatra,0.13.0,50511
yaks-syro,0.1.0,3072
yakstrap,0.0.6,13814
yakuake_controller,0.1.1,5067
yal,0.1.0,2241
yalab-ruby-ods,0.0.0,6272
yale_bulldogs,0.0.2,3277
yaleldap,1.0.8,25959
yalemenus,1.0.0,1082
yalgaar,1.0.2,4258
ya_lorem_ja,0.0.5,18844
yalphabetize,0.9.0,87149
yam,2.5.0,320172
yam2g,0.0.1,4712
yamaha,0.0.4,1352
yamakozawa,0.0.1,3509
yamalicious,0.0.1.alpha,3072
yamatanooroti,0.0.9,77639
yamato,0.0.2,7248
yamatodamashii,0.1.0,1899
yam-aws-s3,0.6.2.3,14445
yamazaki,0.3.8,12765
yambol,1.0.0,4001
yamcha,0.1.1,2102
yam-contacts,1.2.4.1,11674
yamd,0.0.4,9480
yam-db-charmer,1.7.4.14,21859
yamdi,0.1.2,10681
ya_metrika,0.0.1,3383
yamg,2.1.1,44329
yami,0.1.0,4720
yaml,0.3.0,3231319
yaml2csv,0.0.3,39159
yaml2env,0.2.1,16967
yaml2erd,0.5.0,17103
yaml2json,0.0.2,240321
yaml2sql,0.1.0,2093
yaml2tmx,1.0.0,2948
yamlable,0.0.2,4614
yaml_adapter,0.0.1,7202
yamlade,0.0.2,7762
yamlandar,1.0.16,28909
yaml_bot,0.3.0,7457
yaml_b_sides,0.6.1,28026
yaml_cache,0.2.0,3736
yaml_checker,0.1.2,5886
yamlclass,0.0.1,4027
yamlclean,0.1.2,6174
yaml_command,0.1.1,116199
yamlcon,0.2.0,17236
yaml_conditions,0.0.0.5,17135
yaml_conf,0.1.2,12014
yamlconfig,0.2.2,21171
yaml_config,1.0.0,4374
yaml_config_file,0.3.0,12273
yaml-config-parser,0.1.3,6018
yaml_configuration,0.0.11,33468
yaml_constant_creation,0.0.1,3705
yaml_converter,1.0,2243
yaml_converters,0.2.1,73201
yaml_convertor,1.0.1,6566
yaml_creator,0.3.2,10916
yaml_csp_config,1.1.0,5295
yamlcss,1.0.3,11001
yaml-cv,0.1.10,9929
yamldag,0.0.5,1505
yaml_db,0.7.0,2352656
yaml_db_anonymizer,0.0.3,14166
yaml_db_arel,0.2.2,4089
yaml_db_improved,1.0.1,5755
yaml_db_with_schema_tables,0.3.4,9527
yamldiff,0.0.9,41526
yamldoc,0.0.1,4670
yaml_duplicate_checker,0.1.1,1837
yamlease,0.0.2,501
yamled,0.0.1,2876
yamled_acl,0.3.1,10615
yaml_editor,0.0.2,2104
yaml_enumeration,0.5.0,42669
yaml-env-tag,0.2.0,10561
yamler,0.1.0,1252726
yamlet,0.1.1,5394
yaml-exec,0.2.0,10823
yaml_ext,0.1.2,5982
yaml_extend,1.3.2,4977305
yaml_extensions,0.1.0,774
yaml-file-db,0.1.7,12157
yamlfish,0.1.0.alpha2,351
yaml_form_helper,0.0.5,16144
yaml-front-matter,0.0.1,41364
yamli,1.0.0,7193
yamlig,0.0.1,4224
YAMLiner,0.3.2,11158
yamlint,0.1.0,536
yaml_inventory,0.0.3,8581
yamlir,0.1.0,3791
yamljam,0.0.3,9814
yamljson,0.2.0,4247
yaml-ld,0.0.3,106111
yamllint,0.0.9,972550
yaml-lint,0.1.2,5093011
yaml-lint-ng,0.0.5,3328
YAML-load_first,1.1.4,5414
yaml_locales_jsonizer,0.1.4,12519
yamlm,0.1.0,1899
yaml_master,1.0.1,33986
yaml-methodizer,0.0.0,3342
yaml_model,0.0.4,11314
yaml-model,1.3.5,29611
yamln8tor,0.0.4,6782
yaml_normalizer,2.0.0,129599
yaml_notifier,0.0.1,3383
yamload,0.9.0,49457
yamlook,0.4.1,12400
yaml-options,1.0.1,6537
yaml-ostruct,0.5.1,19759
yaml_pack,0.0.3.alpha,13453
yaml-parser,1.1,9159
yaml_path,0.1.0,1900
yaml_properties,0.0.11,39793
yamlquery,0.0.2,4190
yamlr,2.0.0,3446
yamlrc,1.0.0,4871
yaml_record,0.0.6,21941
yaml_record4,0.0.6,5816
yaml_record_rails_4,0.1.0,3803
yaml_recrypt,0.1.8,16809
yaml_ref,0.1.4,7312
yaml_ref_resolver,0.7.1,117395
yamlrpc,1.0.4,44429
yamls,0.2.2,9496
yaml-safe_load_stream,0.1.1,254812
yaml-safe_load_stream2,0.1.1,80480
yaml-safe_load_stream3,0.1.2,210283
yaml-safe_load_stream-renewed,0.1.2.pre.1,2051
yamlscript,0.1.57,3937
yaml-search-diff,0.6.1,10585
yaml_seeder,0.1.0,11378
yaml_servers,0.4.3,28568
yaml_settings,1.0.6,2296
yamlsh,0.0.1,3242
yaml_smoosher,1.0.0,27409
yaml-sort,2.2.5,29172
yamlstar,0.0.1,399
yaml_store,1.0.0,5197
yamlstrings,0.0.4,8437
yaml_strings,0.0.5,12844
yaml_structure_checker,0.1.2,2860
yaml-sugar,1.0,22216
yamlt,0.0.29,55992
yamltest,0.8.0,23404
yamltestrubygemsorg,0.0.2,7050
yaml_to_csv,0.1.1,5465
yaml_to_json,0.1.0,3491
yaml_tools,1.0.5,949
yaml_to_struct,1.0.0,460
yaml_translate,0.1,4472
yaml-translator,0.11.3,41734
yaml-twine-formatter,1.0.0,3372
yaml-validator,0.1.10,32526
yaml_vault,1.3.2,820307
yaml-vfs,0.0.5,6622
yaml_waml,0.3.0,10705
yaml-write-stream,2.0.2,24381
yaml_zlib_blowfish,2.0.230116,10484
yammdesk,0.0.1,3914
yammer,0.1.2,16848
yammer4r,0.1.5,27917
yammer_api,0.1.0,4145
yammer-cli,0.2.4,14855
yammer-client,0.1.8,28508
yammer-oauth2,0.3.2,16444
yammerstats,0.1.0,4494
yammy,0.1.0,3650
yamo,0.1.0,4444
yamp,1.0.0,5567
yampla,0.0.4,12008
yam-redis-with-retries,2.2.2.1,6293
yam-ruby-metrics,0.8.9,17346
yams,0.0.1,3262
yam_view_tool,0.1.0,1950
yamwow,0.1.6,58799
yan,0.0.3,8128
yanapi,0.4.1,25165
yanapiri,0.5.0,21826
yanbi-ml,0.3.0,20787
yancya-big_query,0.1.2,7371
yandex360,1.1.3,2656
yandex-api,0.1.0,12337
yandex_api_direct,0.2.0,5064
yandex-api-direct,0.0.1,4082
yandex-api-fotki,1.1.0,22529
yandex_captcha,0.4.3.8,23987
yandex-checkout,0.1.1,9993
yandex_cleanweb,0.0.7,19455
yandex_client,1.3.1,12191
yandex_cloud,0.3.0,4603
yandex-delivery,0.0.11,13505
yandex-delivery-api,0.0.6,9000
yandex_detector,0.0.2,7104
yandex_dictionary,0.0.2,6241
yandex-dictionary,0.2.0,6645
yandex_dictionary_api,0.2.4,19210
yandex_direct,0.2.0,3513
yandex-direct,0.1.1,4473
yandex_direct_api,0.1.2,3653
yandex-direct-api,1.0.2,8655
yandex_disk,1.1.3,10960
yandex-disk,0.0.9,24547
yandex_domains,0.2.4,13617
yandex-dostavka,0.0.7,3213
yandex_image_moderation,0.2.1,7569
yandex_inflect,0.1.2,23674
yandex_kassa,0.3.6,42206
yandex-kassa,0.1.0,3114
yandex_locator,1.1.1,13363
yandex_mail,0.0.2,6161
yandex_market,0.5.0,4246
yandex_market_api_client,0.2.0,22431
yandex_market_content,0.4.0,6369
yandex_metric,0.1.1,7023
yandex-metrica-rails,0.1.4,11831
yandex-metrics,0.0.1,2196
yandex_metrika,0.0.3,14332
yandex-metrika-rails,0.1.2,9008
yandex-money-client,1.0.6,2451
yandex-money-sdk,1.0.5,22724
yandex_music,0.0.1,2120
yandex_mystem,3.0.1,18569
yandex_offers,0.1.5,9830
yandex-pdd,0.0.9,15798
yandex-pdd-2,0.1.4,9150
yandex_predictor,0.1.0,2309
yandex_rasp,0.3.1,5029
yandex_speech_api,1.4.0,5057
yandex_speller,1.0.0,3451
yandex_speller_api,1.0.2,7273
yandex_tranlator_IS,0.2.0,3737
YandexTranlsteMM,0.0.1,3775
yandex_translate,0.2.1,7901
yandex-translate,0.0.5,10229
yandex_translate_api,0.1.1,2270
yandex_translate_api_gem,0.1.2,3727
yandex_translater,0.1.3.1,9111
yandex_translator,0.1.7,12131
yandex-translator,0.3.3,76117
YandexTranslator,0.1.0,2551
yandex_translator_api,1.1,3710
yandex-translator-api,1.2,12518
yandex-translator-apiwrapper,0.1.3,6798
yandex_uslugi_wrapper,0.1.1,4148
yandex-webmaster,0.2.0,6815
yandex_widget,0.2.1,4552
yandex_xml,1.1.0,3919
yandss_view_tool,0.1.0,2159
yang-bark,0.1.0,4494
yank,1.1.0,10251
yankedcodecov,0.1.18,1577
yankee,0.1.7,32683
yankee_score,0.1.6,11989
yanker,0.0.6,11480
yankl,2.0.1,3435
yanluowang,0.0.1,3364
yannitor,0.6.2,8547
yannlugrin-rspec-factory-girl,0.2.0,5688
yannp-capybara,0.4.0,7652
yannski-geokit,1.2.7,5708
yano,0.1.5,11587
yano-backbone-rails,2.2.2,21826
yano-bootstrap-rails,2.1.2,16099
yano-jquery-rails,2.1.4,31404
yanser,0.1.0,13061
yan_speller,1.0.2,4775
yanxi,0.1.0,4167
yao,0.21.0,260070
yaoc,0.0.14,35051
yao-cli,0.2.3,8584
yao-conoha,0.1.0,3026
yao-designate,0.0.1,2945
yaoi,0.1.0,1948
yao-oj,0.3.1,12643
yaop,0.2.0,7330
yao-yrb,3.0.1,17483
yap,2.0.0,30523
yaparc,0.2.3,50027
yapfac,0.2.0,4860
yapi,0.1.2,6156
yapi_check,1.0.0,165
yapi-cli,0.1.0,1795
yapit,0.0.1,3422
yapitr,0.1.0,2529
yapo,0.1.0,1937
yapp,0.0.1,4061
yappconfig,0.3.1,12261
yapper,0.1.7,3561
yapplabs-em-hiredis,0.4.1,3016
yapra,0.2.2,22019
yap-rawline,0.7.0,43364
yaps,0.1.0,8193
yap-shell,0.7.2,50507
yap-shell-addon-history,0.1.1,6049
yap-shell-addon-history-search,0.1.1,5498
yap-shell-addon-keyboard-macros,0.1.1,5851
yap-shell-addon-prompt-refresh,0.1.1,5227
yap-shell-addon-right-prompt,0.1.1,5503
yap-shell-addon-tab-completion,0.1.1,6029
yap-shell-core,0.7.2,3172
yap-shell-parser,0.7.2,35460
yapstone-disputes,1.0.0,2395
yapstone-payments,1.0.0,2394
yapstone-payouts,1.0.0,2401
yapstone-so,1.0.0,2397
yapt,0.0.7,17938
ya-pushbullet,0.0.0,2293
yapv,1.0,12428
yaqb,0.5.4,17767
ya_queen,0.0.7,18244
ya_queen_role_fontana,0.0.7,15833
yaqut,0.0.1,3416
yar,1.0.3,1646
yara,1.6.0,23113
yara-ffi,3.1.0,9229
yarah,0.0.0,3580
yara-normalize,0.2.0,7687
yarb,0.0.4,11198
yarbf,0.1.1,8737
yard,0.9.36,141794312
yard2steep,0.2.0,7829
yard-activerecord,0.0.16,1105009
yard-activerecord2,0.0.11,16897
yard-activesupport-concern,0.0.1,1427894
yard-amp,0.4.0,4483
yard-api,1.1.2,212085
yard-api-slatelike,0.3.0,27540
yard-appendix,0.1.8,764234
yard_ast_editable,0.1.4,14517
yard-bench,0.0.3,6416
yardbird,0.0.3,5955
yard-bird,0.1.2,8226
yard-bit-struct,0.0.1,4082
yard-blame,0.0.1,8574
yardcheck,0.0.3,9313
yard-chef,2.0.0,14000
yard-chefdoc,0.1.0,2328
yard-classmethods,1.0.0,31167
yard-clean,0.1.0,1896
yard-coderay,0.1.0,259835
yard-commonmarker,0.5.0,6090
yard-components,0.0.2,10820
yard-contextify,0.1.0,4677
yard-contracts,0.1.5,48790
yard-cucumber,4.0.0,3055282
yard-cucumber2,2.3.4,29437
yard-dash,1.0.2,7298
yard-defaultreturn,1.0.1,5229
yard-delegate,0.0.1,26490
yard-different-rspec,0.1.1,8590
yard_dizby,1.2.1,10290
yard-dm,0.1.1,16026
yard-dm-is-predefined,0.2.0,5026
yard-dm-predefined,0.1.0,4559
yard-docco,1.0.2,10269
yard-doc-core,1.9.1,13885
yard_doc_example,0.0.2,1677
yard-doctest,0.1.17,4216954
yard-dry-initializer,0.1.0,2483
yarder,0.1.0,14289
yarderize,1.0.2,5471
yard-examples-from-rspec,0.0.1,4755
yard_game,1.2.0,1231
yard_gems,1.0,4322
yard-gherkin-turnip,1.0.2,4169
yard-ghpages,0.0.2,5837
yard_ghurt,1.2.1,9206
yard-go,0.5.0,3293
yard-gobject,0.0.3,11417
yard-grape,1.0.1,110800
yard-heuristics,1.2.2,18625
yardi,5.0.1,5270
yardie,0.1.3,6262
yard-is-monkey,0.2.1,3902
yard-js,0.1.3,9323
yard-junk,0.0.9,896330
yard_klippstein_template,0.0.37,97478
yard-kramdown,0.0.1,139922
yard-kramdown-markup,0.1.0,2323
yard-link_stdlib,0.1.7,15169
yard-lucid,0.5.0,8283
yard-markdown,0.3.2,1859
yardmarshal,0.1.1,3455
yardmaster,0.1.0,2300
yard-medoosa,0.0.2,3799
yard-metasploit-erd,2.0.4,28200
yard-method-decorators,0.0.1,4269
yard-method-overrides,0.1.1,7515
yard-minitest,0.0.1,3720
yard-minitest-spec,0.1.6,11358
yard-mongoid,0.1.0,100939
yard-mruby,0.3.0,13177
yard-notes,0.1.0,4340
yard-nowpunk,0.2.34,102124
yard-nrser-cucumber,0.1.3,6812
yardocco,0.1.0,7841
yard-padrino,0.0.3,12357
yard-parameters,0.1.1,8995
yard-pygments,0.1.1,8306
yard-pygmentsrb,0.0.2,7162
yard-qed,0.1.0,4561
yard-rails,0.3.0,421740
yard-readme,0.3.0,7398
yard-redcarpet-ext,0.0.3,49750
yard-relative_markdown_links,0.5.0,12923
yard-rest,1.1.4,130184
yard-restful,1.2.4,37491
yard-rest-plugin,0.2.5,44590
yard_rideliner,0.7.5,29904
yard-rspec,0.1,224753
yard-rspec_examples,0.0.2,5826
yard-rubicle,0.1.1,4499
yard-ruby-hooks,1.0.1,8430
yard-rustdoc,0.3.2,9919
yard-sd,0.0.4,14104
yard-sequel,0.2.0,5700
yard-serverspec-plugin,0.0.1,4490
yard-sftp,1.1.0,11315
yard-sig,0.2.3,8148
yard-sinatra,1.0.0,579968
yard-sitemap,1.0.1,203652
yard-sketchup,1.5.1,22147
yard-slipstream,0.1.23,82667
yard-sorbet,0.8.1,11460549
yardspec,0.2.0,4805
yard-spellcheck,0.1.5,66156
yard-state_machine,0.0.1,5138
yardstick,0.9.9,878675
yardstick-themekit,0.0.8,3358
yard-struct,1.1.0,6903
yard-thor,0.0.1,9872
yard-thunder,0.1.0,4106
yard-tomdoc,0.7.1,253279
yard-to_mkdocs,0.1.1,1883
yard-turnip,0.0.2,5673
yard_types,0.2.0,58820
yard-value,1.2.5,17409
yardview_gtk3,0.5.0,8968
yard-virtus,0.0.4,3744
yard-virtus2,0.0.5,1877
yard-web-plugin,0.1.2,4733
yard-wires,0.0.1,3920
yard-xml,0.2.0,15189
yarel,0.0.1,4609
yarf,0.1.0,3101
yarg,0.1.3,4663
yargi,0.2.0,14756
yargraph,0.0.4,8296
yari,0.0.2,2900
yarii-cloudinary,0.2.6,8541
yarii-content-model,0.1.4,5944
yarii-editor,0.4.8,12402
yarjuf,2.0.0,2518803
yarl,0.3.7,20023
yarlisp,0.0.0,4251
yarmcl,0.1.0,1942
yarn,0.1.1,72881
yarn-audit-wrap,0.4.0,1821
yarnlock,0.3.2,15200
yarn_lock_parser,0.1.0,53691
yarofon_gem_task,0.1.1,2467
yaroslav-i18n,0.1.3,12480
yaroslav-russian,0.2.2,37606
yaroslav-yandex_inflect,0.0.2,3401
yarp,0.13.0,685578
yarr,0.1.1,6581
yarra,0.0.0,2717
yarrow,0.9.4,77339
yarrrml_template_builder,0.1.54,601
yarspg,0.1.0,2822
yarss,0.0.6,13070
yart,0.2.0,4684
yarv_generator,0.2.3,7928
yarv-prof,0.1.1,4142
yas,0.2.4,14282
yasannealer,0.0.1,2434
yasarg,0.0.8.2,21637
yasc,0.0.1,4058
yasd,0.1.1,3707
yasf,0.0.6,12371
yasfmi,0.0.2,3442
yasha,0.0.3,9933
yashare,0.9,5309
yasl,0.2.2,5307
yasm,0.0.11,29595
yaso,1.3.2,3250
yasp,2.0.2,3657
ya_speller,1.0.0,3308
yassh,0.0.2,3807
Yassoabi_palindrome,0.2.0,3234
yasst,0.2.0,6771
yast,0.0.1,4453
yast-rake,0.2.50,120653
yasuri,3.3.2,41528
yasuyo,0.0.0,3138
yasuyuki-nicovideo,0.1.8.5,14830
yasysdui,1.0.4,4810
yat,0.5.1,8205
yatapp,0.5.5,29046
yatc,0.1.4,11165
yatch,0.0.1,4150
ya_telegram_bot,0.4.0,10468
yatm,0.2.2,1576
yatoc,0.3.5,18610
yatran,0.1.3,19241
yatranslate,0.2.1,3662
YatranslateAPI,0.6.4,8757
yatter,0.4.0,12531
yattex,1.0.0,749
yattho_view_components,0.1.1,774
yattr_encrypted,0.1.7,23744
yauth,0.2.0,7475
yavdb,0.7.0,37052
YAVM,0.6.2,21028
yaw,0.0.2,3422
yawast,0.7.2,74059
yawc,0.4.1,6916
y_awesome_gem,0.1.0,1885
yawl,0.3.0,29433
yawl_rails,0.3.0,24390
yawn,1.1.0,8091
yawningman-cavaletti,0.0.1,3393
yawpa,1.4.0,10424
yax,0.1,4812
yax-fauna,3.0.1,2045
yaxml,0.1,14542
yay,0.0.8,25852
ya_yahoo_geocode,0.0.4,13670
ya_yahoo_weather,0.0.3,10568
yayaml,0.1.0,138
yayimdbs,0.2.7,62642
yaz0,0.4.2,7309
yazawa,0.1.2,8307
yazu-girl,0.0.1,3369
yb-example-gem,0.1.1,3952
ybk,0.0.6,4126
yboss,0.4.0,78737
yc_age,0.0.1,3349
yc-algoliasearch-rails,2.1.4,1232
ycchen,0.0.0,1345
ycchen-gem-voteable,0.1.0,6010
ycg,0.0.1,5728
ychaker-zeep_it,0.0.4,3445
yclients-api,0.1.4,4520
ycn,0.2.1,8011
ycode,0.1.0,4199
y_combinator,0.0.1,3244
ycurrency,1.0.3,10859
ycv,0.1.1,314
ydate,3.0.1,1712
ydb,0.0.1,4305
ydbd-pg,0.6.0,17062
ydbi,0.6.0,18984
ydd,0.2.2,50749
ydf,0.1.2,4076
ydiffy,0.0.5,3769
ydim,1.1.5,25386
ydim_html,1.0.0,4453
ydim-html,1.0.3,6942
ydj,0.0.5,14197
ydl,0.2.06,1372
ydoc,0.4.1,4071
ydocx,1.2.6,80218
yeah,0.4.2,18136
yeahboi,0.1.1,4092
yeah_i_did,1.0.0,3136
year_after_year,1.0.1,7529
year_array,0.1.5,3378
yearbook,0.3.0,13302
years,0.0.1,3581
years_between,1.0.1,3411
year-tens-dont-work,1.10.0,3499
year_week,0.3.0,4652
yeast,0.0.1,3350
yeastymobs-integrity-appnotifications,1.0.0,3353
yeastymobs-machinist_mongomapper,0.9.3,7908
yeastymobs-remarkable_mongomapper,0.1.1,7936
yedu,0.0.1,3470
yee,1.0.1,7285
yeelight,0.1.0,2434
yeelight_cli,0.0.1,2049
yeelight-client,1.0.3,3673
yeelight-lamp-client,0.1.0,2101
yeepay,0.2.2,7381
yeet,1.0.0,1894
yeet_db,0.1.1,3128
yeet_dba,1.0.2,36132
yefeme,0.7.1,68834
yeg-ng,0.0.4,5458
yehezkielbs-contacts,1.2.15,16294
yehezkielbs-gdata,1.1.2,4105
yehuda,0.0.0,1583
yell,2.2.2,5077826
yell-adapters-fluentd,1.0.5,61240
yell-adapters-gelf,2.1.0,100222
yell-adapters-syslog,2.0.2,104417
yell-adapters-syslogsd,0.0.3,8233
yeller,0.3.0,5738
yeller_ruby,0.6.0,60712
yellin,0.1.2,5765
yello,0.0.4,9962
yellow,0.0.0,3365
yellowant,0.1.0,2161
yellow_api,0.0.2,7354
yellow-api-wrapper,0.0.2,4619
yellow-brick-road,0.2.5,25548
yellowcat,0.2.0,3939
yellowen-misc,0.4.0,9003
yellowlab-akephalos,0.2.6,4485
yellowlab-pdf-inspector,1.0.0,4501
yellowlab-princely,1.2.5.yellowlab.5,19035
yellowscorpion,0.0.1,629
yellow-sdk,0.0.6,13640
yellow-text-rails,0.0.9,22102
yell-rails,2.0.0,105361
yelp,2.1.5,902957
yelp2,0.0.3,4460
yelp4r,1.2.0,9052
yelp4rails,2.0.0,6051
yelp-business,0.2.1,2226
yelped,0.1.1,4342
yelp-fusion,1.0.1,16628
yelp-hack,1.0.1,4001
yelp_html_parser,0.0.1,3241
yelpify,0.0.5,12171
yelp_it,0.0.0,3259
yelpme,0.0.5,13520
yelpr,0.0.2,7529
yelpster,1.3.0,81135
yema,0.0.3,9025
yen,0.0.2,95089
yEnc,0.0.32,26765
yep,3.0.2,3141
yepkeynav-rails,0.0.2,6203
yep_searchable,0.0.6,14198
yeqs_jquery,0.0.8,14535
yeqs_sexybuttons,0.0.7,14591
yequel,0.1.2,5625
yerb,0.0.1,4507
yerbish,0.0.1,3435
yertle_formatter,0.3.0,7717
yes,0.0.1,4454
yes_bank_service,0.1.4,1750
yescode,22.05.24,2958
yesgraph,0.1.0,6421
yes-graph-api,0.2.0,5059
yeshoua_crm,1.0.0,1965
yeshua_crm,1.0.1,3383
yes_i_did,1.0.0,1876
yesilyurt_view_tool,0.1.0,2021
Yeskogiri,0.0.1,3321
yesman,0.0.5,12282
yesno,1.1.1,10375
yesno_extension,1.0.0,6673
yesql,0.2.4,23461
yesradio,0.1.3,4850
yes_rails,0.0.1,3680
yes_ship_it,0.2.2,23989
yesterday,0.6,23778
yesyoucam,0.4,7970
yet,0.0.0,1942
yet_another_date_scopes,0.1.0,3621
yetanothernguyen-activemerchant,1.21.2,13186
yetanothernguyen-acts-as-taggable-on,0.0.5,7460
yetanothernguyen-delayed_job,0.0.1,4324
yetanothernguyen-shoulda-matchers,1.0.0.beta3,3204
yeti,0.3.20,103182
yeti_logger,3.3.2,8339
yetis_node,0.1.1,7789
yettings,0.1.1,49626
yetty,0.1.2,7699
yew,0.0.10,37551
yext-api,0.1.11,25134
yfactorial-roxy,0.2.1,10570
yfactorial-utility_scopes,0.2.3,15198
y_fi,0.1.0,2365
yfin,0.0.1,3701
yfinance,1.0.13,32569
yfrog,1.0.2,10487
yfuka86,0.3,7971
yg_for_me_test_gem,0.1.0,1925
ygg,1.0.6,10564
yggdrasil,0.1.1,56562
yggdrasil-engine,0.0.4,5630
ygitme,0.1.0,3245
ygoprodeck,1.0.3,5318
ygrene_istio_tracing,1.0.11,15511
yg_spree_delivery_date,1.1.1,15736
yhara-gemi,0.0.4,5683
yhara-lifelog,0.1.1,10295
yhara-logcalc,0.0.0,3362
yhara-moneyrail,0.0.2,3367
yhara-ruby-sl,0.11,5636
yhara-ruby-station,0.0.2,5658
yhara-ticketmap,0.3.1,3371
yhara-tickets,0.1.0.3,10256
yhat,0.0.4,10872
yhd,1.0.1,5693
yh-docx,0.1.0,2157
yhola,0.0.0,3224
yhoshino11_gem_sample_pruby,0.0.1,3214
yhsd_api,0.0.3,2930
yhy_test_gems,0.1.0,2407
yi_appium_caps_util,1.0.8,18453
yiban,0.0.2,2163
yibin,0.0.2,6406
yibs_commission_junction,1.2.0,5069
yield,0.2.2,26357
yieldable,0.1.1,3848
yieldbot-detailed-mailer,0.0.56,12627
yieldbot-detailed-pagerduty,0.0.11,7672
yieldbot-detailed-slack,0.0.17,4417
yield_from,0.0.0.1,2203
yieldhelper,0.1.0,2181
yieldmanager,0.9.13,132355
yield_self,0.2.0,4128
yield_source,0.0.13,17359
yield_star_client,0.2.2,18028
yifu,0.0.2,8862
yify,0.0.4,9571
yiifony,0.0.6,18916
yii_redis_store,0.1.1,1923
yikyak,0.1.2,4194
yilian,0.1.0,2530
yilp,0.1,4641
yim_view_tool,0.1.0,2265
yinspire,0.2.0,8067
yintii2_palindrome,0.1.0,598
yinum,2.2.2,924120
yinx,0.1.7,14077
yinxiangma,0.0.3,4191
yinx_sql,0.1.2,5748
yinx_st,0.1.5,11095
yip,0.8.2,4564
yipdw-after_commit,0.0.1,5629
yipit,0.0.2,7608
yipit_n4l,0.0.2,4125
yippee,0.1.0,477
yip_validator,1.1.0,5514
yisakes_sample,0.1.0,2046
yist,0.1.0,3279
yi_string_extend,0.0.1,4208
yit,0.1.0,1781
yj,0.1.0,2161
yjcocoa,20.07.16,12466
yjit,0.0.1,422
yjncopycat,0.2.1,9076
yjtool,0.0.1,1908
yk,0.1.0,3174
YKBIU,0.1.0,1870
ykcitool,0.4.14,3454
yk_command,0.6.5,23437
YkESet,0.99.10,14584
ykfastlane,0.3.13,7726
ykill,0.0.1,6419
ykioscmd,0.6.7,609
ykk,1.2.0,11455
YkLib,0.1.8.7,5140
YKModuleCommand,0.0.5,4093
ykutils,0.1.7,6179
ykxutils,0.1.12,5059
yl_alipay,0.15.3,3880
yla_test,0.1.0,2613
yl_chat,0.1.0,1808
yle-aws-role,2.0.2,14754
yle-newrelic_api_v2,0.0.2,3248
yle_tf,1.4.0,21241
yle_tf-aws_assume_role,2.0.1,11332
yle_tf-landscape,1.1.0,8979
yl_pay,1.1.3,14849
yl_simple_captcha,1.1.0,2436
ylv_gem,0.2.0,4097
ym,0.1.0,3195
ym4r,0.6.1,153903
ym4r-anonymizer,0.0.2,7497
ym4r_gm,0.2.0,13163
ym4r-mapstraction,0.0.1,4686
ymaps,0.0.9,23440
ymd,0.1.2,5545
ym_data_tree,1.1.2,5640
ymdp,1.4.7,299313
ymdp_generator,0.0.4,11690
ymdt,0.1.0,8027
yml2erd,0.9.8,12447
yml2h,0.1.0,1657
yml_builder,0.1.4,10903
ymldot,0.0.6,21587
ymlenv,0.1.1,2116
yml_error_responder,1.0.6,1816
ymlex,1.1.9.10,38639
yml_gtranslate,0.0.4,6350
yml_merger,1.0.2,9536
yml_object,0.0.2,5421
yml_reader,0.7,10363014
yml_record,0.1.5,12403
yml-secrets,0.0.1,3158
yml_translate_rails,1.0.0,7880
yml_validator,0.1.0,4527
ymodel,0.1.0,1573
ym_tree,0.1.0,2383
yn,1.0.0,3617
ynab,2.1.0,56569
ynab_convert,2.0.6,13483
ynab_tw,0.1.0,2520
ynaby,0.3.1,3331
ynap,1.1.1,4084
y_nelson,2.3.8,41082
yn_server,0.1.1,3987
ynw-ar_mailer,1.0.1,11479
yo,0.0.1,4923
yo4r,0.1.0,3544
yo-api,1.1,7090
yob,1.0.0,4151
yob-abn,1.3.0,10189
yob-activemdb,0.2.2,3463
yob-exception_notification,1.0.20090225,5670
yobit,0.1.2,5668
yobit_api,0.1.0,2018
yobou,1.0.0,166
yob-roxml,3.1.6,5103
yob-san,1.3,5672
yochiyochi433,0.1.0,3192
yochiyochi_gaku,0.1.0,3160
yochiyochirb_gem,0.1.0,3143
yochiyochi_sawaday,0.1.0,3130
yochiyochi_shogun,0.1.0,3080
yockeries,0.0.3,9692
yo_client,0.1.1,9638
yocomponent,0.0.0,2606
yo_component,0.0.0,2606
yo-component,0.0.0,2604
yoda,1.0.0,4953
yodaism,0.0.6,16577
yoda-language-server,0.10.1,15329
yodaspeak,0.1.2,7106
yodatepicker,1.0.2,8368
yodatra,0.3.12,62231
yo_dawg,0.0.1,4210
yodel,0.0.7,16575
yodel_admin,0.0.7,16528
yodel_blog,0.0.7,13455
yodel_development_environment,0.0.7,13537
yodeler,0.1.3,27884
yodel_production_environment,0.0.7,13546
yodel_queue,0.0.7,13391
yodel_shop,0.0.7,13592
yodlee,0.0.1,4936
yodlee-icious,0.0.7,27634
yodlee_wrap,0.0.5,10538
yodlicious,0.0.3,7859
yodo,0.0.1,3718
yog,0.4.0,25336
yoga,0.5.0,15423
yoga_layout,0.0.1,2183
yoga_pants,0.1.1,6563
yogi,0.3.9,41997
yogi_berra,0.2.1,55515
yogo-datamapper,0.5.0,11247
yogo-db,0.5.0,11259
yogo-dm-persevere-adapter,0.13,5662
yogo-framework,0.5.1,17881
yogo-operation,0.1.2,11356
yogo-persevere,1.1,3406
yogo-project,0.5.1,14587
yogo-support,0.1.1,7987
yogurt,0.2.0,2778
yohan,0.0.4,9776
yohasebe-rubyfca,0.2.3,3402
yohasebe-rubyplb,0.2.2,5702
yohei-senju,0.1.0,4643
yohoushi-client,0.0.2,8268
yoink,0.0.0,2301
yoke,0.4.1,13757
yokunai,0.1.6,10120
yol_common,0.0.3,5053
yol_erp_lite,0.0.4,5360
yolice,0.0.2,3654
yolk-biggs,0.1.4,12525
yolk-memento,0.2.0,3389
yolk-mite-rb,0.0.3,5634
yollapay,0.0.0,3590
yolo,1.4.0,102306
yolo_backup,0.0.0,3724
yolodice-client,0.1.6,10952
yolodice-validator,0.1.1,4080
yologga,0.3.3,3419
yolo-msg,1.0.0,2408
yolo-swag,1.0.1,3458
yolo_tic_tac_toe,0.0.1,886
yol_qy_weixin,0.0.9,11822
yol_sso,0.0.7,10104
yome,0.1.0,1939
yomikomu,0.4.1,19759
yomise,0.1.0,262
yomoney,0.0.1,3502
yomu,0.2.4,1035648
yomu2,0.3.2,8373
yonce,0.1,3689
yondu,0.2.0,907
yong-purplegw_ruby,0.1.0,3352
yong-purple_ruby,0.6.0,26149
yong-ruby-dbus,0.2.1,3361
yong-stropheruby,0.1.2,12582
yooda-client,0.1.4,3762
yookassa,0.2.0,3730
yooleroobee,0.0.1,3214
yoolinkpro-ruby-sdk,0.1.1,6570
yoomee-acts_as_mongo_taggable,0.2.6,17736
yoomee-decent_exposure,1.2.1,13835
yoomee-mongosphinx,0.2.4,37798
yoomee-rwebthumb,0.2.13,4328
yoomee-searchlogic,2.4.27,4623
yoon-view_trail,0.3.1,12547
yoooooou,0.0.1,3030
yop,0.0.3,7576
yopass,3.0.7,44353
yopass-cli,1.0.0,3328
yopt,0.4.0,8713
yopta_switcher,0.1.1,2289
yoptparse,0.1.2,6063
yordex,0.0.10,12910
yordi_tests,0.1.8,3820
yore,0.3.1,65517
yorgi,0.1.0,2131
yori,0.1.2,4558
yorinter,0.2.2,4288
yorisoi,0.0.3,7297
york-bin-collection,1.0.0,2301
yorkcmarker,2.3.4,4493
yorobot,1.1.0,18074
yo-ruby,1.0.0,14655
yose,0.1.0,2270
yoshida,0.1.1,27786
yoshiken_no_gem,0.1.0,2256
yoshiki,8.0.0,57806
yoshimitsu_palindrome,0.3.0,4219
yoshinon,1.0.0,881
yoshioka_gem,0.1.0,1650
yoti,1.10.0,166799
yoti_sandbox,1.4.0,9780
yotpo,1.0.6,330329
yotpo-api,0.0.1.pre.beta,7412
yotpo_api_smart_map,1.0.0,8531
yotsuba,0.5.0,15994
you,0.0.1,3777
youandme,0.2.4,16744
you_are_amazing,0.0.1,3318
YouAreDaChef,0.1.1,5287
you_bank,0.1.0,1576
you_buggin,0.0.2,5039
youcanbookme,0.0.6.alpha,7310
youcanbookme-api-ruby,0.0.3,2091
youcandoit,0.1.1,5339
youdao-dict,0.1.2,2423
youdao_dict_cli,0.0.0,3538
youdao_fanyi,0.1.2.2,16803
youdao-fanyi,0.0.2,7409
youdao_fanyi_api,0.1.2,5288
youdao-translate,0.2.4,5128
youframe,1.0.0,1622
you_got_listed,0.7.2,73933
youku,0.0.4,11558
youku_client,0.0.4,15554
youkuVideo,0.0.2,5306
youku_video_utility,0.2.3,13174
youlend,1.2.0,10993
youngiii,0.2.0,3627
young_view_tool,0.1.0,2263
younker-blog,0.0.1,4255
younker-generators,1.0.0,7775
younker-ssl_requirement,0.0.1,4421
younker-string-extensions,0.0.2,4405
youplot,0.4.5,19263
youpy-itunes-observer,0.0.2,5645
youpy-net-twitter-status,0.0.1,3378
youpy-newextension,0.1.3,12479
youpy-ruby-echonest,0.0.6,14841
youpy-scissor,0.0.21,49177
youpy-scissor-echonest,0.0.4,10278
youpy-text-converter,0.0.2,5613
youpy-www-favicon,0.0.3,7917
yourbase-rspec-skipper,0.1.9,9611
yourdsl,0.7.1,8199
youre_doing_it_wrong,1.0.0,3964
your_favorite_num,0.0.0,3295
yourgem,0.0.1,4714
your_gem_name,0.1.0,2297
yourinal,0.0.1,4372
yourkarma,1.0.1,10650
yourls,0.1.1,145273
your_membership,2.0.0,23144
yourmom,0.0.5,8817
your_mom,0.2.0,14443
yournavigation,0.0.2,7827
youroom_api,0.1.4,29104
your_platform,1.0.1,10518
Your-Time,1.0.0,3284
yourub,2.0.3,51282
youruby,1.0.7,3422
you_shall_not_pass,0.4.0,18402
yousign_client,1.0.4,25012
yousty-activeadmin,1.0.17.pre,46366
youtb_dl,0.1.4,8659
youthtree-capistrano,0.3.1,47699
youthtree-controller-ext,0.1.2,11316
youthtree-helpers,0.2.1,17683
youthtree-js,0.4.1,21238
youthtree-settings,1.0.2,36907
youtokentome,0.2.1,5435
youtrack,0.0.11,42834
you_track,0.4.8,29181
youtrack_client,1.0.1,3904
youtrack-notifier,0.0.1,2531
youtrack_on_rails,0.0.10,20296
youtu,0.1.0,2322
youtube,0.8.6,27264
youtube_addy,1.0.4,89724
youtube_analytics,0.0.1,4117
youtube_api,0.0.0,3581
youtube_audio,0.3.0,5502
youtube_audio_downloader,1.0.1,3926
youtube-captions,1.0.0,1002
youtube-crawler,0.0.1,3452
youtube-data,0.1.1,418
youtube_data_api,3.0.1,7099
youtube_dl,0.0.2,6707
youtubeDL,0.0.12,26302
youtube_dlhelper,2.0.4,26012
youtube-dl.rb,0.3.1.2016.09.11.1,219133
youtube_dl_ruby,0.1.1,4311
youtube-downloader,1.2,9025
youtube_embed,0.0.5,16071
youtube-embed,1.0.0,13562
youtube_feed,0.1.2,6925
youtube-g,0.5.0,45417
youtube-g-es,0.5.1,2509
youtube_id,0.1.0,77196
youtube_identifier,0.0.1,3634
youtube_images,1.0.1,6591
youtube_it,2.4.2,460855
youtubeli,0.0.3,3272
youtube_parser,0.1.10,15299
youtube_pop,0.0.5,12947
youtube_query,1.0.7,20624
you_tuber,0.1.0,1613
youtube_rails,1.3.0,71466
youtuberb,0.2.1,4547
youtube-ripper,0.0.1,4222
youtubescraper,0.0.9,11412
youtube_search,0.2.0,47461
youtube-searcher,0.0.2,3580
youtubesearchresultscraper,0.0.6,21603
youtube_search_thumbnail,0.1.4,6950
youtube_sync,0.0.2,5376
YoutubeTools,0.0.4,14566
youtube_to_rss,0.3.4,4652
youtube_transcript2020,0.3.3,8355
youtube_url,0.1.0,16631
youtube_url_parser,1.0.1,793
youtube_utils,0.1.2,10718
youtube_video,2.0,6387
youtube_video_id,0.1.0,3480
youtube_video_info,1.0.1,3329
YoutubeVideoParser,0.0.1,3473
youtube_video_search_at_web_page,0.1.0,3100
youversion,1.0.0,413
youyouaidi,0.1.2,34888
youyouaidi-revised,1.2.1,2860
youzan_api,0.0.1,1995
youzanyun,0.1.1,4217
yowl,0.4.2,11518
yoxruby,0.2.0,4086
yoyakutopten_scraper,0.0.9,19998
yoyle439587298,0.13.0,3470
yoyo,0.3.1,14883
yoyoyo,0.0.14,15300
yozhyk-database_cleaner,0.2.4,3390
yp,0.0.2,8758
ypadlyak-foreman,0.85.0,3321
YPBT,0.2.12,18646
ypdf-writer,1.3.5,6028
y_petri,2.4.9,161719
ypoloniex,1.0.2,2412
yp-ruby,0.1.5,10647
yptools,1.1.7,10480
yq,0.5.0,27703
yql,0.0.2,14335
yql-query,1.1.1,13779
yql_simple,0.0.2,4143
yqr,0.5.0,1968
yquotes,2.1.0,25262
yrb,0.0.1,390623
y-rb,0.5.6,74642
y-rb_actioncable,0.1.7,6231
yrpc,0.1.3,4831
yr_weather,1.0.4,6404
ysets,0.1.0,3903
ys_first_gem,0.1.0,2101
yslow,0.0.2,10124
ysm4r,0.1,4656
yspassenger,3.0.12,4237
yspell,0.1.3,10735
y_speller,0.2.0,5779
YSRedCloth,4.2.18,47870
ysrmailParser,0.1.2,7528
yssk22-couch_resource,0.1.1,5632
yst,0.2.0,4857
ysthand_dryer,0.0.1,3208
ystock,0.4.14,74494
ystore,0.0.1,3388
y_support,2.5.3,144389
yt,0.33.4,1776902
yt2srt,1.0.0,3905
ytag,0.0.1,4653
yt_analytics,0.0.4,13844
yt-analytics,0.0.1,3498
yt-andrewroth,0.25.10.2,7878
yt-annotations,2.0.0,30130
yt-audit,0.6.0,39465
yt-auth,0.3.1,42718
yt-content-id,0.0.1,3437
yt-core,0.1.7,41395
yt-data,0.0.1,3499
yt_data_api,0.0.2,7417
yt_data_checker,0.1.4,4980
ytdl,0.4.0,3712
yt_dlp,0.2.0,2399
yt-dlp.rb,0.3.1,2838
yt-download,1.0.4,1367
yt_downloader,0.1.0,2483
ytemplate,0.0.1,4287
yt_id,0.0.1,3511
ytifl,1.0.0,3523
ytj_client,0.3.3,12260
ytl,0.0.5,20477
ytlabs_api_client,0.0.1,2548
yt-live-streaming,0.0.1,3457
ytljit,0.0.9,30402
yt_meta,0.0.1,3655
yt_mp3,1.0.1,10581
ytools,0.3.1,55232
ytopics,0.0.1,3929
y-translate,0.2.2,6094
ytrbium,1.0.2,4402
ytrello,0.19.0,5480
ytrewq_dont_download,0.1.0,1778
ytripper,0.0.1,1903
ytry,2.0.0,9108
ytsearch,0.0.4,3252
ytsongdw,0.2.0,5785
yts-ruby,0.1.1,4027
ytstat,0.0.3,7227
YTStreamingAPI,0.0.1,2166
yt-support,0.1.3,242109
ytterb,0.2.160.214302,26960
yt-url,1.0.0,29769
yt_util,0.1.4,14377
yu,0.2.6,38379
yuan_test_gem_1,1.0.1,3586
yuan_test_gem_2,2.0.0,2037
yuba,0.0.9,37488
yubico_client,1.0.0,1804
yubikey,1.4.1,184175
yubikey_database_authenticatable,0.5.1,19806
yubikey-neo,0.1.0,5274
yubinbang,0.0.1,4439
yubioath,1.2.1,69283
YubiRuby,1.1.0,14246
yucca,0.0.1.alpha,1596
yudachi,0.0.1,22691
yuedu123,0.0.1,4148
yugabyte-ycql-driver,3.2.3.2,3777
yugen,0.4.0,1578
yugioh-bgm,0.0.1,3458
yugui-chkbuild,0.1.2,3379
yuhanghola,0.0.0,1681
yui,1.0.0,8449
yui-compass-plugin,0.3,10871
yuicompressor,1.3.3,73851
yui-compressor,0.12.0,8930264
yui-compressor_es,0.13.0,2412
yui-compressor-ext,0.0.4,17119
yuicssmin,1.0.2,10388
yuimai-test-pkg,0.0.2.1,3307
yuimaru,0.1.0,2714
yui-on-rails,0.1.16,58612
yui-rails,3.13.0.0.3.0,25971
yui-rails-asset,2.8.1,3798
yui_reset_rails,1.0.1,7790
yui_rest_client,0.5.3,5322
yukata,1.3.0,17116
yuki,0.1.2,11401
yukichi,0.1.8,13391
yukiko-merb_dynamic_sass,0.0.3,5694
yukon,0.5.2,33155
yukonisuru,1.0.0,5592
yum,0.1.8,6446
yume,0.1.2,4928
yumin_view_tool,0.1.0,2020
yuml,0.4.4,34731
yumlcmd,0.0.4,17498
yummi,0.9.5,82028
yummly,0.0.13,45879
yummy,0.0.2,8039
yumrepo,0.2.2,16537
yum_s3_sync,0.0.13,5576
yun,0.0.6,19709
yun_gem_1,0.0.0,2279
yunhe,0.0.2,5388
yunicorn_mixins,0.1,4096
yuniversity,0.1.7,15892
yun-logistics,1.0.3,6758
yuno,0.0.1,4350
yunoe,0.0.2,7146
yunpian,0.2.1,9841
yun-pian,0.1.0,2220
yunpian-captcha,0.1.0,2130
yunpian-carrier,0.1.0,4574
yunpiansms,1.0.6,10822
yunpian_sms,0.1.2,5254
yuntongxun,0.1.0,3272
yun_tong_xun,1.0.0,2921
yuntongxun_api,0.1.2,7021
yuntongxun-api,0.0.0,2716
yuntongxun_sdk,0.1.2,5217
yup,0.2.1,45396
yupi,0.1.4,11785
yuris-timer,0.0.0,4221
yuris_vocabuil,0.2.3,6538
yurl,0.2.1,2198
YurtCMS,0.4.1,11681
yury-acts-as-taggable-on,1.0.6,12637
yury-classifier,1.3.5,12522
yury-facebooker,0.9.5,3323
yury-memcache-client,1.7.1.3,3509
yury-ruby-stemmer,0.5.3,3552
yury-twine,0.9.3,6897
yury-typograph,0.1.1,3373
yus,1.0.6,15916
yuslow,0.2.0,6428
yuso,0.5.0,10008
yutani,0.1.20,12499
yuuki,0.1.10,8294
yuyi,1.1.7,42821
yuzu,0.2.1,6052
y_view_tool,0.1.0,1999
yweather,0.0.1,4353
ywen-actionwebservice,2.3.4.1,9289
ywx,0.1.3,12537
yx_sdk,0.1.7,12460
yx-smart_sms,0.1.2,2115
yxt-api,0.0.5,8507
YYFeed,0.1.1,14156
yygem,0.1.0,2384
yyid,4,3694
yyks_simple_command,0.1.3,6539
yymmdd,0.0.1,3895
yyuu-capistrano-chef-solo,0.1.6,46105
yyyc514-campaign_monitor,1.3.2.3,10538
yyyc514-dwell,0.2.1,8192
yyyc514-httparty,0.4.4.2,4947
yyyc514-lookup,0.2.0,3579
yyyc514-syndication,0.6.1.2,5852
yz,0.0.1.alfa,3656
yz_crawler,0.0.1,3508
yz-monitor,0.0.1,3495
yzz,2.1.1,33913
