z,0,1,0.1.0,5885,0,http://php.net
z13052hn_ninomiya,0,1,0.1.0,3643,0,
z14016yh_calcbmi,0,1,0.0.1,3959,0,""
z14017ks_fizzbuzz,0,1,0.0.0,3755,0,https://rubygems.org/profiles/sk_2015
z15014am_calcUtils,0,1,0.1.0,3123,0,
z15014am_gem,0,1,0.1.0,3111,0,
z15015to_bmi_gem_bundler,0,1,0.1.0,4103,0,http://rubygems.org/gems/z15015to_bmi_gem_bundler
z15021sn_binary_prefix_bytes,1807123.421,2,0.0.4,6296,0,https://github.com/nkmrshn/z15021sn_binary_prefix_bytes
z15024mk_kato,0,1,0.1.0,3736,0,http://aiit.ac.jp/
z16013ts_bmi_cal,793712.5446666667,4,0.1.3,11328,0,
z16020tm_tmoriai,5871.139,2,0.1.1,5487,0,
z16021_ttanaka,2927.313,2,0.1.1,6458,0,
z2monitor,3131.936,4,1.0.3,14538,0,https://github.com/liliff/z2monitor
z3,9691293.00847826,24,0.0.20230311,40224,0,https://github.com/taw/z3
z404,0,1,0.0.1,4951,0,http://github.com/jronallo/z404
z4ai,0,1,0.1.0,368,0,https://github.com/xorgnak/z4ai
z4app,279830.5342,6,0.1.6,1581,0,https://github.com/xorgnak/z4app
z4blockchain,5612.55625,5,0.1.4,1191,0,https://github.com/xorgnak/z4blockchain
z4bot,6720.884,2,0.1.1,631,0,https://github.com/xorgnak/z4bot
z4box,1286.51,3,0.1.2,870,0,https://github.com/xorgnak/z4box
z4broker,282627.64359999995,6,0.1.1,1460,0,https://github.com/xorgnak/z4broker
z4db,204817.06414285715,8,0.1.1,1747,0,https://github.com/xorgnak/z4db
z4grid,3385.244,2,0.1.1,616,0,https://github.com/xorgnak/z4grid
z80,256392.80625,5,0.3.2,1246,0,https://github.com/redcode/Z80-Ruby
z80_disassembler,196081.95229411763,18,0.3.6,28621,0,""
z85,37203.5648,11,0.11,21554,0,https://github.com/fxn/z85
z85rb,0,1,0.0.0,3006,0,https://github.com/weakish/z85rb
zaakpay_ruby,146190.7055,5,0.2.2,13094,0,https://github.com/shoaibmalik786/zaakpay_ruby
zaala,15466371.128999999,6,0.4.2,21531,0,https://rubygems.org/gems/zaala
zaarly-sinatra-sprockets,0,1,0.0.2.1,4862,0,http://github.com/zaarly/sinatra-sprockets
zaarly-swearjar,1987055.625,5,0.2.2,20805,0,http://github.com/zaarly/swearjar
zaarly-urbanairship,6330180.848,2,1.1.1,10742,0,http://github.com/zaarly/urbanairship
zab,0,1,0.1.0,3542,0,https://github.com/ishidadadolin
za_bank_scraper,0,1,0.1.6,3205,0,http://github.com/jeffmess/za_bank_scraper
zabbapi,2505409.2114,6,3.0.4,17479,0,https://github.com/gadost/zabbapi
zabbirc,2153561.9372,16,0.2.2,37057,0,https://github.com/tulak/zabbirc
zabbix,9556370.605666665,4,0.4.0,299741,0,http://github.com/mhat/zabbix
zabbix-action-status,130.63,2,0.1.1,6797,0,https://github.com/feedforce/zabbix-action-status
zabbix_agent,3153.624,2,0.1.1,8532,0,http://trac.red-tux.net/
zabbixapi,3149791.8874761905,106,4.2.0,1137920,0,https://github.com/express42/zabbixapi
zabbixapi-fotonsi,0,1,0.1.5,4638,0,https://github.com/fotonsi/zabbixapi
zabbix_api_gem,825421.33225,5,0.3.2,879,0,https://github.com/jancotanis/zabbix
zabbixapi_mgx,29977463.732,2,5.0.0.pre.alpha2,667,0,
zabbix-api-simple,7972104.3553,11,0.2.3,13433,0,https://gitlab.com/svdasein/zabbix-api
zabbix-client,4767126.988399999,11,0.1.1,34683,0,https://github.com/winebarrel/zabbix-client
zabbix-cloudwatch,10187477.874714287,8,0.2.0,21777,0,http://github.com/randywallace/zabbix-cloudwatch
zabbix_conf,0,1,0.0.1,3720,0,https://github.com/cevaris/zabbix-conf/
zabbix_graph,2903453.0412500002,5,0.0.5,12217,0,https://github.com/ryotarai/zabbix_graph
zabbix_manager,3599750.6910588234,18,5.1.5,224585,0,https://github.com/snmpd/zabbix_manager
zabbix-monitor,2687010.9976250003,9,0.0.10,22796,0,https://github.com/sping/zabbix-monitor
zabbix-monitor-modded,7438048.456,3,0.0.5,8734,0,http://rubygems.org/gems/zabbix-monitor
zabbix_nudge,26370.2085,5,0.1.9,17182,0,https://github.com/stonevil/zabbix-nudge.git
zabbix_protocol,5161368.191428572,8,0.1.5,144719,0,https://github.com/winebarrel/zabbix_protocol
zabbix_pusher,78006.42866666666,4,0.1.0,13992,0,http://iteh.at
zabbix-rails,377629.8896666667,13,0.2.6,11662,0,https://github.com/ciscolive/zabbix-rails
zabbix_receiver,17639.12525,5,0.0.5,12411,0,""
zabbix_receiver-fluentd,0,1,0.0.1,3521,0,""
zabbix-ruby-client,3826516.261826087,24,0.1.3,60140,0,https://github.com/eduvo/zabbix-ruby-client
zabbix_send,11050854.212,3,0.0.3,16692,0,https://github.com/englishm/zabbix_send
zabbix_sender,36508859.758,5,0.1.4,56207,0,https://github.com/nownabe/zabbix_sender
zabbix_sender_api,6332514.7891999995,11,1.1.3,14544,0,https://gitlab.com/svdasein/zabbix_sender_api
zabbix_sender_legacy,61944.8125,5,0.1.7,12119,0,https://github.com/lehn-etracker/zabbix_sender_legacy
zabbix_vhost,7913.731,9,0.6.5,13238,0,https://github.com/ArchimediaZerogroup/zabbix_vhost
zabby,1679184.4057999998,6,0.1.2,35981,0,https://github.com/Pragmatic-Source/zabby
zabcon,3363097.3007692313,14,0.0.392,55671,0,http://trac.red-tux.net/
zabel,2317388.779,7,1.0.6,10833,0,https://github.com/WeijunDeng/Zabel
zable,2961021.3223333335,10,0.1.0,30378,0,
zabx,125779.139,2,0.0.2,5941,0,https://github.com/oracal/zabx
zacharyw-ruby-aaws,0,1,0.8.1,4600,0,http://github.com/zacharyw/ruby-aaws
zache,8321367.506444444,19,0.13.1,2704258,0,http://github.com/yegor256/zache
zachtive_admahn,336.222,2,0.0.1,4174,0,
zack,6888853.3168750005,9,0.3.4,30420,0,http://github.com/kschiess/zack
zack_walkingstick_first_gem,0,1,0.0.1,3763,0,https://rubygems.org/profiles/zackwalkingstick
zactor,3171101.2375000003,5,0.0.8,17996,0,
zacusca,814.514,2,0.1.1,4331,0,https://github.com/icebreaker/zacusca
zadarma,103019754.03099999,3,0.0.4,11035,0,https://github.com/evgeniy-b/zadarma-ruby
zadarma_api,0,1,0.1.0,2217,0,https://github.com/infernalmaster/zadarma_api
zadok,303181.4278796296,109,0.10.8,162677,0,https://github.com/leonhooijer/zadok
zadt,1416500.706882353,18,1.1.7,35882,0,https://github.com/MrMicrowaveOven/ZADT
zadtool,0,1,0.1.0,2478,0,http://www.zeldaaid.top
zae,9213669.231333332,4,0.8.7,2136,0,https://github.com/easbarba/zae
zafarnote,0,1,1.0.0,3786,0,""
zaf_react,0,1,0.1.3,2101,0,https://github.com/onlyexcellence/zaf_react
zafu,3337901.12905,21,0.8.6,70372,0,http://zenadmin.org/zafu
ZagorskiADT,135154.55575,5,0.1.4,11419,0,https://github.com/MrMicrowaveOven/ZagorskiADT.git
za_id_number,42139607.10225,5,2.2.0,15435,0,https://github.com/zero-one-software/za_id_number
za-id-validator,41442.941,3,0.1.2,10831,0,http://github.com/craigp/za-id-validator
zaif,0,1,0.0.2,286246,0,https://github.com/palon7/zaif-ruby
zaif_wrapper,199993.92866666664,4,1.0.0,6640,0,https://github.com/cobafan/
zaig,2085984.4418461537,14,1.0.13,7778,0,
zaikio-client-helpers,5530245.6088,11,0.6.0,14363,0,https://github.com/zaikio/zaikio-client-helpers
zaikio-directory,1926278.6333076921,14,0.2.0,22471,0,https://www.zaikio.com/
zaikio-hub,3310556.29172,26,0.19.0,27080,0,https://www.zaikio.com/
zaikio-jwt_auth,3065450.613131579,39,2.8.1,54490,0,https://github.com/zaikio/zaikio-jwt_auth
zaikio-loom,9443406.0061,11,1.4.0,21863,0,https://github.com/zaikio/zaikio-loom-ruby
zaikio-mission_control,1962129.6360555557,19,0.5.1,6341,0,https://github.com/zaikio/zaikio-mission_control-ruby
zaikio-oauth_client,1696025.517195652,47,0.21.2,67220,0,https://github.com/zaikio/zaikio-oauth_client
zaikio-procurement,2362155.6734444443,19,2.2.0,16852,0,https://github.com/zaikio/zaikio-procurement-ruby
zaikio-warehouse,2510966.0828,16,0.9.0,5395,0,https://github.com/zaikio/zaikio-warehouse-ruby
zaikio-webhooks,6271570.764333334,13,0.2.0,23895,0,https://github.com/zaikio/zaikio-webhooks
zaim,0,1,0.0.1,4115,0,https://github.com/toshiwo/zaim
zairyo,2020444.121,3,0.0.3,3928,0,https://github.com/M1TE5H/zairyo.git
zaius,4058408.312333333,4,0.3.0,6964,0,https://www.galleyfoods.com
zakar,0,1,0.0.1,641,0,https://rubygems.org/gems/zakar
zake,6447.501,4,0.1.3,13837,0,
zakuro,3910034.5995833334,25,1.0.0,27121,0,https://github.com/pldb/zakuro
zalgo,222.76233333333334,4,0.0.4,15637,0,http://github.com/alexyoung/zalgo
zalgor,26334488.44,2,1.0.2,2188,0,https://github.com/kurukuruk/zalgor
zalk_services,0,1,0.0.1,3703,0,""
zalo-api,261477.368,2,0.1.1,18980,0,https://github.com/hungdh0x5e/zalo-api-ruby-sdk
zalo-sdk,146635.416,2,0.0.1,1178,0,https://rubygems.org/gems/zalo-sdk
zambrose_view_tool,0,1,0.1.0,2567,0,http://nohomepage.com
zaml,21219252.324,2,0.1.3,13158,0,http://github.com/hallettj/zaml
zammad_api,17682378.8315,13,1.2.0,63889,0,https://github.com/zammad/zammad-api-client-ruby
zammad-szpm,173949920.499,2,0.2.4,2504,0,https://github.com/znuny/zammad-szpm
zandelok_custom_functions,0,1,0.0.1,680,0,https://github.com/Zandelok/zandelok_custom_functions
zandelok_parity_prop,0,1,1.0.0,689,0,
zander,17794.089666666667,4,0.1.3,10194,0,https://github.com/spencerdcarlson/zander
zanders,3153568.9472419354,63,5.0.6,117918,0,""
zandu,728.7535,5,0.0.5,15762,0,http://rubygems.org/gems/zandu
zanox,8069041.813,7,0.2.7,25534,0,http://github.com/kr1sp1n/zanox
zanox_api,126660.35724999999,5,0.2.2,16968,0,https://github.com/ecoal95/zanox-api-rb
zanox_publisher,22496778.5495,5,0.1.4,11354,0,http://rubygems.org/gems/zanox_publisher
zanoxrb,1286109.578235294,18,0.5.10,38795,0,http://github.com/mozestudio/zanoxrb
zanshin,0,1,1.0.1,1197,0,https://github.com/tenchi-security/zanshin-sdk-ruby
zantetsuken,95922.427,2,0.1.1,4088,0,https://github.com/raisedevs/zantetsuken
zan_tools,398857.372,4,0.1.3,6862,0,http://gitlab.qima-inc.com/zigu/zan_tools
zanzibar,2656377.2630625,17,0.2.0,44453,0,https://github.com/Cimpress-MCP/zanzibar
zanzou,0,1,0.1.0,2691,0,https://github.com/yhara/zanzou
zap,0,1,0.0.1,4767,0,http://rubygems.org/gems/zap
zapata,17539185.3297,11,1.0.0,33275,0,https://github.com/Nedomas/zapata
zap-dns,891.396,2,0.1.1,5607,0,https://zap.stei.gr/dns
zaphire,372045.66444444447,10,0.0.36,24759,0,http://rubygems.org/gems/zaphire
zaphod,254126.1145,3,1.1.0,10307,0,http://github.com/tobytripp/zaphod
zapi,2417.875,2,0.0.3,7561,0,http://rubygems.org/gems/zapi
zapiclient,0,1,0.1.0,2408,0,https://github.com/h20dragon
zapier,0,1,0.1.0,1654,0,https://github.com/excid3/zapier
zapier_rest_hooks,66525691.588,2,0.0.2,4817,0,https://github.com/esbanarango/zapier-REST-hooks
zapier_ruby,17999338.409125,9,1.0.1,519082,0,https://github.com/pete2786/zapier_ruby
zapix,740836.8842222221,10,0.1.7,49780,0,https://github.com/mrsn/zapix
zapix3,479825.1395333333,16,0.2.5,69063,0,https://github.com/mrsn/zapix3
ZAPKDownloader,106667.45675,5,1.0.4,1752,0,https://github.com/ZhgChgLi/ZAPKDownloader
zapnap-isbn_validation,1.781,2,0.1.1,5865,0,
zapnap-tumblr,1.895,2,0.0.10,5882,0,http://github.com/jeffkreeftmeijer/tumblr
zapnito-cli,12013999.448,5,0.3.1,9868,0,https://github.com/opsb/zapnito-cli
zapp,2920763.784285714,8,0.2.6,6303,0,https://github.com/mathiashsteffensen/zapp
zappa,3606696.216,4,0.3.0,9901,0,""
zapper,0,1,0.0.1,651,0,https://github.com/achiurizo/zapper
zapp_sdk_tasks,9863877.238,7,0.6.0,34260,0,https://github.com/applicaster/zapp-sdk-tasks
zapr,573525.865,4,0.1.3,17258,0,""
zaproxy,342816.493,3,0.0.3,789,0,https://github.com/hahwul/zaproxy-ruby
zapt_in,35071.886,2,0.0.2,8350,0,https://github.com/rogerleite/zapt_in
zapwhite,8808840.788,23,2.21.0,169953,0,https://github.com/realityforge/zapwhite
zara,0,1,0.0.0,2041,0,http://rubygems.org/gems/zara
zara4,19242498.042,2,1.0.1,5759,0,https://github.com/zara-4/ruby-sdk
zarby,508827.50583333336,7,0.1.6,1994,0,https://github.com/VianneySonneville/zarby
zarchitect,4919277.696588235,18,1.7.6,11093,0,https://www.tohya.net/projects/web/zarchitect.html
zarinpal,0,1,0.0.1,5161,0,http://github.com/arashm/zarinpal
zarta,13868.139,2,0.0.2,4139,0,https://github.com/Chris-Robertson/zarta
zaru,53450850.28916667,7,1.0.0,2105243,0,https://github.com/madrobby/zaru
zarya,0,1,0.0.1,3822,0,https://github.com/asiniy/zarya
zas-client,354719.4945,13,0.2.0,40275,0,http://github.com/zero-as/zas-client-ruby
zashoku,323390.5372,16,1.7.1,24792,0,https://github.com/zashoku/zashoku/
zas-service,232501.16875,9,0.2.0,28335,0,http://github.com/zero-as/zas-service
zassets,3381244.8406428574,29,0.2.12,75867,0,https://rubygems.org/gems/zassets
zassets-plugins-ember,0,1,0.0.0,3254,0,https://rubygems.org/gems/zassets-plugins-ember
zassets-plugins-ember_emblem,32522.603,3,1.13.4,7382,0,https://rubygems.org/gems/zassets-plugins-ember_emblem
zassets-plugins-emblem,45136825.468,2,0.1.0,5713,0,https://rubygems.org/gems/zassets-plugins-emblem
zassets-plugins-haml_coffee,0,1,0.0.1,3762,0,https://rubygems.org/gems/zassets-plugins-haml_coffee
zassets-plugins-handlebars,16703555.38625,5,0.0.5,12715,0,https://rubygems.org/gems/zassets-plugins-handlebars
zassets-plugins-less,0,1,0.0.1,3841,0,https://rubygems.org/gems/zassets-plugins-less
zatca,11274998.524166666,7,1.1.0,24223,0,https://github.com/mrsool/zatca
zauberware-devops,0,1,0.0.8,1633,0,https://github.com/zauberware/zauberware-devops
zaui_zapi,11670551.98775,21,0.3.1,42339,0,https://github.com/uberdragon/zaui_zapi
zaunkoenig,8612.076142857142,8,0.0.8,10004,0,https://zaunkoenig.techgenossen.de
zavalit,1058.783,2,0.0.1,5735,0,
zaws,14640490.8148,6,0.1.1,14413,0,https://github.com/zynxhealth/zaws
zayin,2175471.660125,9,0.2.0,28766,0,http://github.com/erochest/zayin
zaypay,2012935.96,4,1.0.3,12789,0,https://github.com/zaypay/zaypay_gem
zazicki,0,1,0.0.1,3646,0,https://github.com/phoet/zazicki
zazu,46944.554,3,0.0.3,26642,0,https://github.com/ryancalhoun/zazu
zazz,2734298.273714286,8,0.0.8,27081,0,http://zeke.sikelianos.com
zazzle,0,1,0.0.1,4332,0,http://github.com/nsanta/zazzle
zazzle_rails,173408.832,6,0.0.6,16631,0,https://github.com/nrodriguez/zazzle_rails
zbar,45342010.674,6,0.3.0,467810,0,""
zbase32,0,1,0.1.1,6076,0,https://github.com/tdegrunt/zbase32
zbatery,3480950.7083571428,15,4.0.0,61411,0,http://git.bogomips.org/cgit/zbatery.git
zbox,31568092.794125002,9,0.1.3,23139,0,http://lajunta.qq.com/
zboxfs,0,1,0.0.0,2649,0,https://github.com/zboxfs/zbox
zbox_hsm_backup,0,1,0.1.2,2982,0,https://github.com/ZBoxApp/zbox_hsm_backup
z_build,514901.7085,3,1.1.2,9164,0,https://github.com/shaunbruno/z_build
zbx,76081.075,7,1.1.3,18665,0,""
zbxapi,9123849.904749999,25,0.3.11,94652,0,https://github.com/red-tux/zbxapi
zcash_ruby_explorer,0,1,0.1.0,1946,0,https://github.com/rodrigoalvesvieira/zcash_ruby_explorer
zc_broker,2422.344333333333,4,0.1.9,5898,0,http://zoomcar.com
zc_broker_hit,1653487.746,2,0.1.5,3268,0,http://zoomcar.com
zc_broker_kd,0,1,0.1.0,1889,0,https://github.com/kanwardeep007
zc_broker_service,0,1,0.1.6,1878,0,https://zoomcar.com
zc_broker_test,0,1,0.1.1,1875,0,https://github.com/umang5
zc_broker_vish,0,1,0.1.0,1879,0,https://zoomcar.com
zcc,0.0,5,0.2.0,18277,0,http://zcc.rubyforge.org
zc-example,0,1,0.1.0,1890,0,http://www.zoomcar.com
zc_gem_trial_ankur,0,1,0.1.2,1884,0,https://zoomcar.com
zchannel,149029.56900000002,3,0.3.0,7370,0,https://github.com/jazzonmymind/zchannel.rb
zci,5928997.872318182,23,0.11.0,38998,0,https://github.com/mamantoha/zci
zc_interfaces,0,1,0.1.7,1875,0,https://www.zoomcar.com
zclip-rails,52097600.5125,3,0.0.3,42497,0,https://github.com/HaNdTriX/zclip-rails
zclone,0,1,1.0.0,287,0,https://codeberg.org/mark22k/zclone
zcloudjp,565032.417,3,0.1.2,9278,0,https://github.com/giraffi/zcloudjp
zcollective,12369568.710454546,12,0.0.20,29395,0,http://github.com/scalefactory/zcollective
zconv,0,1,0.1.0,1809,0,https://github.com/lululau/zconv
zcore,0,1,0.0.1,4322,0,http://www.lwqzx.net
zcq100-test1,161.477,2,0.0.3,6031,0,http://zcq100-test1.zcq100.com
zcred,0,1,0.0.0,2381,0,https://github.com/zcred/zcred/tree/master/ruby/
ZCRMSDK,4442208.805538462,14,3.0.1,134472,0,https://github.com/zoho/zohocrm-ruby-sdk-2.1
zd,0,1,0.0.1,4368,0,http://github.com/ntalbott/zd
zdb,0,1,0.0.1,2205,0,http://github.com/paulasmuth/zdb
ZDevice,0,1,0.1.0,4666,0,http://github.com/igrigorik/zdevice
zd_hire,25286686.39614286,8,0.1.0,10663,0,http://github.com/angelim/zd_hire
zdm,7466905.716000001,10,1.1.1,23830,0,https://github.com/itrp/zdm
zdot-hola,0,1,3.2.1,1780,0,https://rubygems.org/gems/zdot-hola
zdpruby_log,0,1,0.1.0,1124,0,https://github.com/zhangdapeng520/zdpruby_log
zdravej,0,1,0.0.2,2491,0,http://rubygems.org/gems/zdravej
zdubzdab_hola,221249.572,15,0.1.5,29623,0,http://rubygems.org/gems/zdubzdab_hola
zdzolton-cambric,1.8755,11,0.7.2,26198,0,http://github.com/zdzolton/cambric
ze,0,1,0.0.1,2045,0,https://www.github.com/baweaver/ze
zeal,3334080.0409999997,3,0.1.0,11524,0,https://github.com/academia-edu/zeal
zealg,0,1,0.1.0,3198,0,https://www.github.com/CodingZeal/zealg
zeamays,84891.92566666666,4,0.0.7,10267,0,https://github.com/myun2ext/zeamays
zebra,80237.958,2,1.0.1,7261,0,https://github.com/osterman/zebra
zebra-datepicker-i18n,44538654.72575,5,0.1.4,10156,0,https://github.com/ivaldi/zebra-datepicker-i18n
zebra-datepicker-rails,20012278.99442857,8,1.9.7,31626,0,""
zebra-epl,10470359.7326,6,0.0.8,17446,0,http://github.com/cassiomarques/zebra-epl
zebra_palindrome,41492.070166666665,7,0.1.24,9037,0,https://github.com/dubesoftware/zebra-palindrome
zebra_printer,41371505.6995,3,0.9.0,6594,0,http://github.com/yatsura/zebra_printer
zebra_quill,0,1,0.0.00.pr,2574,0,https://github.com/aleksmsd/zebra_quill
zebra_zpl,0,1,0.0.1,4362,0,https://github.com/BM5k/zebra_zpl/
zebra-zpl,23293214.495375,9,1.1.4,381466,0,https://github.com/bbulpett/zebra-zpl
zebris,322543.10349999997,3,0.0.3,8733,0,http://github.com/JGailor/zebris
zed,0,1,0.0.1,4001,0,""
zedbeans,0,1,0.0.5,4564,0,http://github.com/ejw/zedkit
zeddb,1980572.458,2,1.1.4,8117,0,http://github.com/zedkit/zeddb
zedkit,11204113.806,4,1.2.0,14650,0,http://github.com/zedkit/zedkit
zedlocales,1513169.8286666665,4,1.1.3,14585,0,http://github.com/zedkit/zedlocales
Zee5,40253.37,2,1.2.1,3218,0,https://m.youtube.com/FunnyBunny-YT/
zeebe_bpmn_rspec,3827964.2307142853,8,1.0.0,11370,0,https://github.com/ezcater/zeebe_bpmn_rspec
zeebe-client,4767358.492411765,35,0.20.0,66466,0,https://github.com/zeebe-io/zeebe-client-ruby
zeebox,0,1,0.0.1,3674,0,https://github.com/TigerWolf/zeebox
zeevex_cluster,2132590.1465555555,10,0.3.6,25931,0,http://github.com/zeevex/zeevex_cluster
zeevex_concurrency,269.755,2,0.0.2,6663,0,""
zeevex_delayed,36371174.86,2,0.9.2,7561,0,https://github.com/zeevex/zeevex_proxy
zeevex_proxy,10834289.5845,5,0.9.6,15733,0,""
zeevex_reliability,218748.4546666667,4,0.1.3,14136,0,""
zeevex_threadsafe,44975321.384,2,0.1.2,7697,0,http://github.com/zeevex/zeevex_threadsafe
zei,16475095.000333332,10,0.2.5,6389,0,
zeiger,22816947.604666665,7,0.0.7,11568,0,https://github.com/conanite/zeiger
zeit,63588.24525000001,5,0.0.3,13836,0,https://github.com/rmoriz/zeit
zeitungen,7588743.9158,6,0.2.5,12908,0,
zeitwerk,2612847.9724590164,62,2.6.13,349492897,0,https://github.com/fxn/zeitwerk
zeiv-declarative_authorization,0,1,1.0.0.pre,3948,0,https://github.com/zeiv/declarative_authorization
zeke-hamlize_views,2.442,2,0.0.3,5645,0,http://github.com/zeke/hamlize_views
zeke-monkey_patches,1.854,14,0.1.19,33102,0,http://github.com/zeke/monkey_patches
zelastic,11132347.101384614,14,0.8.0,23524,0,https://github.com/carwow/zelastic
zelda,2752508.764142857,8,1.4.0,26162,0,https://github.com/tilsammans/zelda
zelda-formatter,0,1,0.0.1,3409,0,""
zelf0gale-aide,0,1,0.0.4,3362,0,http://github.com/duwanis/aide
zelic,67991.594,2,0.1.1,3405,0,https://zelic91.github.io
zelkova,503387.058,2,0.1.1,1880,0,https://www.github.com/cguess/zelkova
zemanta,0,1,0.0.1,4506,0,https://github.com/otobrglez/zemanta
zemanta_client,4641397.87975,9,0.0.9,28186,0,""
zemax,2053472.139,5,0.2.0,17776,0,http://github.com/arvicco/zemax
zemu,3951722.328625,17,1.1.0,22352,0,https://github.com/jayvalentine/zemu
zemus,18254558.586785715,15,0.0.16,31904,0,https://github.com/jdodson/zemus
zen,2643559.2811875,17,0.4.3,52912,0,https://github.com/zen-cms/zen-core
zena,4772827.59103125,33,1.2.8,103391,0,http://zenadmin.org
zenapi,0,1,0.0.1,4242,0,
zenaton,2450603.4204666666,16,0.6.0,27733,0,https://github.com/zenaton/zenaton-ruby
zenbe-flareshow,1.854,5,0.3.0,12519,0,http://github.com/willbailey/flareshow
zenbox,605852.3184999999,7,0.0.8,21889,0,http://cloudfuji.com
zen_breadcrumbs,84753.929,3,0.1.2,7820,0,https://github.com/tenbrother/zen_breadcrumbs
zencms,55701.932,2,0.0.2,6138,0,https://github.com/jentzheng/zencms
zencodable,726906.16025,9,0.2.1,28696,0,https://github.com/sbeam/zencodable
zencoder,3444693.024974359,40,2.5.1,1353677,0,""
zencoder-cli,69629.45742857143,8,0.1.8,27744,0,http://github.com/zencoder/zencoder-cli
zencoder-fetcher,3748405.331375,17,0.2.8,231190,0,http://github.com/zencoder/zencoder-fetcher
zencoder-flix_cloud-gem,1.907375,9,0.5.3,21537,0,http://github.com/zencoder/flix_cloud-gem
zen_config,77704.30033333333,4,0.0.4,13203,0,https://github.com/porecreat/zen_config
zend,66827.192,5,0.2.1,13675,0,https://github.com/JeanMertz/zend
zendConfigYaml,0,1,1.0.0,3728,0,http://rubygems.org/gems/zendConfigYaml
zendeath,1624426.077,2,0.0.3,6001,0,https://github.com/zacharyalexstern/zendeath
zendesk,1556071.0211111112,10,0.1.9,37009,0,https://github.com/aderyabin/zendesk
zendesk2,3533891.511166667,97,1.15.0,265199,0,https://github.com/lanej/zendesk2
zendesk_api,2451268.0044583334,145,3.0.5,33416307,0,https://github.com/zendesk/zendesk_api_client_rb/tree/v3.0.5
zendesk-api,6750566.7635,11,0.3.4,52541,0,http://github.com/pgericson/zendesk-api
zendesk_api_client_rb,0,1,9001.0,2423,0,
zendesk-api-naoya,37905.068250000004,5,0.3.7,16052,0,http://github.com/pgericson/zendesk-api
zendesk_apps_manager,0,1,0.0.0,3610,0,http://rubygems.org/gems/zendesk_apps_manager
zendesk_apps_support,2165798.94198125,161,4.40.0,423093,0,http://github.com/zendesk/zendesk_apps_support
zendesk_apps_tools,2048867.5754969697,166,3.9.2,426052,0,https://github.com/zendesk/zendesk_apps_tools
zendesk-ar_mailer,36720798.11225,5,2.1.7,20443,0,http://seattlerb.org/ar_mailer
zendesk_configuration,367.502,2,1.39.2,2212,0,https://github.com/thomascountz/zendesk_configuration
zendeskdumper,144065.13666666666,4,0.1.4,6492,0,https://rubygems.org/gem/zendeskdumper
zendesk_engine,5617.555,2,0.0.2,5784,0,https://github.com/catarse/zendesk_engine
zendesk-features,1.9005,3,1.0.2,7996,0,http://github.com/zendesk/features
zendesk_help_center_api,13038482.632,11,0.8.0,41278,0,https://github.com/mamantoha/zendesk_help_center_api_client_rb
zendesk-james-moriarty,609501.2725000001,3,0.1.2,5849,0,https://github.com/jamesmoriarty/zendesk
zendesk_polly,0,1,0.0.1,2402,0,http://github.com/angelim/zendesk_polly
zendesk-populator,14818364.911,2,0.0.3,7376,0,http://github.com/jamtur01/zendesk-populator/
zendesk_rails,5750941.516500001,3,0.1.2,9711,0,https://github.com/rzane/zendesk_rails
zendesk_remote_auth,32883302.13833333,4,1.2.0,258224,0,https://github.com/viewbook/zendesk_remote_auth
zendesk_remote_authentication,12720.730249999999,5,0.9.0,17679,0,http://github.com/jwachira/zendesk_remote_authentication
zendesk-rinku,34898760.334,3,1.7.3,46095,0,https://github.com/zendesk/rinku
zendesk_support_api,152063.16975,5,0.5.0,7150,0,https://gitlab.com/reyloc/zendesk_support_api
zendesk_test_gem,629893.4805,11,2.1,7746,0,https://developer.zendesk.com
zendesk-tools,580561.70675,5,0.0.8,12863,0,https://github.com/finn-no/zendesk-tools
zend-framework-deploy,1530038.1825,3,0.3.0,10885,0,http://github.com/fabn/zend-framework-deploy
zenduty,0,1,1.0.0,2433,0,https://apidocs.zenduty.com/
zenflow,3438259.0924000004,11,0.8.12,28728,0,https://github.com/zencoder/zenflow
zenfolio,0,1,0.0.1,4223,0,https://github.com/fernandoaleman/zenfolio
ZenfolioAPI,1419467.514777778,10,0.1.1,27260,0,""
zenfolio-jekyll-theme,348116.38066666666,4,0.1.4,7438,0,https://github.com/noelkhasipov/zenfolio.git
zen_freshdesk,9693.646222222222,10,0.0.10,24573,0,https://gitlab.com/factory-engine/gem_freshdesk
zeng,4757431.378,2,0.0.2,7832,0,https://github.com/baya/zeng
zen_garden,2018494.18,4,0.0.6,11093,0,http://github.com/tubbo/zen_garden
zengin_code,1590618.0331081082,186,1.0.1.20240415,2063524,0,https://github.com/zengin-code/zengin-rb
zengin_code_rails,2389441.891034483,30,0.4.24,45509,0,https://github.com/anipos/zengin-code-rails
zen-grids,5505734.79844,26,2.0.3,180130,0,https://github.com/JohnAlbin/compass-zen-grids
ZenHacks,0.0,2,1.0.1,8539,0,http://rubyforge.org/projects/zenhacks/
zenhob-hcl,1.9596666666666664,7,0.2.3,17165,0,http://github.com/zenhob/hcl
zen_http,0,1,0.0.1.pre,3134,0,http://www.deepak-kannan.com
zenhub2pivotal,0,1,0.1.0,2801,0,https://github.com/irohiroki/zenhub2pivotal
zenhub_ruby,3232109.4705,3,0.2.1,7433,0,https://github.com/tkm-kj/zenhub_ruby
zenith,0,1,0.0.1,3736,0,https://github.com/cobyism/zenith
Zenity.rb,5508709.335,3,0.1.2,11666,0,http://github.com/vikhyat/zenity.rb
zenity-wrapper,0,1,2.30.0.1,3843,0,https://github.com/lkdjiin/zenity-wrapper
zenkeeper,7793342.3985,3,0.0.3,8091,0,https://zenkeeper.io
zenlight,1758921.8414999999,3,1.0.5,5544,0,https://github.com/onlyexcellence/zenlight
zenlish,1946802.1328709677,32,0.2.06,50612,0,https://github.com/famished-tiger/zenlish
zenml,2527926.456583333,13,1.6.1,20809,0,https://github.com/Ziphil/Zenithal
zenml-book,16247617.3405,3,1.1.0,5306,0,https://github.com/Ziphil/ZenithalBook
zenml-slide,22544.420749999997,5,1.1.1,6381,0,https://github.com/Ziphil/ZenithalSlide
zeno,8047216.3565,5,0.2.0,9103,0,https://git.bietje.net/etaos/zeno
zenodo,4215587.4288,6,0.0.8,15588,0,https://github.com/sprotocols/zenodo
zenoss_api,7386930.960333332,7,0.3.7,10802,0,""
zenoss_client,19184351.082294118,18,0.10.1,57999,0,https://github.com/RubyOpenSource/zenoss_client
zen-plaid,2262000.3446000004,6,0.0.7,14807,0,https://github.com/seanmccann/zen-plaid
zenprofile,17043393.2208,6,1.3.2,21478,0,http://rubyforge.org/projects/seattlerb
zenps-ruby,41911.9325,3,0.0.3,4516,0,http://github.com/aphilippartd/zenps-ruby
zen_pub,0,1,0.0.1,3766,0,""
zenpush,10261429.72175,5,0.3.1,14880,0,https://github.com/cleverscale/zenpush
zen-query,0,1,1.0.0,2147,0,https://github.com/akuzko/zen-query.git
zenra,0,1,0.1.0,4457,0,https://github.com/kwappa/ruby-zenra
zen-ruby,1538731.32,2,0.0.5,2143,0,https://github.com/dvarrui/tools/tree/main/zen.ruby.d
zensana,1490433.2954166664,13,1.8.0,28477,0,
zensend,27114388.699,2,0.0.2,60509,0,http://rubygems.org/gems/zensend_ruby_api
zen_seo,3877671.5925000003,3,0.0.3,8976,0,http://github.com/zengile/zen_seo
zen-service,80320900.241,2,1.1.0,2510,0,https://github.com/akuzko/zen-service.git
zenslap,1942860.0850000002,11,0.3.1,36694,0,http://github.com/opsb/zenslap-client
zen_slug,523.75,2,0.0.1,5835,0,""
zenStache,0,1,0.0.1,4219,0,""
zentask,461855.251,2,0.0.2,7305,0,""
ZenTest,6531443.1726,61,4.12.1,10443145,0,https://github.com/seattlerb/zentest
zentest-without-autotest,7536266.857666668,4,4.4.0,16705,0,http://github.com/grosser/zentest
zen_to_i,89815493.1505,3,0.1.0,127020,0,""
zentool,0,1,0.8.0,2749,0,https://github.com/ennova/zentool
zentradi,821974.4064999999,3,0.0.2,11663,0,http://github.com/EmmanuelOga/zentradi
zenturio_batteries,278102.85733333335,4,1.0.3,12499,0,https://github.com/andreas-sotnik/zenturio_batteries
zenv,1965950.1993333334,4,1.1.0,21048,0,https://github.com/austinthecoder/zenv
zenvelope,1036683.155,3,0.2.1,8161,0,https://github.com/nbarnum/zenvelope
zenvia,1259421.7281428573,8,0.0.8,22702,0,https://github.com/parafuzo/zenvia
zenvia-rb,4631532.722200001,11,0.1.0,21560,0,https://github.com/jefersonhuan/zenvia-rb
zenvia-rest-rails,177.643,2,0.2.5,7504,0,http://github.com/lucmousinho/zenvia-rest-rails
zenvia-ruby,21420993.783428572,8,0.1.8,24270,0,http://github.com/leonelmorais/zenvia-ruby
zenvia_s4m,27971326.799250003,5,0.9,11376,0,http://facebook.com.br/solution4mac
zenvia-sms,0,1,0.1.0.pre.alpha,2277,0,https://github.com/pinedevelop/zenvia-sms
zen_view_tool,0,1,0.1.0,1851,0,https://github.com/monsieurkayode/zen_view_tool
zenweb,14882215.4348,31,3.11.0,107836,0,https://github.com/seattlerb/zenweb
zenweb-autolink,0,1,0.0.1,4115,0,http://github.com/tamc/zenweb-autolink
zenweb-haml,0,1,0.0.1,4199,0,https://github.com/flavorjones/zenweb-haml
zenweb-template,44221313.75875,5,1.0.3,12611,0,https://github.com/seattlerb/zenweb-template
zenweb-textile,0,1,0.0.1,4092,0,http://github.com/tamc/zenweb-textile
zephyr,2442874.34625,21,1.2.2,74825,0,http://github.com/mhat/zephyr
zephyr_client,5322740.737,2,0.0.1,3932,0,http://github.com/h20dragon.
zephyre,33019.299,4,0.2.2,7384,0,""
zephyr_ruby,13068303.977333331,4,0.4.0,103759,0,https://github.com/chrisdavis180/zephyr_ruby
zephyrus,1162895.96,3,0.2.1,5598,0,http://sportsrocket.com
zeployment,68359.27859999999,6,0.3.1,8757,0,https://github.com/namangupta01/zeployment
zeppelin,9387661.1508,11,0.8.4,42521,0,https://github.com/CapnKernul/zeppelin
zepplen_aws,310902.6595,3,0.0.3,9030,0,https://github.com/zepplen/aws-tools
zepto,0,1,0.0.2,1719,0,https://github.com/Rafi993/zepto
zepto-for-rails,13296165.74436842,20,1.0.0,41971,0,https://github.com/stefanvermaas/zepto-for-rails
zepto_jquery_rails,0,1,0.0.1,3711,0,https://github.com/bradfeehan/zepto_jquery_rails
zepto_rails,0,1,1.0,5212,0,https://github.com/frontfoot/zepto_rails
zepto-rails,34153.707,2,0.1.0,9119,0,https://github.com/tmilewski/zepto-rails
zerbo,147340.489,2,0.1.0,7530,0,https://github.com/tpope/zerbo
zerenity,0,1,1.3,5323,0,http://www.aimred.com/projects/zerenity
zerg,0.0,2,0.0.3,8103,0,http://www.zergling.net
zergling,0,1,0.0.1,4670,0,http://www.zergling.net
zergrush,902426.8272500001,21,0.0.24,50784,0,https://github.com/MTNSatelliteComm/zerg
zergrush_cf,1109719.2012142858,15,0.0.17,36207,0,https://github.com/MTNSatelliteComm/zerg
zergrush_vagrant,4345823.205,5,0.0.5,12964,0,https://github.com/MTNSatelliteComm/zerg
zerg_support,8254542.263153846,14,0.1.6,107835,0,http://github.com/costan/zerg_support
zerg_xcode,7784714.3588,11,0.5.0,41605,0,http://github.com/zerglings/zerg_xcode
zerial,0,1,0.0.1,3284,0,""
zerigo-designate,2016192.0105833334,13,0.1.2,43336,0,http://github.com/ncantor/designate
zerigodns,809370.6636666666,4,1.1.0,9794,0,https://github.com/8x8Cloud/zerigodns
zerigo_dns,3546248.626142857,22,1.5.6,101778,0,http://github.com/twilson63/zerigo_dns
zermelo,3035154.652333333,10,1.4.3,23734,0,https://github.com/flapjack/zermelo
zero,1416857.982,2,0.1.2,6769,0,http://github.com/libzero/zero
zero_auth,21884968.783999998,3,0.0.3,7107,0,https://github.com/bschaeffer/zero_auth
zero_authorization,6850326.435166667,7,1.4.0,18419,0,https://github.com/rajeevkannav/zero_authorization
zerobearing2-facebooker,0,1,1.0.46,3456,0,http://facebooker.rubyforge.org
zerobearing-hashie,0,1,0.1.9,4605,0,http://github.com/intridea/hashie
zerobounce,12937345.389416667,13,0.3.1,413961,0,https://github.com/afrase/zerobounce
zerobounceindia-sdk,5982791.796,5,1.1.1,1485,0,https://zerobounce.in
zerobounce-sdk,5979554.5525,5,1.1.1,3619,0,https://zerobounce.net
zero_captcha,0,1,1.0.0,3350,0,https://github.com/infosimples/zero_captcha
zero-captcha,48542136.66816667,7,0.0.7,49217,0,http://github.com/lunaru/rails-zero-captcha
zeroc-ice,15287841.542499999,19,3.7.10,30500,0,https://github.com/zeroc-ice/ice
zeroc-ice-x64-mingw,23574027.98733333,7,3.6.5,15876,0,https://github.com/zeroc-ice/ice
zeroc-ice-x86-mingw,23574045.70466667,7,3.6.5,15822,0,https://github.com/zeroc-ice/ice
zero_clipboard-rails,40243069.099,2,1.3.5.0,7744,0,https://github.com/jyunderwood/zero_clipboard-rails
zero-clipboard-rails,3640662.435,2,1.0.1,16036,0,http://rubygems.org/gems/zero-clipboard-rails
zeroclipboard-rails,7594999.6094,16,0.1.2,2593592,0,https://github.com/zeroclipboard/zeroclipboard-rails
zeroconf,0,1,1.0.0,306,0,https://github.com/tenderlove/zeroconf
zero_deploy,45503.068,3,1.4.13.2,8967,0,https://github.com/railsware/zero_deploy/
zerodogg-phpdocr,0,1,0.1,3390,0,http://random.zerodogg.org/phpdocr
zerodogg-wwine,0,1,0.0.1,3389,0,http://random.zerodogg.org/wwine
zero_downtime,16546392.835333332,4,0.4.0,12343,0,https://github.com/gogovan/zero_downtime
zero_downtime_migrations,429489.1902857143,8,0.0.7,1277483,0,https://github.com/lendinghome/zero_downtime_migrations
zerofetcher,2073689.57792,76,0.0.80,124743,0,http://d3corp.com
zero_fill,0,1,0.2.0,6061,0,https://github.com/mobi/zerofill
zero-fix18,0,1,0.1.0,3981,0,http://github.com/libzero/zero-fix18
zero_formatter,0,1,0.1.0,2482,0,https://github.com/aki017/zeroformatter.rb
zero_generators,0,1,0.0.1,4575,0,http://github.com/mauricioszabo/zero_generators
zero_janvier,0,1,0.0.0,2933,0,
zero-jekyll,0,1,0.0.1,1981,0,https://github.com/SevenZeroThree/zero
zeroload,19083.943,2,0.0.2,4944,0,https://github.com/apeiros/jacob
zeromem-ws,55830877.623,3,0.1.3,5443,0,https://github.com/zeromem88/ruby-zeromem-ws
zero-moo,90289.493,2,0.1.1,5883,0,https://github.com/timmyArch/zero-moo
zeromq,14414616.106,2,0.0.2,7475,0,
zeromqrb,11509111.17,4,0.1.3,127481,0,""
zerone,0,1,0.0,2876,0,https://github.com/digitalextremist/zerone
zero-params_processor,66015126.724,2,0.4.2,3960,0,https://github.com/zhandao/zero-params_processor
zero_push,3795079.875375,17,2.5.1,69804,0,https://github.com/ZeroPush/zero_push
zero_push_woosh,0,1,1.0.0,3729,0,https://zeropush.com
zero-rails_openapi,6098272.093088235,35,2.2.0,274246,0,""
zeros,0,1,0.0.1,3485,0,
zerossl,0,1,0.1.0,1915,0,https://github.com/creadone/zerossl
zerost,0,1,0.0.1,4065,0,""
zerostruct,0,1,0.0.1,4074,0,""
zerp,0,1,0.0.1,3950,0,http://mavens.io/conversation
zerp-test,0,1,0.0.2,3166,0,""
zertico,1623405.9770384615,27,1.3.0,67192,0,https://github.com/zertico/zertico
zest,970170.0676666666,4,0.0.4,8216,0,https://github.com/swagger-api/swagger-codegen
zester,56044440.33466667,4,0.4.0,16275,0,http://github.com/tcocca/zester
zestui,1984044.7343333336,4,0.4.0,923,0,https://www.zestui.com
zestui-lucide-rails,0,1,0.3.0,589,0,https://github.com/zest-ui/zestui-lucide-rails
zesty,26651088.917000003,3,0.2.1,23046,0,https://github.com/jackpocket/zesty-rb
zestyclose,3265.0789999999997,4,0.1.3,3266,0,https://github.com/kyphan1/z123123estyclose
zet,56601.2275,3,0.2.2,3995,0,https://github.com/makaroni4/zet
zeta,1537734.136051282,40,2.1.4,89945,0,https://github.com/moviepilot/zeta
zetaben-Html2Feedbooks,2.107,17,1.0.6,40020,0,http://github.com/Html2Feedbooks
zetaben-ruby-feedbooks,0,1,0.1,3367,0,http://github.com/ruby-feedbooks
zetabot,5539996.428804878,42,2.1.1,68776,0,https://github.com/flagrun/Zeta
zeta_hunter,0,1,0.1.0,2337,0,https://github.com/mooreryan/zeta_hunter
zetalytics,175187.706,3,0.1.2,8678,0,https://github.com/intrigueio/zetalytics
zettacode,1256.289,8,0.1.7,2728,0,https://github.com/dvarrui/zettacode
zettel,2724.777,2,0.1.0,2937,0,
zettel_outline,0,1,0.1.1,2943,0,http://zettelkasten.de/
zetto,0,1,2.2.0,2551,0,""
zeus,7067225.87168,51,0.16.0,4612661,0,https://github.com/burke/zeus
zeus-api,65009.826,2,0.1.1,11135,0,http://github.com/peterson/zeus-api
zeusclient,15714031.846333332,4,0.3.1,8656,0,https://github.com/CiscoZeus/ruby-zeusclient
zeusd,290533.23288888886,10,0.3.1,56721,0,https://github.com/veloper/zeusd
zeus-edge,0,1,0.12.1,4008,0,http://zeus.is
zeus-justinf,0,1,0.13.5,3460,0,http://zeus.is
zeus-parallel_tests,14955346.597333334,10,0.3.2,356241,0,""
zeus-rails23,0,1,0.1.0,4404,0,http://tylersmith.me
zeus_ruby,142061.498,3,0.4.5,5594,0,https://github.com/ZeusHQ/zeus-ruby
zeus_sdk,337672.33973913046,24,0.7.1,39024,0,https://github.com/ZeusHQ/zeus-sdk-ruby
zevarito-uglify_html,2.095,2,0.12,5759,0,""
zevarito-undress,2.1284,6,0.2.4,14814,0,http://undress.rubyforge.org
zewo-dev,298811.3558421053,20,0.3,41171,0,http://github.com/Zewo
z_experiment,0,1,0.0.1,3191,0,http://example.com
zfaker,3983.6267500000004,9,0.0.9,17972,0,https://github.com/MacroMackie/zfaker
zfben_capistrano,18669.799,2,0.0.1,7252,0,https://github.com/benz303/zfben_capistrano
zfben_extend,2664645.89375,5,0.0.5,16348,0,https://github.com/benz303/zfben_extend
zfben_hanoi,209489.22733333334,4,0.0.4,13653,0,https://github.com/benz303/zfben_hanoi
zfben_libjs,287055.5284285714,29,0.0.29,91194,0,https://github.com/benz303/zfben_libjs
zfben_rails_assets,1959995.3864666666,16,0.0.16,50443,0,https://github.com/benz303/zfben_rails_assets
zfben_rails_jobs,40008.66883333333,7,0.0.7,22757,0,https://github.com/benz303/zfben_rails_jobs
zfben_rails_jqgrid,0,1,0.0.1,4294,0,https://github.com/benz303/zfben_rails_jqgrid
zfben_rails_rake,2388419.423,21,0.0.23,66055,0,https://github.com/benz303/zfben_rails_rake
zferral,16335026.755,3,0.2.2,15441,0,http://github.com/grasshopperlabs/zferral
zff,0,1,0.0.1,4345,0,https://github.com/benz303/zff
zfinifile,0,1,1.0.0,4202,0,
zfletch-style,0,1,1.0.0,455,0,https://github.com/zfletch/zfletch-style
zfs,31663.658,2,0.1.1,9922,0,https://github.com/kvs/ruby-zfs
zfs_mgmt,3628160.6362272725,23,0.4.7,33911,0,https://github.com/aranc23/zfs_mgmt
zfs-mysql-backup,311.307,3,0.0.10,11799,0,http://github.com/giraffesoft/zfs-mysql-backup
zfs-snapshot,0.0,2,1.0.2,8045,0,
zfstools,11727488.3725,7,0.3.2,21931,0,http://github.com/bdrewery/zfstools
zfs-tools,1221235.787,2,0.2.1,6393,0,http://bitbucket.org/kschiess/zfs-tools
zfstozab,22796788.851,3,1.1.2,3981,0,https://gitlab.com/svdasein/zfstozab
zg,556.526,2,0.1.2,2757,0,https://github.com/NdagiStanley/zg
zgcp_toolkit,1124794.5346666665,7,1.2.3,15438,0,https://github.com/ZIGExN/zgcp_toolkit
zgen_client,2950454.534,3,1.0.2,2845,0,https://rubygems.org/gems/zgen_client
zget,1909394.94,2,0.2.0,4018,0,https://github.com/patriciomacadden/zget
zgomot,13501934.991299998,11,1.1.0,31771,0,http://github.com/troystribling/zgomot
zgrid,0,1,0.0.1,4269,0,""
zgzgcase,1992.9885000000002,3,0.1.2,4235,0,https://github.com/CIRCLECI-GWP/zigzagcase
zh,96134736.286,3,1.0.0,7184,0,https://github.com/zh-locale/zh.rb
zhalo_calculator,0,1,0.0.0,2357,0,http://rubygems.org/gems/zhalo_calculator
zhanghd_kaminari,0,1,0.10.4.1,4313,0,https://github.com/ZhangHanDong/kaminari
zhangmen,11770580.228999998,3,0.2.0,10423,0,http://github.com/pwnall/zhangmen
zhaorong-mm-sluggable,2854.6865,3,0.0.3,10511,0,http://github.com/zhaorong/mm-sluggable
zhash,0,1,0.0.0,2361,0,https://github.com/zcred/zcred/tree/master/ruby/
zhconv,0,1,0.1.1,10797,0,http://github.com/siuying/zhconv
zhexdump,174644524.45700002,3,0.1.0,4322691,0,""
zhima,2569282.807375,9,0.3.5,50997,0,https://github.com/zhchsf/zhima
zhima_auth,342798.983,2,0.3.0,3986,0,http://www.liangboyuan.pub
zhimin-rwebspec,2.3153333333333332,4,1.4.1,10331,0,http://github.com/zhimin/rwebspec/tree/master
zh_kostev_ext,767311.6017894737,20,1.0.3,58251,0,http://github.com/ZhKostev/zh_kostev_ext
zh-lorem,0,1,1.0.0,4878,0,http://github.com/gugod/zh-lorem
zhola,10373.519,2,0.0.2,3264,0,http://rubygems.org/gems/zhola
zhong,12029895.828933332,16,0.3.0,2699548,0,https://www.github.com/nickelser/zhong
zhongwen_tools,4893647.94195,41,0.19.7,94228,0,https://github.com/stevendaniels/zhongwen_tools
zhrb,0,1,0.1.0,3636,0,http://tonytonyjan.net
zhSieve,0,1,0.2.0,2557,0,https://github.com/gwzz/zhSieve
Z_HTMLgen.rb,0,1,1.0.0,3635,0,""
z-http-request,1204108.613,2,0.2.0,6203,0,http://github.com/liquidm/z-http-request
zhulei-canonical-rails,43421.14325,5,1.0.1,7693,0,https://github.com/zhuleichina/canonical-rails
zhuna,0,1,0.1.0,1976,0,
zidian,10594249.66675,5,0.3.0,17886,0,http://github.com/bastien/zidian
ziffern,9166040.569555556,10,1.1.5,23007,0,https://github.com/alcesleo/ziffern
zify,359.583,2,0.1.1,4237,0,https://github.com/l3x/zify
zig,197234.2135,3,0.0.3,9636,0,https://github.com/tlossen/zig
zig_example,317242.64574999997,9,0.4.0,2854,0,https://gitlab.com/fjc/ruby-zig_example
zigexn_solr-ruby,7440714.598,3,0.0.3,6517,0,https://github.com/ZIGExN/zigexn_solr-ruby
Ziggeo,9636662.962913042,24,2.30,165472,0,https://ziggeo.com
ziggrin_palindrome,1056.997,2,0.2.0,2804,0,https://github.com/ziggrin/gem
ziggy,0,1,0.1.7,4559,0,http://github.com/opsb/ziggy
zigzagcasy,4357328.029,2,0.1.1,2834,0,https://github.com/CIRCLECI-GWP/zigzagcase
zigzag_rickon,0,1,0.1.2,2609,0,https://gitlab.com/dosuken123/zigzag_rickon
zik,7995714.467,4,0.17.1,13691,0,http://zik.rubyforge.org/git?p=zik.git;a=tree
zikaron,810869.1207142856,8,0.3.0,21507,0,""
zikode-jekyll-theme,0,1,0.1.1,1017,0,http://typographics.co.za/oss/zikode-jekyll-theme/
zikrash,548516.8405,3,1.1.0,4900,0,https://github.com/ErGisler/zikrash
zilch-authorisation,0,1,0.0.1,112789,0,https://github.com/robyurkowski/zilch-authorisation
zilkey-active_api,1.778,2,0.2.0,5648,0,http://github.com/zilkey/active_api
zilkey-active_hash,2.0453333333333332,7,0.6.1,17111,0,http://github.com/zilkey/active_hash
zilkey-auto_tagger,1.787375,9,0.0.9,21648,0,http://github.com/zilkey/git_tagger/tree/master
zilkey-delayed_job,0,1,1.7.1,3381,0,http://github.com/tobi/delayed_job/tree/master
zilla,443248.8178888889,10,0.2.3,3241,0,https://openapi-generator.tech
zillabyte,312971.80543956044,92,0.9.51,233229,0,http://www.zillabyte.com
zillabyte-cli,314776.50186666666,91,0.9.51,231861,0,http://www.zillabyte.com
zillace,310.912,2,0.0.2,411,0,https://codeberg.org/gemmaro/zillace.git
zillion,4580062.953600001,16,0.1.7,32042,0,
zilliqa,16297745.964666666,7,0.1.7,10446,0,https://github.com/mechanizm/zilliqa
zillow4r,76046.463,2,0.1.1,10146,0,http://github.com/chingor13/zillow4r
zillow_api,2333823.6330000004,3,0.3,7627,0,http://rubygems.org/gems/zillow_api
zillow_demographics,357476.17625,5,0.0.5,15874,0,""
zillower,3980476.105,3,0.0.0.beta,7317,0,https://gitlab.com/dsosedov/zillower
zillow_ruby,10453864.659,3,0.0.3,10576,0,https://github.com/MikeEmery/zillow-ruby
ziltoid,57145003.1935,3,1.0.2,7168,0,https://github.com/meuble/ziltoid
zilverline-mt940,266.574,2,2.0,5892,0,https://github.com/zilverline/mt940
zim2epub,0,1,1.0.1,4628,0,https://github.com/chrisistuff/zim2epub
zimbatm-monkeypatch,2.2955,3,0.1.2,7929,0,http://github.com/zimbatm/ruby-monkeypatch
zimbra,57721675.236,3,0.0.6,9680,0,https://github.com/gdi/ruby-zimbra
zimbra_intercepting_proxy,486281.4375,9,0.0.5.2,20554,0,https://github.com/pbruna/zimbra_intercepting_proxy
zimbra-rest-api,0,1,0.1.9,2851,0,https://github.com/pbruna/zimbra-rest-api
zimbra-soap-api,16654.996,2,0.7.9,5956,0,https://github.com/pbruna/ruby-zimbra
zimbra_wall,0,1,0.1,2676,0,https://github.com/pbruna/zimbra_wall
zimbra_wsdl,1800734.357,2,0.0.3,7316,0,""
zimbreasy,281634.60125,5,0.0.5,14455,0,https://github.com/bhgames/zimbreasy
zimdb,772767.2195,3,0.0.3,10502,0,https://github.com/indrode/zimdb
zimdel,1251975.003,5,0.2.1,9045,0,https://github.com/skateman/zimdel
zimilar,19825481.463,4,0.0.4,9972,0,https://github.com/lotherk/zimilar
zimki,40517922.317,2,0.0.2,6901,0,https://github.com/matthias-guenther/zimki
zimmermann-base32,0,1,0.1.0,11104,0,https://www.github.com/jamesdphillips/zimmermann-base32
zim-ruby,0,1,1.0.1,4643,0,https://github.com/chrisistuff/zim-ruby
zimt,229055.9555,5,0.0.5,16718,0,https://github.com/zimt/zimt
zinc,0,1,0.1.0,3784,0,https://github.com/orangejulius/zinc-ruby
zinc-api,867739.7657999999,6,0.0.6,9841,0,https://github.com/tophatter/zinc-api-ruby
zindosteg,48887105.671,2,1.0.1,1617,0,https://github.com/zindorsky/zindosteg-ruby
zine,11964314.417944444,19,0.20.0,25304,0,https://codeberg.org/kreuzer/zine
zine_brewer,1842984.194409091,23,1.13.1,28008,0,https://github.com/akinori-ichigo/zine_brewer
zinfinit-actionwebservice,0,1,2.3.4.2,5180,0,http://github.com/zinfinit/actionwebservice
zing,8630388.883200001,6,0.3.1,19047,0,http://github.com/samchandra/zing
zing-download,0,1,0.0.1,3242,0,http://rubygems.org/gems/hola
zint,63454885.118499994,5,0.0.5,14328,0,http://rubygems.org/gems/zint
zinv,19613764.969,7,0.2.1,11754,0,https://gitlab.com/svdasein/zinv
zinx,132503.5066,6,0.0.6,19253,0,https://github.com/gabrielhora/zinx
zinzout,44686856.324,2,0.1.1,5272,0,https://github.com/billdueber/zinzout
zio,12559352.538999999,4,0.0.4,8921,0,http://your.website.com
zion,0,1,0.0.1,3731,0,""
zion_data,0,1,0.1.0,2294,0,http://rubygems.org/gems/zion_data
zip,0,1,2.0.2,3567399,0,http://github.com/postmodern/rubyzip2
zip2tz,1893.356,2,0.1.1,3732,0,https://github.com/covermymeds/zip2tz
zip5,69886408.586,2,0.0.2,6405,0,https://github.com/seamusabshere/zip5
zip64writer,11757813.236,2,0.0.2,18943,0,http://github.com/geoffyoungs/zip64writer
zipang,0,1,0.0.1,56111,0,https://github.com/halenohi/zipang
zipbundler,1084.131,4,0.2.3,7106,0,https://github.com/Le0Michine/ruby-zipper
zipclouder,0,1,1.0.0,3256,0,https://github.com/tanayuk/zipclouder
zipcode,0,1,0.1.0,4717,0,""
zip_code,32770.8365,3,0.1.4,5316,0,https://github.com/kevin521024/zip_code
zipcode-at,0,1,1.0.0,5945,0,https://github.com/timoschilling/zipcode-at
zipcode-ch,0,1,1.0.0,5930,0,https://github.com/timoschilling/zipcode-ch
zipcode-cleaner,0,1,0.1.0,2462,0,""
zipcodecoords,0,1,1.0.0.0,4555,0,http://github.com/mikeobrien/ZipCodeCoords
zipcode-db,0,1,1.0.0,14293,0,https://github.com/lloeki/zipcode-db
zipcode-de,0,1,1.0.0,5987,0,https://github.com/timoschilling/zipcode-de
zipcode-fr,17107344.26925,5,1.2.0,19146,0,https://github.com/lloeki/zipcode-fr
zip-code-info,43695062.550333336,4,0.2.1,51704,0,http://github.com/monicao/zip-code-info
zipcode_ja,60461411.1965,5,0.2.1,71358,0,https://github.com/mizoR/zipcode_ja
zip_code_jp,22630231.3226,6,0.0.6,206050,0,https://github.com/tanihiro/zip-code-jp
zipcode_locator,344563.663,2,0.1.2,4665,0,https://github.com/anildias/zipcode_locator
zipcode_lookup,0,1,0.1.0,3109,0,https://github.com/abhijitsinha/zipcode_lookup
zipcodematch,0,1,1.0,5659,0,http://github.com/csiszarattila/zipcodematch
zipcoder,1350347.098142857,22,0.9.2,49234,0,https://github.com/e2technologies/zipcoder
zipcode-rack,2568038.611666667,4,1.2.1,17104,0,https://github.com/lloeki/zipcode-rack
zip-codes,76828667.628,5,0.3.1,1942795,0,https://github.com/monterail/zip-codes
zipcodeservices,1849311.588,6,0.0.5,15149,0,http://github.com/vulk/zipcodeservices
zipcode_zh_cn,383.6345,3,0.1.2,7388,0,https://github.com/a598799539/zipcode_zh_cn
zipcodr,0,1,0.0.2,4328,0,http://wa3l.heroku.com
zip-container,21953852.03409091,12,4.0.2,45542,0,https://github.com/myGrid/ruby-zip-container
zip_content_comparator,0,1,0.1.0,4469,0,http://github.com/jeznet/zip_content_comparator
zip_dir,3346130.1335,5,0.1.5,15667,0,https://github.com/FinalCAD/zip_dir
zip_dsl,3880760.404136364,23,1.5.1,61380,0,http://github.com/shvets/zip_dsl
zipeador,0,1,0.1.1,2021,0,https://github.com/alfml/zipeador
zipf,5787130.2835,11,1.2.6,25199,0,http://simianer.de
zipfian,1357844.497,3,0.0.3,10312,0,https://github.com/junegunn/zipfian
zipfinder,0,1,0.0.1,6340,0,http://zipfinder.me
zipfips,339486.789,8,0.2.0,17189,0,https://rubygems.org/gems/zipfips
zip_folder,0,1,0.1.0,152573,0,https://github.com/boltops-tools/zip_folder
zipfy,95634.48325,5,1.1.0,9044,0,https://github.com/bjubes/ziphy
zip_generator,0,1,0.0.1,3157,0,https://github.com/ankitakanitkar/zip_generator
zip_geo_jp,0,1,0.1.0,2590,0,https://github.com/toshiya-horie/zip_geo_jp
zipit,12334441.423666665,7,0.3.6,24139,0,http://github.com/shvets/zipit
zip-js,94142879.535,3,0.2.1,8078,0,https://github.com/emn178/zip-js
zipkin,8116177.1065,19,1.6.3,168375,0,https://github.com/salemove/zipkin-ruby-opentracing
zipkin_query,4145466.545,3,0.0.4,7962,0,https://github.com/zhaoxuan/zipkin_query
zipkin-query,1675835.4306666665,4,0.1.0,13006,0,https://github.com/twitter/zipkin
zipkin-tracer,3395529.8873111107,91,0.48.0,2060219,0,https://github.com/openzipkin/zipkin-ruby
zip_kit,534369.9716,6,6.3.0,12885,0,
zipline,15004392.552666668,22,2.0.0,1951624,0,http://github.com/fringd/zipline
ziplist,0,1,0.0.1,4204,0,""
zipload,0,1,0.1.0,2411,0,https://github.com/abdullahselek/zipload
ziplocator,0,1,0.0.1,3297,0,https://github.com/anoobbava/ziplocator
ziplookup,0,1,1.0.0,4752,0,
zipmark,10594939.72725,9,0.1.0,25412,0,https://github.com/zipmark/zipmark-ruby
zip_meta,0,1,0.5,8547,0,https://github.com/nzaillian/zip_meta
zipme-thinking-sphinx,0,1,1.3.14,4747,0,http://ts.freelancing-gods.com
zip_money,0,1,1.2.1,33068,0,https://github.com/zipMoney/merchantapi-ruby
zipMoney,17905720.69825,5,1.0.8,64852,0,http://zipmoney.com.au
zipmoney_merchantapi,0,1,1.0.1,2433,0,https://github.com/zipMoney/merchantapi-ruby
zipography,430956.562,2,0.0.2,3662,0,https://github.com/gromnitsky/zipography
zipper,16983.0902,6,0.1.5,20430,0,http://mysterioustrousers.com/
zipping,13405439.0822,6,0.2.8,15083,0,https://github.com/nekojarashi/zipping
zipply,0,1,0.0.1,4070,0,https://github.com/roboteti/zipply
zippo,68043309.202,2,0.2.1,7401,0,https://github.com/JonathonMA/zippo
zippopotamus,0,1,0.0.1,3271,0,https://github.com/rmm5t/zippopotamus
zippopotamus-client,438468.665,2,0.2.0,15764,0,https://github.com/rcugut/zippopotamus-ruby-client
zippy,50158692.23533333,4,0.2.3,148998,0,http://github.com/toretore/zippy
zippyshare,0,1,1.1,2079,0,https://github.com/yoru/zippy
zippy_static_cache,0,1,0.0.1,3715,0,https://github.com/zhusee2/zippy_static_cache
zipr,11308941.893714285,8,0.4.1,11592,0,https://github.com/amunoz951/zipr
zip_recruiter,13016595.399500001,3,1.1.2,9164,0,https://github.com/adamdunson/zip_recruiter
zipruby,427039.0361351351,38,0.3.6,2501180,0,http://zipruby.rubyforge.org
zipruby1.8,55903.042,3,0.3.6,17001,0,http://zipruby.rubyforge.org
zipruby1.9,38317.05933333333,4,0.3.6,23332,0,http://zipruby.rubyforge.org
zip_search,1034271.956,2,0.2.0,5092,0,http://mackinleysmith.com/
zipster,411946.363,2,0.1.0,7852,0,http://rubygems.org/gems/zipster
zipstream,8135293.104833334,7,0.1.3,23110,0,http://github.com/sj26/zipstream
ziptastic,0,1,0.1.0,6888,0,https://github.com/ezkl/ziptastic
ziptastic_api,1809960.048,2,0.2,8153,0,https://github.com/TiteiKo/ziptastic_api
ziptax,45591.565,2,0.0.2,5739,0,https://github.com/brycemcd/ziptax
zip_tax,0,1,1.0.0,37753,0,https://github.com/genericsteele/zip_tax
ziptedu,0,1,0.1.0,3078,0,https://github.com/kalmanh/ziptedu
zip_to_timezone,71372738.83825,5,0.2.0,19969,0,http://github.com/rgarver/zip_to_timezone
zip_tricks,3888907.9851463414,42,5.6.0,12479857,0,https://github.com/wetransfer/zip_tricks
ziptz,3006467.472177778,91,5.0.0,2830847,0,http://github.com/infused/ziptz
zipwhip,414375.145,2,0.0.4,78509,0,http://yurinbo.wordpress.com
zip-zip,5975414.4476666665,4,0.3,27248900,0,https://github.com/orien/zip-zip
zircon,7100828.534285715,8,0.0.8,25158,0,https://github.com/r7kamura/zircon
zirconia,415164.13450000004,3,0.1.2,786,0,https://github.com/apexatoll/zirconia
zit,434346.967,3,0.0.3,8467,0,https://github.com/apanzerj/zit
zitdunyet,1383531.669,3,0.1.0,10268,0,https://github.com/spokesoftware/zitdunyet/
zitgit,1011762.3546666666,4,0.1.1,11586,0,https://github.com/rsludge/zitgit
ziya,2956443.3601538464,14,2.3.0,81598,0,http://ziya.liquidrail.com/
zizia,936028.9134571428,36,6.0.1,59048,0,
zizu,0,1,0.0.1,3869,0,http://github.com/stephenhu/zizu
zk,6811096.957125,49,1.10.0,3591033,0,https://github.com/slyphon/zk
zkafka,0,1,0.1.0,2824,0,http://github.com/barraquda/zkafka
zk_client,1877582.5678333333,7,0.5.3,16228,0,https://git.autodesk.com/EIS-EA-MOJO/zk_client
zkclient-jars,3814500.217,2,0.8.0.2,5408,0,""
zk-eventmachine,1589191.740631579,20,1.0.2,65890,0,https://github.com/slyphon/zk-eventmachine
zkexec,0,1,0.0.1,3594,0,""
zk-group,0,1,0.1.1,4140,0,https://github.com/slyphon/zk-group
zk-jira-ruby,5810.368,2,2.1.6,6517,0,https://github.com/erick-martins/zk-jira
zklib,0,1,1.0.0,3353,0,https://github.com/anhtrantuan/zklib-ruby
zk_recipes,1442709.3011428572,8,0.2.3,15166,0,https://github.com/nerdrew/ruby-zk_recipes
zkruby,21196244.186333332,4,3.4.3,12639,0,https://github.com/lwoggardner/zkruby
zk-ruby-zookeeper_jar,0,1,3.4.5,3712,0,https://github.com/zk-ruby/zookeeper_jar
zk-server,7217488.840933334,16,1.1.8,69739,0,http://github.com/slyphon/zk-server
zk_service,0,1,0.0.1,4210,0,""
zksync,0,1,0.1.0,2332,0,http://github.com/jonasacres/zksync
zlainsw-simple-rss,0,1,1.2.3,4607,0,http://github.com/zlainsw/simple-rss
zlib,25609528.139,9,3.1.0,4884525,0,https://github.com/ruby/zlib
zlib_base64_urlsafe,117.334,2,0.1.1,7155,0,https://github.com/arronmabrey/zlib_base64_urlsafe
zlib-basecamp-patch,0,1,1.1.1,8941,0,https://github.com/ruby/zlib
zlib-crc32_combine,26602412.438,3,1.0.2,11639,0,http://github.com/loe/zlib-crc32_combine
zlib-socs,0,1,0.1,3557,0,http://google.com
zliby,0,1,0.0.5,232411,0,http://zliby.rubyforge.org/
Zliby,0,1,0.0.5,25335,0,http://zliby.rubyforge.org/
zlide,0,1,0.0.1,3867,0,https://github.com/oneiros/zlide
zlk,352559.115,2,0.2.1,3729,0,https://github.com/mainameiz/zlk
zlocalize,16584267.241058823,18,6.0.7,24112,0,https://github.com/zzeligg/zlocalize
zlog,4439788.4421999995,6,0.9.2,16177,0,https://github.com/arlimus/zlog
zlogger,2656055.802,2,0.1.0,5657,0,https://github.com/mobiledataanywhere/zlogger
zlogs,0,1,0.1,3487,0,""
zlown,5975.641333333333,4,0.0.4,8477,0,""
zlx_hacker_term,1836.1153333333332,4,1.0.1,12057,0,https://github.com/zlx/hacker_term
zmachine,2041142.6111,11,0.4.3,29270,0,https://github.com/liquidm/zmachine
zmack-ultraviolet,0,1,0.10.2,4628,0,http://ultraviolet.rubyforge.org
zmalltalker-oauth,0,1,0.3.1.7,3417,0,http://oauth.rubyforge.org
zmalltalker-stomp,1.756,2,1.1,5693,0,http://stomp.codehaus.org/
zmanim,22111354.790666666,7,0.5.0,21816,0,https://github.com/pinnymz/ruby-zmanim
zmb,1778079.034857143,8,0.3.2,28317,0,http://github.com/kylef/zmb
ZMediumToMarkdown,772492.2849740259,78,2.3.6,43507,0,https://github.com/ZhgChgLi/ZMediumToMarkdown
zmeygo,0,1,0.1,4265,0,http://zmeygo.com
zmeygo_sync,36268.114499999996,3,0.22,10402,0,http://zmeygo.com
zmldifexport,0,1,0.2.2,2199,0,https://git.zboxapp.com/ZBox/zmldifexport
zmonitor,0,1,1.0.11,4160,0,https://github.com/liliff/zonitor
zmq,8359634.811142856,8,2.1.4,90391,0,http://github.com/zeromq/rbzmq
zmq_jobs,1459772.6724999999,3,0.0.1.alpha3,8423,0,https://github.com/undr/zmq_jobs
zmqjsonrpc,166419.48,2,0.1.1,5679,0,https://github.com/bisdn/zmqjsonrpc
zmqmachine,5828506.306,8,0.7.1,38134,0,http://github.com/chuckremes/zmqmachine
zmqp,0,1,0.0.1,4479,0,http://github.com/arvicco/zmqp
zm-ruby-client,1862230.179111111,19,2.2.0,4629,0,https://github.com/RaoH37/zm-ruby-client
zn,24901.83,3,0.1.2,5528,0,https://website.zn.todo
znz-gitpub,1.841,2,0.1.1,5620,0,http://github.com/znz/gitpub
zoanthid,181916.031,3,0.1.2,8951,0,https://github.com/benhamill/zoanthid
zobbix,107884.9635,5,0.1.0,25974,0,https://github.com/mediaslave24/zobbix
zobi,25158738.884400003,6,5.0.0,18002,0,https://github.com/klacointe/zobi
zobjinspect,0,1,1.0.0,4599,0,http://zobjinspect.rubyforge.org
zocial,1894993.3985000001,3,0.0.3,12695,0,https://github.com/adamstac/zocial
zocial-buttons-rails,0,1,0.0.1,3616,0,https://github.com/Sovietaced/zocial-buttons-rails
zocial-rails,28369171.750666667,4,1.0.6,16682,0,https://github.com/jeffleeismyhero/Zocial-Rails
zodiac,20115112.217583332,13,0.2.10,134135,0,http://github.com/7even/zodiac
zodiac_sign,0,1,0.1.0,1977,0,https://github.com/kellypowers/zodiac
zoe,0,1,0.1.0,3752,0,http://github.com/42floors/zoe
zofy,0,1,1.0.0,3711,0,http://zofy.vn
zog,235.427,3,0.4.2,7154,0,https://github.com/lyjia/zog
zohax,167468.874,3,0.0.3,9974,0,https://github.com/domness/zohax
zoho,0,1,0.0.1,5450,0,http://github.com/paulvictor/zoho.git
zoho_books,426390.1622352941,18,0.0.46,5849,0,https://rubygems.org/gems/zoho_books
zoho_campaigns,0,1,0.0.1,221,0,https://rubygems.org/gems/zoho_campaigns
zoho_crm,6859006.720000001,6,1.0.5,13290,0,""
zoho-crm,0,1,0.1.0,1969,0,https://gitlab.org/touchinspiration/zoho_crm
ZohoCRM_Client,0,1,0.0.0,319,0,https://www.zoho.com/crm/
ZOHOCRMSDK2_0,8514476.067333333,7,6.1.0,22646,0,https://github.com/zoho/zohocrm-ruby-sdk-2.0
ZOHOCRMSDK2_0_docgo,0,1,6.2.0,345,0,https://github.com/AmbulnzLLC/zohocrm-ruby-sdk-2.0-docgo
ZOHOCRMSDK2_1,19696174.472,3,2.0.0,16651,0,https://github.com/zoho/zohocrm-ruby-sdk-2.1
ZOHOCRMSDK5_0,11899514.956,2,2.0.0,387,0,https://github.com/zoho/zohocrm-ruby-sdk-5.0
ZOHOCRMSDK6_0,5049570.7584999995,3,3.0.0,533,0,https://github.com/zoho/zohocrm-ruby-sdk-6.0
zohoho,66781.843375,9,0.2.5.4,29048,0,http://github.com/kwhite/zohoho
zoho_hub,2554915.8367931037,59,0.4.2,179236,0,https://github.com/rikas/zoho_hub
zoho_inventory,1064.704,3,0.1.2,4630,0,
zoho_invoice,937170.7951538463,14,0.3.5.2,38078,0,https://github.com/neovintage/zoho_invoice
zohoProjects,3404149.7736666664,4,0.0.7,10284,0,""
zoho_reports,167610.91449999998,3,0.0.5,11528,0,""
zoho_ruby,3364965.0576,6,0.0.6,20341,0,""
zoho-sdk,5124036.896333333,4,1.0.0,6113,0,https://github.com/paulholden2/zoho-sdk
zoho_service,0,1,0.0.1,1606,0,""
zoho_sign,28281910.4035,3,0.2.1,22714,0,https://github.com/wecasa/zoho_sign
zoho-subscription-api,30864.868,4,0.1.3,7108,0,https://github.com/saurabhgulati
zoho-subscriptions,0,1,0.1.0,22521,0,https://github.com/payrollhero/zoho-subscriptions
zoho_tools,73525.526,2,1.0.0,897,0,https://github.com/lubosch/zoho_tools
zoho_wrapper,198424.107,2,0.0.6,6188,0,http://github.com/marcelorxaviers/zoho_wrapper
zoi,5018708.27325,9,0.1.7,9829,0,https://github.com/9sako6/zoi
zoid,46677.67483333333,7,0.3.0,148564,0,https://github.com/shiroyasha/zoid
zoidberg,2149367.4683,11,0.3.0,24598,0,https://github.com/spox/zoidberg
zokor,1442.0355,3,0.2.3,6728,0,https://github.com/ab/zokor
zoku,0,1,0.0.1,2379,0,https://github.com/DivXZero/zoku.git
zola,0,1,0.1.0,3075,0,https://github.com/andela-aoduola/zola
zolaposta,0,1,0.1.1,272,0,https://codeberg.org/nullpotential/zolaposta
zold,567968.5069753845,326,0.31.8,479573,0,http://github.com/zold-io/zold
zold-ruby-sdk,28174087.8052,6,0.3.0,9459,0,http://github.com/zold-io/zold-ruby-sdk
zold-score,9151107.9239375,17,0.5.0,29260,0,http://github.com/zold-io/zold-score
zold-stress,2126049.108,10,0.7.0,15116,0,http://github.com/zold-io/zold-stress
zomato,0,1,0.0.1,5302,0,https://github.com/chirantan/zomato
zomato2,0,1,0.2.0,2503,0,https://github.com/miguelzf/zomato2
zomba,2248227.276,2,0.5.2,5842,0,https://github.com/alybadawy/zomba
zombees,85091.162,2,0.0.2,6323,0,https://github.com/zombees/zombees
zombie,0,1,0.0.1,4407,0,""
zombie_apocalypse,10865.746,2,0.0.2,7032,0,""
zombie_battleground-api,66829.333,13,0.7.1,18077,0,https://github.com/watmin/zombie_battleground-api
zombie-chaser,3599384.1280000005,4,0.1.0,14940,0,http://andrewjgrimm.wordpress.com/2009/11/08/declare-war-on-everything-with-chaser/
zombie_check,383897.26399999997,3,0.1.3,7219,0,https://github.com/kvokka/zombie_check
zombie_fans,0,1,0.2.0,2502,0,https://github.com/bbtfr/zombie-fans
zombie-killer,41494702.07066666,4,0.5,8449,0,https://github.com/yast/zombie-killer
zombie_passenger_killer,8534830.64075,13,0.4.0,39880,0,https://github.com/grosser/zombie_passenger_killer
zombie_record,19066141.214133333,16,1.7.0,27623,0,https://github.com/zendesk/zombie_record
zombie_scout,17099725.203599997,6,0.0.6,53872,0,https://github.com/danbernier/zombie_scout
zombie_writer,21387538.5175,3,0.3.0,5972,0,https://github.com/tra38/ZombieWriter
zombify,0,1,0.1.0,4610,0,http://github.com/romaind/zombify
zombo,0,1,0.0.1,1864,0,https://github.com/kerrizor/zombo
zombodb_rails,0,1,0.0.1,1541,0,https://rubygems.org/gems/zombodb_rails
zomg,0.5,3,1.0.2,11993,0,http://zomg.rubyforge.org/
zomgit,721.722,2,0.0.2,5837,0,https://github.com/RobertAudi/zomgit
zomgjeweler,0,1,0.0.0,4731,0,http://github.com/technicalpickles/zomgjeweler
zomgrss,2265.573,2,1.1.0,8038,0,http://github.com/febuiles/zomgrss
zonebie,25905696.7114,6,0.6.1,1213387,0,https://github.com/alindeman/zonebie
zonebie-info,154039.12440000003,6,0.0.10,13426,0,https://github.com/tpbowden/zonebie-info
zone_detect,224560.894,3,0.3.0,19321,0,https://github.com/fishbrain/zone_detect
zonefile,48741005.9956,6,1.06,4324631,0,http://zonefile.rubyforge.org/
zoneless_time,11835394.2122,6,1.0.1,19000,0,https://github.com/smangelsdorf/zoneless_time
zonemon,0,1,0.0.0,1907,0,https://www.spettl.com/
zone_ranger,99277329.592,2,0.0.3,6082,0,https://github.com/Rigor/zone_ranger
zones,27019753.024833333,7,1.1.0,5136,0,https://github.com/shreeve/zones
zonesync,626751.2773636364,12,0.6.1,2308,0,https://github.com/botandrose/zonesync
zoney,758.2035,3,0.1.2,4742,0,https://www.github.com/kenyonj/zoney
zonify,11136301.673636364,12,0.4.9,32258,0,https://github.com/airbnb/zonify.git
zonomi,0,1,0.0.1,4150,0,http://github.com/rubycluster/zonomi
zoo_digital_view_tool,0,1,0.1.0,2176,0,https://zoodigital.biz
zoo-generators,7550.171799999999,6,0.1.5,20140,0,http://github.com/mhenrixon/zoo-generators
zookal_magento_rest_api,830816.047,3,0.0.3,8242,0,https://github.com/Zookal/zookal-magento-rest-api
zookeeper,4155784.917469388,99,1.5.5,10338131,0,https://github.com/slyphon/zookeeper
zookeeper-jars,0,1,3.4.6,6838,0,""
zookeeper-ng,13216403.227500001,3,1.5.2.1,3671,0,https://github.com/slyphon/zookeeper
zool,4591668.0282499995,5,0.1.4,18514,0,http://github.com/paukul/zool
zoolander,0,1,0.1,4120,0,http://github.com/johnnypez/zoolander
zoolander-rails,0,1,0.1.1,2421,0,https://github.com/jyoung488/zoolander-rails-gem
zooline,2448.145,2,0.0.3,7482,0,http://github.com/clodeindustrie/zooline
zoology,0,1,0.1,3977,0,https://github.com/campanja/zoology
zoom,63703047.42166666,4,0.5.0,22183,0,http://ruby-zoom.rubyforge.org
zoom_api,0,1,0.1.0,1670,0,https://github.com/tcd/zoom_api
zoomba,55789.019,2,0.1.1,4008,0,https://github.com/riggy/zoomba
zoomeye,16192.5818,6,0.0.6,12200,0,https://github.com/CharellKing/zoomeye
zoomeye-rb,47955045.847,2,0.2.0,10974,0,https://github.com/ninoseki/zoomeye-rb
zoomifier,0,1,1.3,4637,0,
zoomify,1131029.4339,11,1.1.0,23465,0,https://github.com/fakhir-shad/zoomify
zoominfo,0,1,0.1.0,4792,0,""
zoominfo-ruby,6727439.6662,6,0.0.7,14903,0,http://github.com/exitround/zoominfo-ruby
zooming-proxy,4143930.70525,5,0.4.1,10059,0,https://blendle.com
zoomit,129037.334,2,0.0.2,7855,0,http://github.com/tobmatth/zoomit
zoom_launcher,3535623.196,3,0.2.0,6971,0,https://github.com/benbalter/zoom-launcher
zoom_markazuna,0,1,0.10.0,1985,0,https://github.com/kadriansyah/zoom_rb
zoomq,624356.0486666666,4,0.2.1,11378,0,https://github.com/madvertise/zoomq
zoom_rb,6914638.75232,26,1.1.11,820677,0,https://github.com/hintmedia/zoom_rb
zoom_slack,334881.7145,3,0.0.3,4726,0,https://github.com/bwebster/zoom_slack
zoomus,12493996.868166668,13,0.7.0,122969,0,https://github.com/mllocs/zoomus
zoom_us,0,1,0.1.1,1827,0,https://github.com/swagger-api/swagger-codegen
zooniverse_data,3105987.6416785712,29,1.0.2,67112,0,https://github.com/zooniverse/zooniverse_data
zooniverse_social,21858013.8863,11,1.3.1,20755,0,https://github.com/zooniverse/Social
zoop,4909676.765857142,8,0.3.5,13238,0,https://zoop.co/
zoo_pass,1708844.769,2,0.0.2,7159,0,https://github.com/mathias/zoo_pass
zoopla,203822.08583333332,7,0.2.3,23193,0,""
zooplankton,19493531.135,6,1.3.0,18716,0,https://github.com/benhamill/zooplankton
zooppa_api,7946684.393499999,3,0.0.6,8034,0,http://github.com/soeffing/zooppa_api
zooppa_api_v3,409858.62422222225,10,0.1.0,23169,0,""
zooqle_search,631522.2163333333,4,1.0.1,9750,0,https://github.com/iovis9/zooqle_search.git
zoo-service-discovery,3303406.3335,5,1.2.0,13456,0,http://uniqsystems.ru/
zoo_stream,18168.677,2,1.0.1,14579,0,https://github.com/zooniverse/zoo_stream
zootool,0,1,0.1.0,4534,0,http://github.com/ryanmauer/zootool
zooz,656289.186,2,1.0.2,7289,0,https://github.com/Miniand/zooz-ruby
zooz_payments,0,1,0.0.1,3640,0,""
zopen,30958671.774000004,3,1.0.2,7807,0,http://bitbucket.org/lyro/zopen
zopfli,35220143.618857145,8,0.1.0,110150,0,http://github.com/miyucy/zopfli
zopfli-bin,20769361.981,2,0.2.0,5554,0,http://github.com/chetan/zopfli-bin
zopfli-ffi,4313928.264,2,0.1.1,5599,0,http://leopard.in.ua/zopfli-ffi
zopim_rails,23929847.412750002,9,1.9.1,36755,0,https://github.com/wittawasw/zopim_rails
zorc,0,1,0.0.1,3606,0,""
zorglub,24518121.137222223,10,0.1.0,28222,0,https://github.com/jeremyz/zorglub
zorki,2683424.7457,11,0.1.22,2976,0,
zoro,7521622.5925,5,0.0.5,14136,0,https://github.com/PayTrace/zoro
zorro,15073362.893,2,0.0.3,5723,0,https://github.com/zigotto/zorro
zorros-deploy,572276.1930000001,4,0.0.4,13784,0,https://github.com/Zorros/zorros-deploy
zote,0,1,1.0.0,234,0,https://github.com/flanger001/zote
zotero,0,1,0.2.1,2090,0,https://github.com/micapam/zotero
zotica,5239985.001,9,1.7.0,13533,0,https://github.com/Ziphil/ZenithalMathWeb
zotplus-rakehelper,369796.4562992701,138,0.0.157,292589,0,http://zotplus.github.io
zot-rails,1082191.5824999998,3,0.1.4,5717,0,https://piramid.studio
zozo,0,1,1.0.0,4655,0,http://github.com/jeremyevans/zozo
zparser,0,1,0.0.1,3315,0,http://findmynewhome.co
zpdf,33386458.0968,6,6.0.0,11850,0,https://github.com/schmlblk/zpdf
zph,0,1,0.0.1,3674,0,""
zphumza_first_gem,0,1,0.1.0,2468,0,https://github.com/zPhumzani/zphumza_first_gem
Zpl,427.427,2,0.0.2.1,6582,0,https://github.com/scottdevries/Zpl
zpl-scaler,0,1,0.1.0,1889,0,https://github.com/bew/zpl-scaler.rb
zpl-transformer,1019243.8556,6,0.4.0,9590,0,https://github.com/cheerz/zpl-transformer.rb
zpng,16654397.441761905,22,0.4.5,287816,0,http://github.com/zed-0xff/zpng
zpoder,1066.962,3,0.1.2,5168,0,https://github.com/dacaiguoguo/zpoder.git
zq,986957.5875,3,0.2.0,8307,0,https://github.com/kairichard/zq
zqframeworkOH,0,1,1.0.1,3795,0,""
zquickblox,1830073.2960833332,13,1.0.4,27603,0,https://github.com/zelic91/zquickblox
zrb,10281572.488,3,1.1.1,6684,0,https://github.com/judofyr/zrb
zrcon,147589.307,4,0.0.4,6508,0,https://github.com/alibby/zrcon
zreact-redux-rails,142179.99,2,3.6.0.5,4495,0,https://github.com/zelic91/zreact-redux-rails
zreact-router-rails,0,1,2.8.1,4071,0,https://github.com/zelic91/react-router-rails
zresume,495530.32149999996,3,0.1.1,8927,0,""
ZReviewTender,1044905.29371875,33,1.3.8,44903,0,https://github.com/ZhgChgLi/ZReviewTender
zrp_validates_cpf_cnpj,0,1,0.2.0,3921,0,https://bitbucket.org/zrpwebcreations/zrp_cpf_cnpj.git
z-rqr,60673040.8225,3,0.2.5,12077,0,http://github.com/zzzhc/rqr
zrspec,0,1,0.1.0,3343,0,https://github.com/emn178/zrspec
zscaffold_admin,11559076.950333333,4,0.0.4,13461,0,https://github.com/vagnerzampieri/zscaffold_admin
zscan,11666562.567105263,20,2.0.9,45652,0,https://github.com/luikore/zscan
zscheduler,20878031.985999998,8,0.0.8,717006,0,https://github.com/eranb/zscheduler
zser,5956200.439,2,0.0.1,4055,0,https://github.com/zcred/zser/tree/master/ruby/
zsession,0,1,0.0.0,2408,0,https://github.com/zcred/zcred/tree/master/ruby/
zsff,0,1,1.0.0,4573,0,
zsh_dots,916106.8999166667,13,0.6.5,36516,0,http://tubbo.github.com/dots
zslucky,57213.78044444444,19,0.8.0,32253,0,https://github.com/zslucky/jekyll-theme-zslucky
zsolo_game,0,1,1.0.0,191,0,
zspay,7918234.004777778,10,1.0.1,8988,0,""
zspec,0,1,1.0.0,1634,0,""
zss,2834003.1934545455,12,0.3.4,29169,0,https://github.com/pjanuario/zmq-service-suite-ruby
zstandard,97177.23066666666,4,0.1.3,26325,0,https://github.com/msievers/zstandard-ruby
zstd,4940101.128,2,1.1.2.1,8853,0,https://github.com/DatekWireless/zstd
zstdlib,2872104.501037736,54,0.12.0,68386,0,https://github.com/okhlybov/zstdlib
zstd-ruby,6156583.804378378,38,1.5.6.5,4438310,0,https://github.com/SpringMT/zstd-ruby
zsteg,17728184.29061111,19,0.2.13,271365,0,http://github.com/zed-0xff/zsteg
zt,0,1,0.1.1,1913,0,https://github.com/daveio/zt
ztil,1058864.7082,6,0.1.5,14731,0,https://github.com/zires/ztil
ztimer,16165330.945249999,13,1.0.0,27289,0,https://github.com/serioja90/ztimer
ztk,972605.7270232559,173,3.3.2,709341,0,https://github.com/zpatten/ztk
ztm_warszawa,535408.8200000001,6,0.1.6,10951,0,""
zto,0,1,0.0.0,1946,0,http://rubygems.org/gems/zto
ztodo,127449.43900000001,4,1.2.1,12475,0,https://github.com/andreas-sotnik/ztodo
ztools,0,1,0.0.1,2185,0,http://rubygems.org/gems/ztools
ztore,0,1,1.0.0,3568,0,http://github.com/cmichon/ztore
ztree,36304078.513000004,5,0.0.9,12484,0,https://github.com/zhimengSun/ztree
ztrening,1046401.57175,5,0.0.4.2,17871,0,http://github.com/bkrsta/ztrening
ztx,0,1,0.0.1,2635,0,https://github.com/vydao/ztx
zu,0,1,0.1,4208,0,https://github.com/exad/zu/
zubat,748083.8476666667,4,0.0.4,882,0,https://github.com/mizoR/zubat
zubi-test,0,1,0.0.1,904486,0,""
zubot,0,1,0.1.0,2631,0,http://github.com/st0012
zucchini,0,1,0.0.1,4473,0,""
zucchini-ios,4031539.145076923,14,0.7.3,40911,0,https://github.com/zucchini-src/zucchini
zuck,7791802.474454545,12,3.0.0,35293,0,http://github.com/jayniz/zuck
zucker,10674670.0176875,17,100.2.0,99016,0,https://github.com/janlelis/zucker
zuckermo,58163.122,4,0.0.4,11676,0,https://github.com/JonRowe/zuckermo
Zudoku,0,1,0.1.0,1800,0,
zueribad,59847671.788,2,0.1.1,6646,0,https://github.com/koffeinfrei/zueribad-rb
zugzug,0,1,0.0.1,3678,0,""
zug_zug,0,1,0.1.0,2246,0,https://github.com/r3trofitted/zug_zug
zugzwang,44020.27766666667,7,0.1.7,10735,0,https://www.github.com/eonu/zugzwang
zui53,0,1,0.0.2,4344,0,""
zuk-picnic,2.12125,5,0.8.1.20090501,12533,0,http://picnic.rubyforge.org
zuk-restr,1.9104999999999999,3,0.5.2,7991,0,http://restr.rubyforge.org
zulip,73813.738,2,0.0.2,6520,0,https://github.com/verg/zulip-rb
zulip-client,12536615.279,7,0.2.5,20228,0,https://github.com/okkez/ruby-zulip-client
zulip_machine,0,1,0.0.1,3604,0,https://github.com/happy4crazy/zulip_machine
zulu,219367.1105,5,0.0.5,13700,0,""
zumata,1803717.6176666666,4,0.0.4,10328,0,https://github.com/Zumata/ruby-client
zumata_v3,3048002.126,2,0.0.2,5266,0,https://github.com/Zumata/v3-ruby-client
zumobi,264234.1467142857,15,0.0.16,40393,0,http://www.zumobi.com/
zunnit,743070.3938888889,19,0.4.3,60185,0,https://github.com/busk/ruby-zunnit
zunscript,0,1,0.1.1,3286,0,https://github.com/S0lll0s/zunscript
zuora4r,1818887.5170666666,16,1.2.3,53212,0,http://github.com/cloocher/zuora4r
zuora_api,780162.6667730263,305,1.11.11,607523,0,https://connect.zuora.com
zuora_apiD,0,1,1.6.08,1945,0,https://connect.zuora.com
zuora_api_D,0,1,1.6.06,1933,0,https://connect.zuora.com
zuora_api_oauth_alpha,946852.5132500001,5,2.13,8529,0,https://connect.zuora.com
zuora-client,5575.456000000001,4,1.0.2,14558,0,http://github.com/cloocher/zuora-client
zuora_connect,390449.8415507488,602,3.2.6,1036037,0,
zuora_connectD,0,1,1.7.09,2046,0,
zuora_connect-D,0,1,1.6.10,1949,0,
zuora_connect_oauth_alpha,1893669.9555,3,2.11,5718,0,
zuora_connect_ui,1657562.8055757575,67,0.12.3,124126,0,
ZuoraHpm,208933.85166666665,4,0.2.0,5470,0,""
zuora_observability,1525453.4389333331,16,0.3.4,35016,0,
zuora_rest_client,5983082.219571428,22,1.2.2.1,75947,0,https://github.com/FronteraConsulting/zuora_rest_client
zuora-ruby,13448483.424333334,7,0.7.0,282897,0,https://github.com/contactually/zuora-ruby
zup-generator,71173.724,2,0.1.1,3727,0,http://www.zup.com.br/
zupload,0,1,0.0.1,2525,0,
zurb-awesome-buttons,0,1,0.1.0,4675,0,http://www.zurb.com/article/266/super-awesome-buttons-with-css3-and-rgba
zurb-foundation,929076.1228636364,67,4.3.2,2132997,0,http://github.com/zurb/foundation
ZURB-foundation,932092.7858750001,17,2.2.1.4,371220,0,http://foundation.zurb.com
zurb-foundation-5,0,1,5.2.2,5536,0,http://foundation.zurb.com
zurb_foundation_layouts,0,1,0.0.1,3438,0,http://openresponsive.in
zurb-ink,0,1,1.0.5,6757,0,https://github.com/johnkoht/zurb-ink
zurb-ink-rails,406.414,2,1.0.5,35911,0,https://github.com/NealKemp/snapcat
zurb-rush,0,1,0.0.1,4218,0,""
zurg,0,1,0.0.0,4624,0,https://github.com/gildo/zurg
zurl,2358110.824,2,0.0.3,5467,0,
zurp,0,1,0.1.0,2690,0,https://github.com/pierr3/zurp
zurui-sass-middleman,0,1,0.0.2,3643,0,https://github.com/mahm/zurui-sass-middleman
zurui-sass-rails,39160972.53525,5,0.1.0,43604,0,https://github.com/mahm/zurui-sass-rails
zusaar,1053969.609,2,0.0.2,28465,0,https://github.com/fukayatsu/zusaar
zutat,370121.2776666667,7,0.1.5,17066,0,https://github.com/EddyShure/zutat
zutils,2946206.61618,51,2.0.2,77159,0,http://gitlab.tjpi.jus.br/
zuul,15438808.306,11,0.2.8,31837,0,http://github.com/markrebec/zuul
zuzanky-buttercms-ruby,0,1,2.4,378,0,https://buttercms.com/docs
zvent,0,1,0.0.3,4644,0,http://github.com/austinrfnd/zvent-gem/
zvents,442917.412,2,0.1.1,5761,0,http://github.com/austinrfnd/zvents
zvv-cli,79225905.88566667,4,0.1.3,6419,0,https://github.com/PJK/zvv-cli
zway-cli,244.68666666666664,4,0.1.3,9332,0,https://github.com/jeffmcfadden/zway-cli
zwea_bot,0,1,0.1.0,1905,0,TODO: Put your gem's public repo URL here.
zweifische,0,1,1.0.1,1937,0,https://github.com/fudanchii/twofish
zweikopf,12008433.707625,9,1.0.1,33451,0,https://github.com/ifesdjeen/zweikopf
zwemwater,151040.00525000002,5,1.1.1,13940,0,https://github.com/richardvenneman/zwemwater
zwiebel,2196119.085,4,0.0.4,913,0,https://github.com/kmeyerhofer/zwiebel
zwite,0,1,1.0.0,4318,0,http://github.com/zwopple/zwite
zwr,414383.25200000004,16,0.1.7,36776,0,https://github.com/zmilojko/zwr-gem
zwwxxhbku-www-mina-errors2,0,1,0.1.1,3147,0,https://github.com/goodniceweb/zwwxxhbku-www-mina-errors2
zxcvbn,7627849.492000001,11,0.1.10,548846,0,http://github.com/formigarafa/zxcvbn-rb
zxcvbn-js,10485011.595,6,4.4.3,2060213,0,https://github.com/bitzesty/zxcvbn-js
zxcvbn-passgen,22803883.749,2,0.1.1,3983,0,https://github.com/dongtong/zxcvbn-passgen
zxcvbn-rails,63699.699,2,4.4.1.1,46487,0,http://github.com/msumit/zxcvbn-rails
zxcvbn-ruby,32249638.792125,9,1.2.0,2470803,0,https://github.com/envato/zxcvbn-ruby
zxing,30194312.6906,6,0.4.0,71012,0,http://github.com/ecin/zxing.rb
zxing_cpp,49911214.409,2,0.1.1,74791,0,https://github.com/glassechidna/zxing_cpp.rb
zxing_cpp_mac_big_sur,0,1,0.1.1,2216,0,https://github.com/glassechidna/zxing_cpp.rb
zxing_cpp_no_cmake,96095.65,2,0.1.2,3979,0,https://github.com/glassechidna/zxing_cpp.rb
zxing_web,0,1,0.1.0,2329,0,https://github.com/groovenauts/zxing_web
zx-monads,144719.32333333333,7,0.0.7,1569,0,https://github.com/thadeu/zx-monads
zx-result,374528.794,3,0.0.3,831,0,https://github.com/thadeu/zx-result
zxygem,1870.287,2,0.0.2,5593,0,http://rubygems.org/gems/zxygem
zxygemm,0,1,0.0.1,3234,0,http://rubygems.org/gems/zxygem
zxy_view_tool,0,1,0.1.0,2316,0,https://xiangyu.com
zy,0,1,0.0.1.alfa,2292,0,""
zy_crawler,0,1,0.0.1,1174,0,https://github.com/uuensky/zycrawler.git
zygote,632243.1484285714,29,0.2.15,59303,0,https://github.com/dalehamel/zygote-gem
zymurgy,0,1,0.10.0,4631,0,http://github.com/breezy/zymurgy
zync-gen,0,1,0.1.0,4544,0,https://github.com/nulayer/zync-gen
zype,412915.19584210525,20,0.20.0,29459,0,http://rubygems.org/gems/zype
ZYPodWings,582.4559999999999,3,1.0.2,4253,0,https://github.com/coderWPJ/ZYPodWings.git
zypper,978222.5619999999,4,0.3.0,13329,0,https://github.com/openSUSE/rubygem-zypper
zypper-onlinesearch,10137862.081333334,4,1.2.0,1272,0,https://github.com/fabiomux/zypper-onlinesearch
zypper-upgraderepo,11156394.1895,15,1.8.1,16902,0,https://github.com/fabiomux/zypper-upgraderepo
zypr,0,1,0.0.0.alpha.1,3093,0,https://github.com/dockyard/zypr
zyps,0.06666666666666667,16,0.7.6,55797,0,http://github.com/jaymcgavren/zyps
zyra,6041911.15075,5,1.2.0,2620,0,https://github.com/darthjee/zyra
zyre,12411868.097142857,8,0.6.0,10528,0,https://gitlab.com/ravngroup/open-source/ruby-zyre
zyte-client,2939938.2762499996,5,1.0.5,934,0,https://github.com/leandrosardi/zyte-client
zyxt,389725.055,7,0.2.2,9320,0,https://rubygems.org/gems/zyxt
zz,0,1,0.0.1,3367,0,https://github.com/zhenzhong/zz
zzamboni-things2thl,2.189,15,0.8.4,35477,0,http://zzamboni.github.com/things2thl/
zzap,2153037.296,2,0.2.0,3988,0,https://github.com/adam12/zzap
zz_bitbucket_rest_api,91543.496,4,0.1.11,6605,0,https://github.com/zulhfreelancer/bitbucket
zzdeploy,793574.3999999999,18,0.1.13,56848,0,
zz-export-pull-requests,87030.01158333333,13,0.3.17,19886,0,https://github.com/zulhfreelancer/export-pull-requests
zzf-core,82038.93,2,0.0.2,7586,0,https://github.com/benz303/zzf-core
zzheynow,0,1,0.1.0,2038,0,https://zinmoe.com
zzlink,0,1,0.0.2,2024,0,https://gitlab.com/zzlink/zzlink-ruby.git
zzot-semi-static,2.2665,5,0.0.6,12681,0,http://github.com/zzot/semi-static
zzot-zzot-semi-static,0,1,0.0.1,3589,0,http://github.com/zzot/semi-static
zzsharedlib,4591916.759333334,4,0.0.7,14011,0,
zzutil,0,1,0.0.4,4719,0,
Zzzzz,0,1,0.0.1,1211152,0,""
zzzzzz,170.0025,3,0.0.3,11270,0,""
